sample_idx,true_label,baseline_pred,occluded_pred,flipped_correct_to_wrong
0,0,0,0,False
1,0,0,3,True
2,0,0,0,False
3,0,0,3,True
4,0,0,0,False
5,0,0,0,False
6,0,0,3,True
7,0,0,0,False
8,0,0,0,False
9,0,0,0,False
10,0,0,0,False
11,0,0,3,True
12,0,0,3,True
13,0,0,0,False
14,0,0,0,False
15,0,0,0,False
16,0,0,0,False
17,0,0,3,True
18,0,0,3,True
19,0,0,3,True
20,0,0,0,False
21,0,0,0,False
22,0,0,0,False
23,0,0,3,True
24,0,0,0,False
25,0,0,0,False
26,0,0,3,True
27,0,0,3,True
28,0,0,0,False
29,0,0,0,False
30,0,0,3,True
31,0,0,3,True
32,0,0,0,False
33,0,0,3,True
34,0,0,3,True
35,0,0,3,True
36,0,0,0,False
37,0,0,0,False
38,0,0,0,False
39,0,0,3,True
40,0,0,0,False
41,0,0,0,False
42,0,0,0,False
43,0,0,0,False
44,0,0,0,False
45,0,0,0,False
46,0,0,0,False
47,0,0,0,False
48,0,0,3,True
49,0,0,0,False
50,0,0,0,False
51,0,0,0,False
52,0,0,3,True
53,0,0,0,False
54,0,0,3,True
55,0,0,3,True
56,0,0,3,True
57,0,0,0,False
58,0,0,3,True
59,0,0,0,False
60,0,0,0,False
61,0,0,3,True
62,0,0,0,False
63,0,0,0,False
64,0,0,0,False
65,0,0,3,True
66,0,0,0,False
67,0,0,3,True
68,0,0,0,False
69,0,0,3,True
70,0,0,0,False
71,0,0,3,True
72,0,0,3,True
73,0,0,0,False
74,0,0,0,False
75,0,0,3,True
76,0,0,0,False
77,0,0,0,False
78,0,0,0,False
79,0,0,0,False
80,0,0,3,True
81,0,0,3,True
82,0,0,0,False
83,0,0,0,False
84,0,0,0,False
85,0,0,0,False
86,0,0,3,True
87,0,0,0,False
88,0,0,0,False
89,0,0,3,True
90,0,0,0,False
91,0,0,0,False
92,0,0,0,False
93,0,0,3,True
94,0,0,0,False
95,0,0,0,False
96,0,0,3,True
97,0,0,0,False
98,0,0,3,True
99,0,0,3,True
100,0,0,3,True
101,0,0,0,False
102,0,0,0,False
103,0,0,0,False
104,0,0,3,True
105,0,0,0,False
106,0,0,3,True
107,0,0,0,False
108,0,0,3,True
109,0,0,0,False
110,0,0,0,False
111,0,0,0,False
112,0,0,3,True
113,0,0,3,True
114,0,0,3,True
115,0,0,0,False
116,0,0,3,True
117,0,0,0,False
118,0,0,3,True
119,0,0,0,False
120,0,0,3,True
121,0,0,3,True
122,0,0,3,True
123,0,0,0,False
124,0,0,0,False
125,0,0,0,False
126,0,0,0,False
127,0,0,3,True
128,0,0,0,False
129,0,0,0,False
130,0,0,0,False
131,0,0,0,False
132,0,0,0,False
133,0,0,0,False
134,0,0,0,False
135,0,0,3,True
136,0,0,0,False
137,0,0,3,True
138,0,0,0,False
139,0,0,0,False
140,0,0,3,True
141,0,0,0,False
142,0,0,0,False
143,0,0,3,True
144,0,0,0,False
145,0,0,0,False
146,0,0,3,True
147,0,0,3,True
148,0,0,0,False
149,0,0,0,False
150,0,0,0,False
151,0,0,3,True
152,0,0,0,False
153,0,0,3,True
154,0,0,3,True
155,0,0,0,False
156,0,0,0,False
157,0,0,0,False
158,0,1,0,False
159,0,1,3,False
160,0,0,0,False
161,0,0,0,False
162,0,0,0,False
163,0,0,0,False
164,0,0,3,True
165,0,0,3,True
166,0,0,3,True
167,0,0,0,False
168,0,0,0,False
169,0,0,0,False
170,0,0,3,True
171,0,0,0,False
172,0,0,0,False
173,0,0,0,False
174,0,0,0,False
175,0,0,0,False
176,0,0,3,True
177,0,0,0,False
178,0,0,3,True
179,0,0,0,False
180,0,0,3,True
181,0,0,0,False
182,0,0,0,False
183,0,0,3,True
184,0,0,0,False
185,0,0,3,True
186,0,0,3,True
187,0,0,3,True
188,0,0,0,False
189,0,0,0,False
190,0,0,3,True
191,0,0,3,True
192,0,0,0,False
193,0,0,3,True
194,0,0,3,True
195,0,0,0,False
196,0,0,3,True
197,0,0,3,True
198,0,0,0,False
199,0,0,0,False
200,0,0,3,True
201,0,0,0,False
202,0,0,0,False
203,0,0,3,True
204,0,0,0,False
205,0,0,0,False
206,0,0,0,False
207,0,0,3,True
208,0,0,2,True
209,0,0,0,False
210,0,0,3,True
211,0,0,3,True
212,0,0,3,True
213,0,0,3,True
214,0,0,3,True
215,0,0,0,False
216,0,0,3,True
217,0,0,0,False
218,0,0,3,True
219,0,0,3,True
220,0,0,3,True
221,0,0,0,False
222,0,0,0,False
223,0,0,3,True
224,0,0,3,True
225,0,0,0,False
226,0,0,0,False
227,0,0,0,False
228,0,0,3,True
229,0,0,0,False
230,0,0,2,True
231,0,0,0,False
232,0,0,2,True
233,0,0,0,False
234,0,0,0,False
235,0,0,3,True
236,0,0,0,False
237,0,0,3,True
238,0,0,0,False
239,0,0,0,False
240,0,0,0,False
241,0,0,0,False
242,0,0,3,True
243,0,0,0,False
244,0,0,0,False
245,0,0,0,False
246,0,0,3,True
247,0,0,3,True
248,0,0,3,True
249,0,0,0,False
250,0,0,3,True
251,0,0,0,False
252,0,0,0,False
253,0,0,0,False
254,0,0,3,True
255,0,0,0,False
256,0,0,0,False
257,0,0,0,False
258,0,0,3,True
259,0,0,0,False
260,0,0,0,False
261,0,0,0,False
262,0,0,0,False
263,0,0,0,False
264,0,0,3,True
265,0,0,3,True
266,0,0,0,False
267,0,0,0,False
268,0,0,0,False
269,0,0,0,False
270,0,0,0,False
271,0,0,3,True
272,0,0,0,False
273,0,0,0,False
274,0,0,3,True
275,0,0,0,False
276,0,0,0,False
277,0,0,3,True
278,0,0,3,True
279,0,0,0,False
280,0,0,0,False
281,0,0,0,False
282,0,0,3,True
283,0,0,0,False
284,0,0,0,False
285,0,0,0,False
286,0,0,3,True
287,0,0,0,False
288,0,0,3,True
289,0,0,3,True
290,0,0,0,False
291,0,0,2,True
292,0,0,3,True
293,0,0,3,True
294,0,0,0,False
295,0,0,3,True
296,0,0,0,False
297,0,0,0,False
298,0,0,0,False
299,0,0,0,False
300,0,0,3,True
301,0,0,3,True
302,0,0,3,True
303,0,0,0,False
304,0,0,0,False
305,0,0,0,False
306,0,0,3,True
307,0,0,0,False
308,0,0,0,False
309,0,0,3,True
310,0,0,3,True
311,0,0,0,False
312,0,0,0,False
313,0,0,3,True
314,0,0,0,False
315,0,0,0,False
316,0,0,3,True
317,0,0,0,False
318,0,0,3,True
319,0,0,0,False
320,0,0,0,False
321,0,0,0,False
322,0,0,0,False
323,0,0,3,True
324,0,0,3,True
325,0,0,3,True
326,0,0,0,False
327,0,0,0,False
328,0,0,0,False
329,0,0,3,True
330,0,0,3,True
331,0,0,3,True
332,0,0,3,True
333,0,0,3,True
334,0,0,0,False
335,0,0,0,False
336,0,0,0,False
337,0,0,0,False
338,0,0,0,False
339,0,0,3,True
340,0,0,0,False
341,0,0,3,True
342,0,0,0,False
343,0,0,0,False
344,0,0,0,False
345,0,0,0,False
346,0,0,0,False
347,0,0,3,True
348,0,0,3,True
349,0,0,3,True
350,0,0,0,False
351,0,0,3,True
352,0,0,0,False
353,0,0,0,False
354,0,0,3,True
355,0,0,0,False
356,0,0,0,False
357,0,0,3,True
358,0,0,0,False
359,0,0,0,False
360,0,0,0,False
361,0,0,0,False
362,0,0,0,False
363,0,0,0,False
364,0,0,0,False
365,0,0,0,False
366,0,0,0,False
367,0,0,0,False
368,0,0,3,True
369,0,0,3,True
370,0,0,0,False
371,0,0,3,True
372,0,0,3,True
373,0,0,0,False
374,0,0,3,True
375,0,0,0,False
376,0,0,3,True
377,0,0,0,False
378,0,0,0,False
379,0,0,3,True
380,0,0,0,False
381,0,0,0,False
382,0,0,0,False
383,0,0,0,False
384,0,1,0,False
385,0,0,0,False
386,0,0,0,False
387,0,0,3,True
388,0,0,0,False
389,0,0,3,True
390,0,0,0,False
391,0,0,0,False
392,0,0,3,True
393,0,0,3,True
394,0,0,3,True
395,0,0,0,False
396,0,0,0,False
397,0,0,0,False
398,0,0,0,False
399,0,0,3,True
400,0,0,0,False
401,0,0,3,True
402,0,0,0,False
403,0,0,0,False
404,0,0,3,True
405,0,0,0,False
406,0,0,0,False
407,0,0,0,False
408,0,0,0,False
409,0,0,1,True
410,0,0,3,True
411,0,0,3,True
412,0,0,0,False
413,0,0,3,True
414,0,0,0,False
415,0,0,0,False
416,0,0,3,True
417,0,0,0,False
418,0,0,0,False
419,0,0,0,False
420,0,0,0,False
421,0,0,0,False
422,0,0,3,True
423,0,0,3,True
424,0,0,0,False
425,0,0,3,True
426,0,0,0,False
427,0,0,3,True
428,0,0,0,False
429,0,0,3,True
430,0,0,0,False
431,0,0,3,True
432,0,0,0,False
433,0,0,0,False
434,0,0,0,False
435,0,0,0,False
436,0,0,0,False
437,0,0,3,True
438,0,0,0,False
439,0,0,0,False
440,0,0,0,False
441,0,0,3,True
442,0,0,3,True
443,0,0,3,True
444,0,0,0,False
445,0,0,3,True
446,0,0,3,True
447,0,0,3,True
448,0,0,3,True
449,0,0,0,False
450,0,0,3,True
451,0,0,0,False
452,0,0,3,True
453,0,0,3,True
454,0,0,0,False
455,0,0,3,True
456,0,0,0,False
457,0,0,0,False
458,0,0,0,False
459,0,0,0,False
460,0,0,0,False
461,0,0,0,False
462,0,0,0,False
463,0,0,2,True
464,0,0,0,False
465,0,0,0,False
466,0,0,3,True
467,0,0,0,False
468,0,0,3,True
469,0,0,3,True
470,0,0,0,False
471,0,0,3,True
472,0,0,3,True
473,0,3,3,False
474,0,0,3,True
475,0,0,0,False
476,0,0,3,True
477,0,0,0,False
478,0,0,0,False
479,0,0,0,False
480,0,0,3,True
481,0,0,0,False
482,0,0,3,True
483,0,0,3,True
484,0,0,3,True
485,0,0,3,True
486,0,0,0,False
487,0,0,3,True
488,0,0,0,False
489,0,0,0,False
490,0,0,0,False
491,0,0,0,False
492,0,0,3,True
493,0,0,3,True
494,0,0,3,True
495,0,0,0,False
496,0,0,3,True
497,0,0,2,True
498,0,0,0,False
499,0,0,3,True
500,0,0,0,False
501,0,0,0,False
502,0,0,0,False
503,0,0,0,False
504,0,0,0,False
505,0,0,3,True
506,0,0,3,True
507,0,0,2,True
508,0,0,0,False
509,0,0,0,False
510,0,0,0,False
511,0,0,0,False
512,0,0,0,False
513,0,0,3,True
514,0,0,0,False
515,0,0,0,False
516,0,0,0,False
517,0,0,3,True
518,0,0,0,False
519,0,0,0,False
520,0,0,3,True
521,0,0,3,True
522,0,0,0,False
523,0,0,0,False
524,0,0,3,True
525,0,0,2,True
526,0,0,3,True
527,0,0,0,False
528,0,0,3,True
529,0,0,3,True
530,0,0,0,False
531,0,0,0,False
532,0,0,0,False
533,0,0,0,False
534,0,0,3,True
535,0,0,3,True
536,0,0,0,False
537,0,0,0,False
538,0,0,3,True
539,0,0,0,False
540,0,0,0,False
541,0,0,0,False
542,0,0,2,True
543,0,0,0,False
544,0,0,0,False
545,0,0,3,True
546,0,0,3,True
547,0,0,0,False
548,0,0,0,False
549,0,0,3,True
550,0,0,3,True
551,0,0,0,False
552,0,0,3,True
553,0,0,3,True
554,0,0,0,False
555,0,0,3,True
556,0,0,3,True
557,0,0,3,True
558,0,0,0,False
559,0,0,0,False
560,0,0,3,True
561,0,0,0,False
562,0,0,2,True
563,0,0,0,False
564,0,0,0,False
565,0,0,2,True
566,0,0,0,False
567,0,0,0,False
568,0,0,3,True
569,0,0,0,False
570,0,0,3,True
571,0,0,0,False
572,0,0,0,False
573,0,0,3,True
574,0,0,0,False
575,0,0,0,False
576,0,0,0,False
577,0,0,0,False
578,0,0,0,False
579,0,0,0,False
580,0,0,3,True
581,0,0,2,True
582,0,0,3,True
583,0,0,0,False
584,0,0,0,False
585,0,0,3,True
586,0,0,3,True
587,0,0,3,True
588,0,0,3,True
589,0,0,0,False
590,0,0,0,False
591,0,0,3,True
592,0,0,0,False
593,0,0,0,False
594,0,0,0,False
595,0,0,3,True
596,0,0,3,True
597,0,0,0,False
598,0,0,0,False
599,0,0,3,True
600,0,0,0,False
601,0,0,0,False
602,0,0,3,True
603,0,0,0,False
604,0,0,0,False
605,0,0,3,True
606,0,0,0,False
607,0,0,3,True
608,0,0,3,True
609,0,0,0,False
610,0,0,0,False
611,0,0,0,False
612,0,0,0,False
613,0,0,3,True
614,0,0,0,False
615,0,0,3,True
616,0,0,3,True
617,0,0,3,True
618,0,0,0,False
619,0,0,3,True
620,0,0,0,False
621,0,0,0,False
622,0,0,3,True
623,0,0,3,True
624,0,0,0,False
625,0,0,3,True
626,0,0,0,False
627,0,0,0,False
628,0,0,0,False
629,0,0,0,False
630,0,0,3,True
631,0,0,3,True
632,0,0,0,False
633,0,0,3,True
634,0,0,0,False
635,0,0,0,False
636,0,0,0,False
637,0,0,0,False
638,0,0,0,False
639,0,0,3,True
640,0,0,3,True
641,0,0,0,False
642,0,0,0,False
643,0,0,0,False
644,0,0,3,True
645,0,0,3,True
646,0,0,0,False
647,0,0,3,True
648,0,0,3,True
649,0,0,0,False
650,0,0,0,False
651,0,0,3,True
652,0,0,0,False
653,0,0,0,False
654,0,0,3,True
655,0,0,3,True
656,0,0,0,False
657,0,0,0,False
658,0,0,3,True
659,0,0,3,True
660,0,0,0,False
661,0,0,3,True
662,0,0,0,False
663,0,0,3,True
664,0,0,3,True
665,0,0,3,True
666,0,0,0,False
667,0,0,0,False
668,0,0,0,False
669,0,0,3,True
670,0,0,0,False
671,0,0,0,False
672,0,0,0,False
673,0,0,0,False
674,0,0,0,False
675,0,0,0,False
676,0,0,0,False
677,0,0,0,False
678,0,0,0,False
679,0,0,0,False
680,0,0,0,False
681,0,0,0,False
682,0,0,0,False
683,0,0,3,True
684,0,0,0,False
685,0,0,0,False
686,0,0,0,False
687,0,0,0,False
688,0,0,0,False
689,0,0,0,False
690,0,0,0,False
691,0,0,3,True
692,0,0,3,True
693,0,0,3,True
694,0,0,3,True
695,0,0,0,False
696,0,0,0,False
697,0,0,0,False
698,0,0,3,True
699,0,0,0,False
700,0,0,0,False
701,0,0,0,False
702,0,0,0,False
703,0,0,0,False
704,0,0,0,False
705,0,0,3,True
706,0,0,0,False
707,0,0,3,True
708,0,0,3,True
709,0,0,0,False
710,0,0,0,False
711,0,0,0,False
712,0,0,0,False
713,0,0,3,True
714,0,0,3,True
715,0,0,3,True
716,0,0,0,False
717,0,0,3,True
718,0,0,0,False
719,0,0,3,True
720,0,0,0,False
721,0,0,0,False
722,0,0,0,False
723,0,0,0,False
724,0,0,0,False
725,0,0,0,False
726,0,0,0,False
727,0,0,0,False
728,0,0,3,True
729,0,0,0,False
730,0,0,0,False
731,0,0,3,True
732,0,0,3,True
733,0,0,0,False
734,0,0,0,False
735,0,0,0,False
736,0,0,3,True
737,0,0,3,True
738,0,0,0,False
739,0,0,3,True
740,0,0,0,False
741,0,0,0,False
742,0,0,0,False
743,0,0,0,False
744,0,0,0,False
745,0,0,2,True
746,0,0,3,True
747,0,0,2,True
748,0,0,3,True
749,0,0,2,True
750,0,0,0,False
751,0,0,0,False
752,0,0,0,False
753,0,0,3,True
754,0,0,0,False
755,0,0,0,False
756,0,0,0,False
757,0,0,3,True
758,0,0,0,False
759,0,0,0,False
760,0,0,0,False
761,0,0,3,True
762,0,0,0,False
763,0,0,3,True
764,0,0,0,False
765,0,0,3,True
766,0,0,0,False
767,0,0,3,True
768,0,0,3,True
769,0,0,0,False
770,0,0,0,False
771,0,0,0,False
772,0,0,0,False
773,0,0,0,False
774,0,0,0,False
775,0,0,0,False
776,0,0,3,True
777,0,3,3,False
778,0,0,0,False
779,0,0,0,False
780,0,0,0,False
781,0,0,0,False
782,0,0,0,False
783,0,0,0,False
784,0,0,3,True
785,0,0,0,False
786,0,0,3,True
787,0,0,3,True
788,0,0,3,True
789,0,0,0,False
790,0,0,0,False
791,0,0,0,False
792,0,0,0,False
793,0,0,0,False
794,0,0,0,False
795,0,0,3,True
796,0,0,0,False
797,0,0,3,True
798,0,0,3,True
799,0,0,0,False
800,0,0,0,False
801,0,0,3,True
802,0,0,0,False
803,0,0,3,True
804,0,0,3,True
805,0,0,0,False
806,0,0,0,False
807,0,0,3,True
808,0,0,0,False
809,0,0,0,False
810,0,0,3,True
811,0,0,0,False
812,0,0,3,True
813,0,0,0,False
814,0,0,0,False
815,0,0,0,False
816,0,0,0,False
817,0,0,0,False
818,0,0,3,True
819,0,0,0,False
820,0,0,0,False
821,0,0,0,False
822,0,0,0,False
823,0,0,0,False
824,0,0,0,False
825,0,0,0,False
826,0,0,3,True
827,0,0,0,False
828,0,0,0,False
829,0,0,0,False
830,0,0,2,True
831,0,0,0,False
832,0,0,0,False
833,0,0,0,False
834,0,0,3,True
835,0,0,0,False
836,0,0,3,True
837,0,0,3,True
838,0,0,0,False
839,0,0,0,False
840,0,0,0,False
841,0,0,0,False
842,0,0,0,False
843,0,0,0,False
844,0,0,0,False
845,0,0,0,False
846,0,0,3,True
847,0,0,0,False
848,0,0,3,True
849,0,0,3,True
850,0,0,0,False
851,0,0,3,True
852,0,0,0,False
853,0,0,0,False
854,0,0,0,False
855,0,0,3,True
856,0,0,0,False
857,0,0,3,True
858,0,0,3,True
859,0,0,0,False
860,0,0,3,True
861,0,0,3,True
862,0,0,3,True
863,0,0,3,True
864,0,0,0,False
865,0,0,2,True
866,0,0,0,False
867,0,0,0,False
868,0,0,0,False
869,0,0,3,True
870,0,0,3,True
871,0,0,0,False
872,0,0,0,False
873,0,0,3,True
874,0,0,3,True
875,0,0,0,False
876,0,0,0,False
877,0,0,0,False
878,0,0,3,True
879,0,0,3,True
880,0,0,0,False
881,0,0,0,False
882,0,0,3,True
883,0,0,0,False
884,0,0,3,True
885,0,0,3,True
886,0,0,3,True
887,0,0,0,False
888,0,0,3,True
889,0,0,0,False
890,0,0,2,True
891,0,0,0,False
892,0,0,3,True
893,0,0,0,False
894,0,0,0,False
895,0,0,3,True
896,0,0,3,True
897,0,0,3,True
898,0,0,0,False
899,0,0,0,False
900,0,0,0,False
901,0,0,3,True
902,0,0,0,False
903,0,0,3,True
904,0,0,0,False
905,0,0,3,True
906,0,0,0,False
907,0,0,3,True
908,0,0,0,False
909,0,0,0,False
910,0,0,0,False
911,0,0,3,True
912,0,0,0,False
913,0,0,3,True
914,0,0,0,False
915,0,0,0,False
916,0,0,0,False
917,0,0,0,False
918,0,0,0,False
919,0,0,3,True
920,0,0,0,False
921,0,0,3,True
922,0,0,0,False
923,0,0,3,True
924,0,0,0,False
925,0,0,0,False
926,0,0,3,True
927,0,0,0,False
928,0,0,0,False
929,0,0,3,True
930,0,0,3,True
931,0,0,0,False
932,0,0,0,False
933,0,0,3,True
934,0,0,0,False
935,0,0,0,False
936,0,0,3,True
937,0,0,0,False
938,0,0,0,False
939,0,0,0,False
940,0,0,0,False
941,0,0,3,True
942,0,0,0,False
943,0,0,0,False
944,0,0,0,False
945,0,0,0,False
946,0,0,0,False
947,0,0,0,False
948,0,0,3,True
949,0,0,0,False
950,0,0,0,False
951,0,0,0,False
952,0,0,3,True
953,0,0,0,False
954,0,0,0,False
955,0,0,0,False
956,0,0,3,True
957,0,0,3,True
958,0,0,0,False
959,0,0,3,True
960,0,0,0,False
961,0,0,0,False
962,0,0,0,False
963,0,0,0,False
964,0,0,0,False
965,0,0,0,False
966,0,0,3,True
967,0,0,0,False
968,0,0,0,False
969,0,0,0,False
970,0,0,3,True
971,0,0,0,False
972,0,0,0,False
973,0,0,3,True
974,0,0,3,True
975,0,0,0,False
976,0,0,0,False
977,0,0,0,False
978,0,0,0,False
979,0,0,0,False
980,0,0,0,False
981,0,0,0,False
982,0,0,0,False
983,0,0,3,True
984,0,0,0,False
985,0,0,3,True
986,0,0,0,False
987,0,0,3,True
988,0,0,1,True
989,0,0,0,False
990,0,0,3,True
991,0,1,3,False
992,0,0,0,False
993,0,0,0,False
994,0,3,3,False
995,0,0,0,False
996,0,0,0,False
997,0,0,3,True
998,0,0,3,True
999,0,0,0,False
1000,0,0,0,False
1001,0,0,0,False
1002,0,0,3,True
1003,0,0,0,False
1004,0,0,0,False
1005,0,0,0,False
1006,0,0,3,True
1007,0,0,0,False
1008,0,0,0,False
1009,0,0,0,False
1010,0,0,3,True
1011,0,0,0,False
1012,0,0,0,False
1013,0,0,0,False
1014,0,0,3,True
1015,0,0,3,True
1016,0,0,2,True
1017,0,0,0,False
1018,0,0,0,False
1019,0,0,3,True
1020,0,0,0,False
1021,0,0,3,True
1022,0,0,3,True
1023,0,0,0,False
1024,0,0,3,True
1025,0,0,3,True
1026,0,0,3,True
1027,0,0,3,True
1028,0,0,3,True
1029,0,0,0,False
1030,0,0,0,False
1031,0,2,3,False
1032,0,0,3,True
1033,0,0,3,True
1034,0,0,0,False
1035,0,0,0,False
1036,0,1,3,False
1037,0,0,0,False
1038,0,0,0,False
1039,0,0,3,True
1040,0,0,3,True
1041,0,0,0,False
1042,0,0,3,True
1043,0,0,3,True
1044,0,0,0,False
1045,0,0,0,False
1046,0,0,0,False
1047,0,0,0,False
1048,0,0,0,False
1049,0,0,0,False
1050,0,0,0,False
1051,0,0,0,False
1052,0,0,0,False
1053,0,0,0,False
1054,0,0,0,False
1055,0,0,3,True
1056,0,0,3,True
1057,0,0,0,False
1058,0,0,3,True
1059,0,0,3,True
1060,0,0,0,False
1061,0,0,0,False
1062,0,0,3,True
1063,0,0,0,False
1064,0,0,0,False
1065,0,0,3,True
1066,0,0,0,False
1067,0,0,3,True
1068,0,0,0,False
1069,0,0,0,False
1070,0,0,0,False
1071,0,0,3,True
1072,0,0,0,False
1073,0,0,0,False
1074,0,0,0,False
1075,0,0,2,True
1076,0,0,0,False
1077,0,0,3,True
1078,0,0,3,True
1079,0,0,0,False
1080,0,0,0,False
1081,0,0,0,False
1082,0,0,1,True
1083,0,0,0,False
1084,0,0,0,False
1085,0,0,0,False
1086,0,0,0,False
1087,0,0,3,True
1088,0,0,3,True
1089,0,0,3,True
1090,0,0,0,False
1091,0,0,3,True
1092,0,0,0,False
1093,0,0,3,True
1094,0,0,3,True
1095,0,0,0,False
1096,0,0,0,False
1097,0,0,0,False
1098,0,0,0,False
1099,0,0,0,False
1100,0,0,3,True
1101,0,0,0,False
1102,0,0,0,False
1103,0,0,3,True
1104,0,0,3,True
1105,0,0,0,False
1106,0,0,0,False
1107,0,0,0,False
1108,0,0,0,False
1109,0,0,0,False
1110,0,0,3,True
1111,0,0,3,True
1112,0,0,0,False
1113,0,0,0,False
1114,0,0,0,False
1115,0,0,3,True
1116,0,0,3,True
1117,0,0,3,True
1118,0,0,0,False
1119,0,0,3,True
1120,0,0,0,False
1121,0,0,2,True
1122,0,0,3,True
1123,0,0,3,True
1124,0,0,0,False
1125,0,0,0,False
1126,0,0,0,False
1127,0,0,0,False
1128,0,0,3,True
1129,0,0,3,True
1130,0,0,0,False
1131,0,0,3,True
1132,0,0,0,False
1133,0,0,0,False
1134,0,0,0,False
1135,0,0,0,False
1136,0,0,3,True
1137,0,0,0,False
1138,0,0,0,False
1139,0,0,0,False
1140,0,0,0,False
1141,0,0,1,True
1142,0,0,0,False
1143,0,0,0,False
1144,0,0,3,True
1145,0,0,3,True
1146,0,0,3,True
1147,0,0,0,False
1148,0,0,3,True
1149,0,0,0,False
1150,0,0,3,True
1151,0,0,3,True
1152,0,0,0,False
1153,0,0,3,True
1154,0,0,3,True
1155,0,0,3,True
1156,0,0,0,False
1157,0,0,3,True
1158,0,0,3,True
1159,0,0,0,False
1160,0,0,0,False
1161,0,0,0,False
1162,0,0,3,True
1163,0,0,3,True
1164,0,0,0,False
1165,0,0,0,False
1166,0,0,0,False
1167,0,0,3,True
1168,0,0,0,False
1169,0,0,0,False
1170,0,0,3,True
1171,0,0,3,True
1172,0,0,0,False
1173,0,0,3,True
1174,0,0,3,True
1175,0,0,0,False
1176,0,0,3,True
1177,0,0,3,True
1178,0,0,0,False
1179,0,0,3,True
1180,0,0,0,False
1181,0,0,3,True
1182,0,0,0,False
1183,0,0,3,True
1184,0,0,0,False
1185,0,0,3,True
1186,0,0,3,True
1187,0,0,3,True
1188,0,0,0,False
1189,0,0,3,True
1190,0,0,0,False
1191,0,0,0,False
1192,0,0,0,False
1193,0,0,3,True
1194,0,0,0,False
1195,0,0,0,False
1196,0,0,0,False
1197,0,0,0,False
1198,0,0,0,False
1199,0,0,0,False
1200,0,0,0,False
1201,0,0,3,True
1202,0,0,0,False
1203,0,0,0,False
1204,0,0,0,False
1205,0,0,0,False
1206,0,0,0,False
1207,0,0,0,False
1208,0,0,0,False
1209,0,0,0,False
1210,0,0,0,False
1211,0,0,0,False
1212,0,0,3,True
1213,0,0,3,True
1214,0,0,0,False
1215,0,0,3,True
1216,0,0,0,False
1217,0,0,0,False
1218,0,0,0,False
1219,0,0,0,False
1220,0,0,0,False
1221,0,0,0,False
1222,0,0,0,False
1223,0,0,3,True
1224,0,0,3,True
1225,0,0,0,False
1226,0,0,0,False
1227,0,0,3,True
1228,0,0,0,False
1229,0,0,0,False
1230,0,0,3,True
1231,0,0,0,False
1232,0,0,3,True
1233,0,0,3,True
1234,0,0,0,False
1235,0,0,0,False
1236,0,0,3,True
1237,0,0,3,True
1238,0,0,0,False
1239,0,0,0,False
1240,0,0,0,False
1241,0,0,0,False
1242,0,0,3,True
1243,0,0,3,True
1244,0,0,1,True
1245,0,0,3,True
1246,0,0,0,False
1247,0,0,0,False
1248,0,0,0,False
1249,0,0,3,True
1250,0,0,0,False
1251,0,0,0,False
1252,0,0,0,False
1253,0,0,3,True
1254,0,0,0,False
1255,0,0,0,False
1256,0,0,0,False
1257,0,0,0,False
1258,0,0,0,False
1259,0,0,0,False
1260,0,0,0,False
1261,0,0,0,False
1262,0,0,0,False
1263,0,0,3,True
1264,0,0,0,False
1265,0,0,0,False
1266,0,0,3,True
1267,0,0,0,False
1268,0,0,3,True
1269,0,0,3,True
1270,0,0,0,False
1271,0,0,0,False
1272,0,0,0,False
1273,0,0,3,True
1274,0,0,0,False
1275,0,0,3,True
1276,0,0,3,True
1277,0,0,3,True
1278,0,0,3,True
1279,0,0,0,False
1280,0,0,0,False
1281,0,0,3,True
1282,0,0,3,True
1283,0,0,0,False
1284,0,0,3,True
1285,0,0,0,False
1286,0,0,3,True
1287,0,0,0,False
1288,0,0,0,False
1289,0,0,0,False
1290,0,0,0,False
1291,0,0,3,True
1292,0,0,0,False
1293,0,3,3,False
1294,0,0,3,True
1295,0,0,3,True
1296,0,0,3,True
1297,0,0,0,False
1298,0,0,2,True
1299,0,0,0,False
1300,0,0,0,False
1301,0,0,3,True
1302,0,0,3,True
1303,0,0,3,True
1304,0,0,3,True
1305,0,0,0,False
1306,0,0,0,False
1307,0,0,0,False
1308,0,0,0,False
1309,0,0,3,True
1310,0,0,3,True
1311,0,0,0,False
1312,0,0,3,True
1313,0,0,3,True
1314,0,0,3,True
1315,0,0,0,False
1316,0,0,0,False
1317,0,0,0,False
1318,0,0,0,False
1319,0,0,0,False
1320,0,0,3,True
1321,0,0,0,False
1322,0,0,3,True
1323,0,0,3,True
1324,0,0,0,False
1325,0,0,0,False
1326,0,0,3,True
1327,0,0,3,True
1328,0,0,3,True
1329,0,0,0,False
1330,0,0,0,False
1331,0,0,0,False
1332,0,0,0,False
1333,0,0,0,False
1334,0,0,3,True
1335,0,0,3,True
1336,0,0,0,False
1337,0,0,0,False
1338,0,0,3,True
1339,0,0,3,True
1340,0,0,0,False
1341,0,0,3,True
1342,0,0,0,False
1343,0,0,0,False
1344,0,0,0,False
1345,0,0,0,False
1346,0,0,2,True
1347,0,0,3,True
1348,0,0,3,True
1349,0,0,3,True
1350,0,0,3,True
1351,0,0,0,False
1352,0,0,0,False
1353,0,0,0,False
1354,0,0,0,False
1355,0,0,0,False
1356,0,0,0,False
1357,0,0,3,True
1358,0,0,0,False
1359,0,0,3,True
1360,0,0,3,True
1361,0,0,0,False
1362,0,0,3,True
1363,0,0,0,False
1364,0,0,3,True
1365,0,0,0,False
1366,0,0,3,True
1367,0,0,3,True
1368,0,0,3,True
1369,0,0,3,True
1370,0,0,0,False
1371,0,0,3,True
1372,0,0,2,True
1373,0,0,0,False
1374,0,0,0,False
1375,0,0,0,False
1376,0,0,3,True
1377,0,0,0,False
1378,0,0,0,False
1379,0,0,3,True
1380,0,0,3,True
1381,0,0,3,True
1382,0,0,0,False
1383,0,0,0,False
1384,0,0,0,False
1385,0,0,0,False
1386,0,0,3,True
1387,0,0,3,True
1388,0,0,3,True
1389,0,0,0,False
1390,0,0,0,False
1391,0,0,0,False
1392,0,0,0,False
1393,0,0,0,False
1394,0,0,0,False
1395,0,0,0,False
1396,0,0,3,True
1397,0,0,0,False
1398,0,0,0,False
1399,0,0,0,False
1400,0,0,3,True
1401,0,0,0,False
1402,0,0,3,True
1403,0,0,0,False
1404,0,0,3,True
1405,0,0,0,False
1406,0,0,3,True
1407,0,0,0,False
1408,0,0,0,False
1409,0,0,0,False
1410,0,0,3,True
1411,0,0,0,False
1412,0,0,3,True
1413,0,0,0,False
1414,0,0,0,False
1415,0,0,3,True
1416,0,0,0,False
1417,0,0,0,False
1418,0,0,0,False
1419,0,0,0,False
1420,0,0,3,True
1421,0,0,3,True
1422,0,0,3,True
1423,0,0,3,True
1424,0,0,3,True
1425,0,0,0,False
1426,0,0,0,False
1427,0,0,0,False
1428,0,0,0,False
1429,0,0,3,True
1430,0,0,3,True
1431,0,0,0,False
1432,0,1,3,False
1433,0,0,3,True
1434,0,0,3,True
1435,0,0,0,False
1436,0,0,3,True
1437,0,0,3,True
1438,0,0,0,False
1439,0,0,0,False
1440,0,0,0,False
1441,0,0,3,True
1442,0,0,0,False
1443,0,0,0,False
1444,0,0,3,True
1445,0,0,0,False
1446,0,0,0,False
1447,0,0,3,True
1448,0,0,0,False
1449,0,0,3,True
1450,0,0,0,False
1451,0,0,0,False
1452,0,0,0,False
1453,0,0,3,True
1454,0,0,0,False
1455,0,0,0,False
1456,0,0,3,True
1457,0,0,0,False
1458,0,0,3,True
1459,0,0,3,True
1460,0,0,0,False
1461,0,0,0,False
1462,0,0,0,False
1463,0,0,0,False
1464,0,0,3,True
1465,0,0,3,True
1466,0,0,0,False
1467,0,0,0,False
1468,0,0,0,False
1469,0,0,0,False
1470,0,0,3,True
1471,0,0,3,True
1472,0,0,3,True
1473,0,0,0,False
1474,0,0,0,False
1475,0,0,3,True
1476,0,0,3,True
1477,0,0,0,False
1478,0,0,0,False
1479,0,0,0,False
1480,0,0,3,True
1481,0,0,3,True
1482,0,0,3,True
1483,0,0,0,False
1484,0,0,3,True
1485,0,0,0,False
1486,0,0,0,False
1487,0,0,3,True
1488,0,0,3,True
1489,0,0,3,True
1490,0,0,3,True
1491,0,0,0,False
1492,0,0,3,True
1493,0,0,0,False
1494,0,0,3,True
1495,0,0,0,False
1496,0,0,0,False
1497,0,0,0,False
1498,0,0,3,True
1499,0,0,0,False
1500,0,0,3,True
1501,0,0,3,True
1502,0,0,0,False
1503,0,0,0,False
1504,0,0,0,False
1505,0,0,0,False
1506,0,0,1,True
1507,0,0,3,True
1508,0,0,0,False
1509,0,0,3,True
1510,0,0,0,False
1511,0,0,3,True
1512,0,0,3,True
1513,0,0,0,False
1514,0,0,0,False
1515,0,0,3,True
1516,0,0,0,False
1517,0,0,0,False
1518,0,0,3,True
1519,0,0,2,True
1520,0,0,3,True
1521,0,0,3,True
1522,0,0,0,False
1523,0,0,0,False
1524,0,0,3,True
1525,0,0,3,True
1526,0,0,0,False
1527,0,0,3,True
1528,0,0,0,False
1529,0,0,0,False
1530,0,0,0,False
1531,0,0,3,True
1532,0,0,3,True
1533,0,0,0,False
1534,0,0,3,True
1535,0,0,3,True
1536,0,0,3,True
1537,0,0,0,False
1538,0,0,3,True
1539,0,0,0,False
1540,0,0,0,False
1541,0,0,0,False
1542,0,0,3,True
1543,0,0,3,True
1544,0,0,0,False
1545,0,0,0,False
1546,0,0,0,False
1547,0,0,3,True
1548,0,0,3,True
1549,0,0,3,True
1550,0,0,0,False
1551,0,0,0,False
1552,0,0,3,True
1553,0,0,3,True
1554,0,0,0,False
1555,0,0,0,False
1556,0,0,3,True
1557,0,0,0,False
1558,0,0,0,False
1559,0,0,0,False
1560,0,0,0,False
1561,0,0,3,True
1562,0,0,3,True
1563,0,0,0,False
1564,0,0,0,False
1565,0,0,3,True
1566,0,0,0,False
1567,0,0,0,False
1568,0,0,0,False
1569,0,0,0,False
1570,0,0,0,False
1571,0,0,3,True
1572,0,0,0,False
1573,0,0,0,False
1574,0,0,0,False
1575,0,0,3,True
1576,0,0,0,False
1577,0,0,0,False
1578,0,0,0,False
1579,0,0,0,False
1580,0,0,0,False
1581,0,0,0,False
1582,0,0,0,False
1583,0,0,0,False
1584,0,0,0,False
1585,0,0,0,False
1586,0,0,3,True
1587,0,0,0,False
1588,0,0,0,False
1589,0,0,3,True
1590,0,0,0,False
1591,0,0,3,True
1592,0,0,0,False
1593,0,0,0,False
1594,0,0,0,False
1595,0,0,2,True
1596,0,0,3,True
1597,0,0,0,False
1598,0,0,0,False
1599,0,0,0,False
1600,0,0,0,False
1601,0,0,0,False
1602,0,0,3,True
1603,0,0,3,True
1604,0,0,0,False
1605,0,0,0,False
1606,0,0,3,True
1607,0,0,0,False
1608,0,0,3,True
1609,0,0,0,False
1610,0,0,0,False
1611,0,0,3,True
1612,0,0,0,False
1613,0,0,0,False
1614,0,0,3,True
1615,0,0,0,False
1616,0,0,3,True
1617,0,0,0,False
1618,0,0,0,False
1619,0,0,0,False
1620,0,0,0,False
1621,0,0,3,True
1622,0,0,0,False
1623,0,0,3,True
1624,0,0,2,True
1625,0,0,0,False
1626,0,0,3,True
1627,0,0,0,False
1628,0,0,0,False
1629,0,0,0,False
1630,0,0,3,True
1631,0,0,3,True
1632,0,0,0,False
1633,0,0,0,False
1634,0,0,0,False
1635,0,0,0,False
1636,0,0,0,False
1637,0,0,3,True
1638,0,0,0,False
1639,0,0,0,False
1640,0,0,0,False
1641,0,0,3,True
1642,0,0,0,False
1643,0,0,0,False
1644,0,1,3,False
1645,0,0,0,False
1646,0,0,0,False
1647,0,0,0,False
1648,0,0,0,False
1649,0,0,3,True
1650,0,0,0,False
1651,0,0,1,True
1652,0,0,0,False
1653,0,0,0,False
1654,0,0,0,False
1655,0,0,0,False
1656,0,0,3,True
1657,0,0,3,True
1658,0,0,3,True
1659,0,0,0,False
1660,0,0,0,False
1661,0,0,0,False
1662,0,0,0,False
1663,0,0,3,True
1664,0,0,0,False
1665,0,0,0,False
1666,0,0,3,True
1667,0,0,3,True
1668,0,0,0,False
1669,0,0,3,True
1670,0,0,0,False
1671,0,0,3,True
1672,0,0,0,False
1673,0,0,0,False
1674,0,0,3,True
1675,0,0,3,True
1676,0,0,0,False
1677,0,0,0,False
1678,0,0,0,False
1679,0,0,3,True
1680,0,0,3,True
1681,0,0,0,False
1682,0,0,0,False
1683,0,0,3,True
1684,0,0,0,False
1685,0,0,3,True
1686,0,0,0,False
1687,0,0,0,False
1688,0,0,0,False
1689,0,0,0,False
1690,0,0,3,True
1691,0,0,0,False
1692,0,0,0,False
1693,0,0,0,False
1694,0,0,0,False
1695,0,0,3,True
1696,0,0,0,False
1697,0,0,3,True
1698,0,0,0,False
1699,0,0,1,True
1700,0,0,3,True
1701,0,0,0,False
1702,0,0,0,False
1703,0,0,0,False
1704,0,0,3,True
1705,0,0,3,True
1706,0,0,3,True
1707,0,0,0,False
1708,0,0,0,False
1709,0,0,0,False
1710,0,0,3,True
1711,0,0,0,False
1712,0,0,3,True
1713,0,0,0,False
1714,0,0,3,True
1715,0,0,0,False
1716,0,0,0,False
1717,0,0,0,False
1718,0,0,0,False
1719,0,0,3,True
1720,0,1,0,False
1721,0,0,3,True
1722,0,0,2,True
1723,0,0,3,True
1724,0,0,3,True
1725,0,0,0,False
1726,0,0,0,False
1727,0,0,0,False
1728,0,0,3,True
1729,0,0,3,True
1730,0,0,3,True
1731,0,0,3,True
1732,0,0,0,False
1733,0,0,0,False
1734,0,0,0,False
1735,0,0,0,False
1736,0,0,0,False
1737,0,0,0,False
1738,0,0,3,True
1739,0,0,3,True
1740,0,0,0,False
1741,0,0,0,False
1742,0,0,2,True
1743,0,0,0,False
1744,0,0,3,True
1745,0,0,3,True
1746,0,0,0,False
1747,0,0,0,False
1748,0,0,0,False
1749,0,0,0,False
1750,0,0,3,True
1751,0,0,2,True
1752,0,0,3,True
1753,0,0,3,True
1754,0,0,3,True
1755,0,0,0,False
1756,0,0,2,True
1757,0,0,0,False
1758,0,0,2,True
1759,0,0,3,True
1760,0,0,0,False
1761,0,0,0,False
1762,0,0,3,True
1763,0,0,0,False
1764,0,0,0,False
1765,0,0,0,False
1766,0,0,0,False
1767,0,0,0,False
1768,0,0,0,False
1769,0,0,3,True
1770,0,0,0,False
1771,0,0,0,False
1772,0,0,3,True
1773,0,0,0,False
1774,0,0,0,False
1775,0,0,0,False
1776,0,0,3,True
1777,0,0,3,True
1778,0,0,3,True
1779,0,0,3,True
1780,0,0,0,False
1781,0,0,0,False
1782,0,0,3,True
1783,0,0,3,True
1784,0,0,0,False
1785,0,0,3,True
1786,0,0,3,True
1787,0,0,3,True
1788,0,0,0,False
1789,0,0,0,False
1790,0,0,3,True
1791,0,0,0,False
1792,0,0,0,False
1793,0,0,3,True
1794,0,0,3,True
1795,0,0,0,False
1796,0,0,0,False
1797,0,0,2,True
1798,0,0,3,True
1799,0,0,0,False
1800,0,0,3,True
1801,0,0,3,True
1802,0,0,0,False
1803,0,0,0,False
1804,0,0,0,False
1805,0,0,0,False
1806,0,0,0,False
1807,0,0,0,False
1808,0,0,3,True
1809,0,0,0,False
1810,0,0,3,True
1811,0,0,0,False
1812,0,0,0,False
1813,0,0,3,True
1814,0,0,0,False
1815,0,0,0,False
1816,0,0,3,True
1817,0,0,2,True
1818,0,0,0,False
1819,0,0,0,False
1820,0,0,3,True
1821,0,0,0,False
1822,0,0,0,False
1823,0,0,0,False
1824,0,0,3,True
1825,0,0,0,False
1826,0,0,3,True
1827,0,0,0,False
1828,0,0,0,False
1829,0,0,3,True
1830,0,0,0,False
1831,0,0,0,False
1832,0,0,0,False
1833,0,0,0,False
1834,0,0,3,True
1835,0,0,0,False
1836,0,0,0,False
1837,0,0,0,False
1838,0,0,3,True
1839,0,0,0,False
1840,0,0,3,True
1841,0,0,0,False
1842,0,0,3,True
1843,0,1,3,False
1844,0,0,0,False
1845,0,0,3,True
1846,0,0,0,False
1847,0,0,3,True
1848,0,0,0,False
1849,0,0,0,False
1850,0,0,3,True
1851,0,0,0,False
1852,0,0,0,False
1853,0,0,0,False
1854,0,0,0,False
1855,0,0,3,True
1856,0,0,0,False
1857,0,0,3,True
1858,0,3,3,False
1859,0,0,0,False
1860,0,0,0,False
1861,0,0,0,False
1862,0,0,3,True
1863,0,0,3,True
1864,0,0,3,True
1865,0,0,3,True
1866,0,0,0,False
1867,0,0,3,True
1868,0,0,0,False
1869,0,0,0,False
1870,0,0,3,True
1871,0,0,0,False
1872,0,0,0,False
1873,0,0,2,True
1874,0,0,3,True
1875,0,0,0,False
1876,0,0,0,False
1877,0,0,0,False
1878,0,0,3,True
1879,0,0,0,False
1880,0,0,0,False
1881,0,0,0,False
1882,0,0,3,True
1883,0,0,0,False
1884,0,0,3,True
1885,0,0,3,True
1886,0,0,0,False
1887,0,0,0,False
1888,0,0,0,False
1889,0,0,0,False
1890,0,0,0,False
1891,0,0,3,True
1892,0,0,1,True
1893,0,0,0,False
1894,0,0,0,False
1895,0,0,3,True
1896,0,0,0,False
1897,0,0,3,True
1898,0,0,0,False
1899,0,0,0,False
1900,0,0,3,True
1901,0,0,3,True
1902,0,0,3,True
1903,0,0,3,True
1904,0,0,0,False
1905,0,0,3,True
1906,0,0,0,False
1907,0,0,0,False
1908,0,0,3,True
1909,0,0,0,False
1910,0,0,0,False
1911,0,0,0,False
1912,0,0,0,False
1913,0,0,0,False
1914,0,0,0,False
1915,0,0,3,True
1916,0,0,0,False
1917,0,0,3,True
1918,0,0,0,False
1919,0,0,0,False
1920,0,0,0,False
1921,0,0,0,False
1922,0,0,0,False
1923,0,0,0,False
1924,0,0,0,False
1925,0,0,3,True
1926,0,2,3,False
1927,0,0,0,False
1928,0,0,0,False
1929,0,0,0,False
1930,0,0,0,False
1931,0,0,3,True
1932,0,0,0,False
1933,0,0,3,True
1934,0,0,3,True
1935,0,0,0,False
1936,0,0,0,False
1937,0,0,3,True
1938,0,0,0,False
1939,0,0,3,True
1940,0,0,3,True
1941,0,0,3,True
1942,0,0,3,True
1943,0,0,0,False
1944,0,0,3,True
1945,0,0,0,False
1946,0,0,0,False
1947,0,0,3,True
1948,0,0,0,False
1949,0,0,0,False
1950,0,0,0,False
1951,0,0,0,False
1952,0,0,0,False
1953,0,0,0,False
1954,0,0,0,False
1955,0,0,0,False
1956,0,0,3,True
1957,0,0,0,False
1958,0,0,3,True
1959,0,0,3,True
1960,0,0,3,True
1961,0,0,0,False
1962,0,0,0,False
1963,0,0,0,False
1964,0,0,3,True
1965,0,0,0,False
1966,0,0,0,False
1967,0,0,0,False
1968,0,0,3,True
1969,0,0,0,False
1970,0,0,0,False
1971,0,0,0,False
1972,0,0,3,True
1973,0,0,0,False
1974,0,0,3,True
1975,0,0,3,True
1976,0,0,3,True
1977,0,0,3,True
1978,0,0,0,False
1979,0,0,0,False
1980,0,0,0,False
1981,0,0,3,True
1982,0,0,0,False
1983,0,0,0,False
1984,0,0,0,False
1985,0,0,0,False
1986,0,0,3,True
1987,0,0,3,True
1988,0,0,0,False
1989,0,0,0,False
1990,0,0,0,False
1991,0,0,3,True
1992,0,0,3,True
1993,0,0,0,False
1994,0,0,3,True
1995,0,0,0,False
1996,0,0,3,True
1997,0,0,3,True
1998,0,0,3,True
1999,0,0,0,False
2000,0,0,3,True
2001,0,0,0,False
2002,0,0,3,True
2003,0,0,0,False
2004,0,0,3,True
2005,0,0,0,False
2006,0,0,3,True
2007,0,0,0,False
2008,0,0,0,False
2009,0,0,0,False
2010,0,0,0,False
2011,0,0,0,False
2012,0,0,0,False
2013,0,0,3,True
2014,0,0,2,True
2015,0,0,0,False
2016,0,0,0,False
2017,0,0,3,True
2018,0,0,0,False
2019,0,0,3,True
2020,0,0,3,True
2021,0,0,3,True
2022,0,0,0,False
2023,0,0,0,False
2024,0,0,0,False
2025,0,0,3,True
2026,0,0,0,False
2027,0,0,3,True
2028,0,0,3,True
2029,0,0,3,True
2030,0,0,0,False
2031,0,0,3,True
2032,0,0,3,True
2033,0,0,3,True
2034,0,0,3,True
2035,0,0,0,False
2036,0,0,0,False
2037,0,0,0,False
2038,0,0,3,True
2039,0,0,0,False
2040,0,0,3,True
2041,0,0,0,False
2042,0,0,3,True
2043,0,0,0,False
2044,0,0,3,True
2045,0,0,0,False
2046,0,0,3,True
2047,0,0,0,False
2048,0,0,3,True
2049,0,0,0,False
2050,0,0,0,False
2051,0,0,3,True
2052,0,0,3,True
2053,0,0,3,True
2054,0,0,3,True
2055,0,0,3,True
2056,0,0,0,False
2057,0,0,0,False
2058,0,0,0,False
2059,0,0,3,True
2060,0,0,0,False
2061,0,0,0,False
2062,0,0,0,False
2063,0,0,0,False
2064,0,0,0,False
2065,0,0,3,True
2066,0,0,3,True
2067,0,0,3,True
2068,0,0,0,False
2069,0,0,3,True
2070,0,0,3,True
2071,0,0,0,False
2072,0,0,3,True
2073,0,0,0,False
2074,0,0,0,False
2075,0,0,0,False
2076,0,0,3,True
2077,0,0,0,False
2078,0,0,3,True
2079,0,0,0,False
2080,0,0,3,True
2081,0,0,0,False
2082,0,0,3,True
2083,0,0,3,True
2084,0,0,3,True
2085,0,0,3,True
2086,0,0,0,False
2087,0,0,0,False
2088,0,0,0,False
2089,0,0,3,True
2090,0,0,0,False
2091,0,0,3,True
2092,0,0,0,False
2093,0,0,3,True
2094,0,0,3,True
2095,0,0,3,True
2096,0,0,0,False
2097,0,0,0,False
2098,0,0,0,False
2099,0,0,3,True
2100,0,0,3,True
2101,0,0,3,True
2102,0,0,3,True
2103,0,0,0,False
2104,0,0,3,True
2105,0,0,3,True
2106,0,0,3,True
2107,0,0,0,False
2108,0,0,0,False
2109,0,0,3,True
2110,0,0,0,False
2111,0,0,3,True
2112,0,0,3,True
2113,0,0,0,False
2114,0,1,3,False
2115,0,0,0,False
2116,0,0,3,True
2117,0,0,3,True
2118,0,0,0,False
2119,0,0,3,True
2120,0,0,3,True
2121,0,0,0,False
2122,0,0,0,False
2123,0,0,0,False
2124,0,0,0,False
2125,0,0,0,False
2126,0,0,0,False
2127,0,0,0,False
2128,0,0,0,False
2129,0,0,3,True
2130,0,0,3,True
2131,0,0,0,False
2132,0,0,3,True
2133,0,0,0,False
2134,0,0,2,True
2135,0,0,0,False
2136,0,0,3,True
2137,0,0,3,True
2138,0,0,0,False
2139,0,0,3,True
2140,0,0,3,True
2141,0,0,0,False
2142,0,0,0,False
2143,0,0,0,False
2144,0,0,3,True
2145,0,0,0,False
2146,0,0,0,False
2147,0,0,0,False
2148,0,0,0,False
2149,0,0,0,False
2150,0,0,0,False
2151,0,0,0,False
2152,0,0,3,True
2153,0,0,3,True
2154,0,0,0,False
2155,0,0,0,False
2156,0,0,0,False
2157,0,0,3,True
2158,0,0,0,False
2159,0,0,0,False
2160,0,0,0,False
2161,0,0,0,False
2162,0,0,0,False
2163,0,0,3,True
2164,0,0,3,True
2165,0,0,0,False
2166,0,0,3,True
2167,0,0,0,False
2168,0,0,0,False
2169,0,0,3,True
2170,0,0,3,True
2171,0,0,3,True
2172,0,0,0,False
2173,0,0,0,False
2174,0,0,0,False
2175,0,0,0,False
2176,0,0,0,False
2177,0,0,0,False
2178,0,0,0,False
2179,0,0,0,False
2180,0,0,3,True
2181,0,0,0,False
2182,0,0,3,True
2183,0,0,0,False
2184,0,0,0,False
2185,0,0,3,True
2186,0,0,0,False
2187,0,0,0,False
2188,0,0,0,False
2189,0,0,3,True
2190,0,0,3,True
2191,0,0,3,True
2192,0,0,0,False
2193,0,0,3,True
2194,0,0,0,False
2195,0,0,3,True
2196,0,0,0,False
2197,0,0,3,True
2198,0,0,0,False
2199,0,0,0,False
2200,0,0,0,False
2201,0,0,2,True
2202,0,0,3,True
2203,0,0,0,False
2204,0,0,3,True
2205,0,0,3,True
2206,0,0,0,False
2207,0,0,3,True
2208,0,0,0,False
2209,0,0,3,True
2210,0,3,3,False
2211,0,0,0,False
2212,0,0,0,False
2213,0,0,0,False
2214,0,0,3,True
2215,0,0,0,False
2216,0,0,0,False
2217,0,0,3,True
2218,0,0,3,True
2219,0,0,3,True
2220,0,0,0,False
2221,0,0,0,False
2222,0,0,0,False
2223,0,0,3,True
2224,0,0,3,True
2225,0,0,3,True
2226,0,0,3,True
2227,0,0,0,False
2228,0,0,0,False
2229,0,0,0,False
2230,0,0,3,True
2231,0,0,0,False
2232,0,0,0,False
2233,0,0,3,True
2234,0,0,0,False
2235,0,0,0,False
2236,0,0,3,True
2237,0,0,0,False
2238,0,0,3,True
2239,0,0,0,False
2240,0,0,1,True
2241,0,0,0,False
2242,0,0,0,False
2243,0,0,0,False
2244,0,0,3,True
2245,0,0,0,False
2246,0,0,3,True
2247,0,0,0,False
2248,0,0,3,True
2249,0,0,3,True
2250,0,0,0,False
2251,0,0,3,True
2252,0,0,3,True
2253,0,0,0,False
2254,0,0,3,True
2255,0,0,3,True
2256,0,0,0,False
2257,0,0,0,False
2258,0,0,0,False
2259,0,0,3,True
2260,0,0,3,True
2261,0,0,3,True
2262,0,0,2,True
2263,0,0,3,True
2264,0,0,3,True
2265,0,0,0,False
2266,0,0,3,True
2267,0,0,3,True
2268,0,0,3,True
2269,0,0,0,False
2270,0,0,0,False
2271,0,0,0,False
2272,0,0,3,True
2273,0,0,0,False
2274,0,0,0,False
2275,0,0,0,False
2276,0,0,0,False
2277,0,0,0,False
2278,0,0,3,True
2279,0,0,3,True
2280,0,0,3,True
2281,0,0,0,False
2282,0,0,1,True
2283,0,0,0,False
2284,0,0,0,False
2285,0,0,3,True
2286,0,0,0,False
2287,0,0,0,False
2288,0,0,3,True
2289,0,0,0,False
2290,0,0,0,False
2291,0,0,3,True
2292,0,0,2,True
2293,0,0,3,True
2294,0,0,0,False
2295,0,0,3,True
2296,0,0,0,False
2297,0,0,0,False
2298,0,0,0,False
2299,0,0,0,False
2300,0,0,0,False
2301,0,0,2,True
2302,0,0,0,False
2303,0,0,3,True
2304,0,0,0,False
2305,0,0,0,False
2306,0,0,0,False
2307,0,0,0,False
2308,0,0,0,False
2309,0,0,3,True
2310,0,0,0,False
2311,0,0,3,True
2312,0,0,0,False
2313,0,0,0,False
2314,0,0,0,False
2315,0,0,0,False
2316,0,0,3,True
2317,0,0,3,True
2318,0,0,0,False
2319,0,0,0,False
2320,0,0,0,False
2321,0,0,0,False
2322,0,0,3,True
2323,0,0,0,False
2324,0,0,3,True
2325,0,0,3,True
2326,0,0,3,True
2327,0,0,0,False
2328,0,0,3,True
2329,0,0,3,True
2330,0,0,0,False
2331,0,0,0,False
2332,0,0,3,True
2333,0,0,3,True
2334,0,0,0,False
2335,0,0,0,False
2336,0,0,0,False
2337,0,0,2,True
2338,0,0,0,False
2339,0,0,3,True
2340,0,0,0,False
2341,0,0,3,True
2342,0,0,0,False
2343,0,0,0,False
2344,0,0,0,False
2345,0,0,3,True
2346,0,0,3,True
2347,0,0,0,False
2348,0,0,0,False
2349,0,0,3,True
2350,0,0,3,True
2351,0,0,0,False
2352,0,0,0,False
2353,0,0,3,True
2354,0,0,0,False
2355,0,0,0,False
2356,0,0,0,False
2357,0,0,0,False
2358,0,0,0,False
2359,0,0,3,True
2360,0,0,0,False
2361,0,0,0,False
2362,0,0,3,True
2363,0,0,0,False
2364,0,0,3,True
2365,0,0,3,True
2366,0,0,0,False
2367,0,0,0,False
2368,0,0,0,False
2369,0,0,0,False
2370,0,0,0,False
2371,0,0,0,False
2372,0,0,0,False
2373,0,0,0,False
2374,0,0,0,False
2375,0,0,3,True
2376,0,0,0,False
2377,0,0,0,False
2378,0,0,3,True
2379,0,0,0,False
2380,0,0,3,True
2381,0,0,3,True
2382,0,0,0,False
2383,0,0,3,True
2384,0,0,0,False
2385,0,0,3,True
2386,0,0,3,True
2387,0,0,3,True
2388,0,0,3,True
2389,0,0,0,False
2390,0,0,0,False
2391,0,0,3,True
2392,0,0,2,True
2393,0,0,3,True
2394,0,0,3,True
2395,0,0,0,False
2396,0,0,3,True
2397,0,0,3,True
2398,0,0,3,True
2399,0,0,0,False
2400,0,0,3,True
2401,0,0,3,True
2402,0,0,0,False
2403,0,0,0,False
2404,0,0,0,False
2405,0,3,3,False
2406,0,0,0,False
2407,0,0,0,False
2408,0,3,3,False
2409,0,0,3,True
2410,0,0,3,True
2411,0,0,0,False
2412,0,0,0,False
2413,0,0,0,False
2414,0,0,0,False
2415,0,0,3,True
2416,0,0,0,False
2417,0,0,0,False
2418,0,0,0,False
2419,0,0,0,False
2420,0,0,3,True
2421,0,0,0,False
2422,0,0,3,True
2423,0,0,0,False
2424,0,0,0,False
2425,0,0,3,True
2426,0,0,0,False
2427,0,0,0,False
2428,0,0,0,False
2429,0,0,3,True
2430,0,0,3,True
2431,0,0,0,False
2432,0,0,3,True
2433,0,0,0,False
2434,0,0,0,False
2435,0,0,0,False
2436,0,0,0,False
2437,0,0,0,False
2438,0,0,0,False
2439,0,0,0,False
2440,0,0,0,False
2441,0,0,3,True
2442,0,0,3,True
2443,0,0,3,True
2444,0,0,3,True
2445,0,0,0,False
2446,0,0,3,True
2447,0,0,0,False
2448,0,0,0,False
2449,0,0,0,False
2450,0,0,0,False
2451,0,0,3,True
2452,0,0,3,True
2453,0,0,3,True
2454,0,0,0,False
2455,0,0,0,False
2456,0,0,0,False
2457,0,0,3,True
2458,0,0,0,False
2459,0,0,3,True
2460,0,0,0,False
2461,0,0,0,False
2462,0,0,0,False
2463,0,0,0,False
2464,0,0,3,True
2465,0,0,0,False
2466,0,0,0,False
2467,0,0,0,False
2468,0,0,0,False
2469,0,0,3,True
2470,0,0,3,True
2471,0,0,3,True
2472,0,0,0,False
2473,0,0,0,False
2474,0,0,3,True
2475,0,0,3,True
2476,0,0,3,True
2477,0,0,3,True
2478,0,0,0,False
2479,0,0,3,True
2480,0,0,0,False
2481,0,0,0,False
2482,0,0,0,False
2483,0,0,0,False
2484,0,0,0,False
2485,0,0,3,True
2486,0,0,3,True
2487,0,0,3,True
2488,0,0,0,False
2489,0,0,0,False
2490,0,0,3,True
2491,0,0,0,False
2492,0,0,3,True
2493,0,0,0,False
2494,0,0,0,False
2495,0,0,0,False
2496,0,0,3,True
2497,0,0,0,False
2498,0,0,0,False
2499,0,0,0,False
2500,0,0,3,True
2501,0,0,3,True
2502,0,0,0,False
2503,0,0,0,False
2504,0,0,0,False
2505,0,0,0,False
2506,0,0,3,True
2507,0,0,3,True
2508,0,0,3,True
2509,0,0,3,True
2510,0,0,3,True
2511,0,0,0,False
2512,0,0,3,True
2513,0,0,3,True
2514,0,0,3,True
2515,0,0,0,False
2516,0,0,0,False
2517,0,0,0,False
2518,0,0,0,False
2519,0,0,0,False
2520,0,0,0,False
2521,0,0,0,False
2522,0,0,0,False
2523,0,0,3,True
2524,0,0,0,False
2525,0,0,3,True
2526,0,0,3,True
2527,0,0,0,False
2528,0,0,0,False
2529,0,0,0,False
2530,0,0,0,False
2531,0,0,0,False
2532,0,0,3,True
2533,0,0,0,False
2534,0,0,0,False
2535,0,0,0,False
2536,0,0,3,True
2537,0,0,0,False
2538,0,0,0,False
2539,0,0,0,False
2540,0,0,0,False
2541,0,0,0,False
2542,0,0,3,True
2543,0,0,0,False
2544,0,0,3,True
2545,0,0,0,False
2546,0,0,0,False
2547,0,0,3,True
2548,0,0,3,True
2549,0,0,3,True
2550,0,0,3,True
2551,0,0,3,True
2552,0,0,3,True
2553,0,0,0,False
2554,0,0,3,True
2555,0,0,0,False
2556,0,0,3,True
2557,0,0,3,True
2558,0,0,0,False
2559,0,0,3,True
2560,0,0,0,False
2561,0,0,0,False
2562,0,0,0,False
2563,0,0,3,True
2564,0,0,3,True
2565,0,0,3,True
2566,0,0,0,False
2567,0,0,3,True
2568,0,0,0,False
2569,0,0,3,True
2570,0,0,0,False
2571,0,0,0,False
2572,0,0,0,False
2573,0,0,0,False
2574,0,0,0,False
2575,0,0,3,True
2576,0,0,0,False
2577,0,0,0,False
2578,0,0,3,True
2579,0,0,3,True
2580,0,0,3,True
2581,0,0,0,False
2582,0,0,0,False
2583,0,0,0,False
2584,0,0,3,True
2585,0,0,3,True
2586,0,0,0,False
2587,0,0,3,True
2588,0,0,0,False
2589,0,0,3,True
2590,0,3,3,False
2591,0,0,0,False
2592,0,0,3,True
2593,0,0,0,False
2594,0,0,0,False
2595,0,0,3,True
2596,0,0,0,False
2597,0,0,3,True
2598,0,0,0,False
2599,0,0,0,False
2600,0,0,3,True
2601,0,0,0,False
2602,0,0,3,True
2603,0,0,0,False
2604,0,0,1,True
2605,0,0,3,True
2606,0,0,3,True
2607,0,0,3,True
2608,0,0,0,False
2609,0,0,3,True
2610,0,0,0,False
2611,0,0,0,False
2612,0,0,3,True
2613,0,0,0,False
2614,0,0,0,False
2615,0,1,3,False
2616,0,0,0,False
2617,0,0,3,True
2618,0,0,3,True
2619,0,0,0,False
2620,0,0,0,False
2621,0,0,3,True
2622,0,0,0,False
2623,0,0,3,True
2624,0,0,0,False
2625,0,0,0,False
2626,0,0,0,False
2627,0,0,0,False
2628,0,0,0,False
2629,0,0,0,False
2630,0,0,3,True
2631,0,0,3,True
2632,0,0,3,True
2633,0,0,0,False
2634,0,0,4,True
2635,0,0,3,True
2636,0,0,0,False
2637,0,0,0,False
2638,0,0,0,False
2639,0,0,0,False
2640,0,0,3,True
2641,0,0,3,True
2642,0,0,0,False
2643,0,0,0,False
2644,0,0,0,False
2645,0,0,0,False
2646,0,0,3,True
2647,0,0,0,False
2648,0,0,2,True
2649,0,0,3,True
2650,0,0,3,True
2651,0,0,0,False
2652,0,0,0,False
2653,0,0,0,False
2654,0,0,2,True
2655,0,0,0,False
2656,0,0,0,False
2657,0,0,3,True
2658,0,0,0,False
2659,0,0,3,True
2660,0,0,0,False
2661,0,0,3,True
2662,0,0,0,False
2663,0,0,0,False
2664,0,0,3,True
2665,0,0,0,False
2666,0,0,3,True
2667,0,0,3,True
2668,0,0,0,False
2669,0,0,3,True
2670,0,0,3,True
2671,0,0,0,False
2672,0,0,0,False
2673,0,0,3,True
2674,0,0,3,True
2675,0,0,0,False
2676,0,0,0,False
2677,0,0,0,False
2678,0,0,0,False
2679,0,0,3,True
2680,0,0,0,False
2681,0,0,0,False
2682,0,0,0,False
2683,0,0,3,True
2684,0,0,3,True
2685,0,0,0,False
2686,0,0,3,True
2687,0,0,3,True
2688,0,0,3,True
2689,0,0,3,True
2690,0,0,3,True
2691,0,0,0,False
2692,0,0,0,False
2693,0,0,0,False
2694,0,0,0,False
2695,0,0,3,True
2696,0,0,0,False
2697,0,0,0,False
2698,0,0,0,False
2699,0,0,0,False
2700,0,0,0,False
2701,0,0,0,False
2702,0,0,0,False
2703,0,0,0,False
2704,0,0,0,False
2705,0,0,0,False
2706,0,0,0,False
2707,0,0,3,True
2708,0,0,3,True
2709,0,0,0,False
2710,0,0,3,True
2711,0,0,0,False
2712,0,0,3,True
2713,0,0,0,False
2714,0,0,0,False
2715,0,0,3,True
2716,0,0,3,True
2717,0,0,3,True
2718,0,0,0,False
2719,0,0,3,True
2720,0,0,0,False
2721,0,0,0,False
2722,0,0,3,True
2723,0,0,2,True
2724,0,0,0,False
2725,0,0,3,True
2726,0,0,3,True
2727,0,0,3,True
2728,0,0,0,False
2729,0,0,0,False
2730,0,0,0,False
2731,0,0,0,False
2732,0,0,3,True
2733,0,0,3,True
2734,0,0,0,False
2735,0,0,3,True
2736,0,0,3,True
2737,0,0,3,True
2738,0,0,0,False
2739,0,0,3,True
2740,0,0,3,True
2741,0,0,0,False
2742,0,0,0,False
2743,0,0,0,False
2744,0,0,3,True
2745,0,0,3,True
2746,0,0,0,False
2747,0,0,0,False
2748,0,0,3,True
2749,0,0,3,True
2750,0,0,3,True
2751,0,0,0,False
2752,0,0,0,False
2753,0,0,0,False
2754,0,0,3,True
2755,0,0,0,False
2756,0,0,3,True
2757,0,0,3,True
2758,0,0,3,True
2759,0,3,3,False
2760,0,0,3,True
2761,0,0,0,False
2762,0,0,3,True
2763,0,0,3,True
2764,0,0,0,False
2765,0,0,0,False
2766,0,0,0,False
2767,0,0,3,True
2768,0,0,3,True
2769,0,0,0,False
2770,0,0,0,False
2771,0,0,0,False
2772,0,0,0,False
2773,0,0,0,False
2774,0,0,0,False
2775,0,0,3,True
2776,0,0,3,True
2777,0,0,3,True
2778,0,0,3,True
2779,0,0,3,True
2780,0,0,3,True
2781,0,0,0,False
2782,0,0,0,False
2783,0,0,0,False
2784,0,0,0,False
2785,0,0,0,False
2786,0,0,3,True
2787,0,0,3,True
2788,0,0,3,True
2789,0,0,0,False
2790,0,0,3,True
2791,0,0,3,True
2792,0,0,3,True
2793,0,0,3,True
2794,0,0,3,True
2795,0,0,0,False
2796,0,0,0,False
2797,0,0,0,False
2798,0,0,0,False
2799,0,0,0,False
2800,0,0,0,False
2801,0,0,3,True
2802,0,0,3,True
2803,0,0,3,True
2804,0,0,0,False
2805,0,0,0,False
2806,0,0,0,False
2807,0,0,0,False
2808,0,0,0,False
2809,0,0,2,True
2810,0,0,3,True
2811,0,0,3,True
2812,0,0,3,True
2813,0,0,0,False
2814,0,0,3,True
2815,0,0,3,True
2816,0,0,0,False
2817,0,0,0,False
2818,0,0,0,False
2819,0,0,0,False
2820,0,0,0,False
2821,0,0,0,False
2822,0,0,3,True
2823,0,0,3,True
2824,0,0,0,False
2825,0,0,0,False
2826,0,0,3,True
2827,0,0,3,True
2828,0,0,0,False
2829,0,0,0,False
2830,0,0,3,True
2831,0,0,3,True
2832,0,0,0,False
2833,0,0,3,True
2834,0,0,0,False
2835,0,0,0,False
2836,0,0,0,False
2837,0,0,3,True
2838,0,0,2,True
2839,0,0,3,True
2840,0,0,0,False
2841,0,0,3,True
2842,0,0,3,True
2843,0,0,0,False
2844,0,0,0,False
2845,0,0,0,False
2846,0,0,0,False
2847,0,0,3,True
2848,0,0,3,True
2849,0,0,0,False
2850,0,0,3,True
2851,0,0,0,False
2852,0,0,0,False
2853,0,0,3,True
2854,0,0,3,True
2855,0,0,0,False
2856,0,0,0,False
2857,0,0,0,False
2858,0,0,0,False
2859,0,0,3,True
2860,0,0,0,False
2861,0,0,3,True
2862,0,0,0,False
2863,0,0,0,False
2864,0,0,3,True
2865,0,0,3,True
2866,0,0,3,True
2867,0,0,3,True
2868,0,0,0,False
2869,0,0,0,False
2870,0,0,3,True
2871,0,0,3,True
2872,0,0,0,False
2873,0,0,3,True
2874,0,0,0,False
2875,0,0,3,True
2876,0,0,0,False
2877,0,0,3,True
2878,0,0,0,False
2879,0,0,3,True
2880,0,0,3,True
2881,0,0,0,False
2882,0,0,3,True
2883,0,0,3,True
2884,0,0,0,False
2885,0,0,3,True
2886,0,0,0,False
2887,0,0,0,False
2888,0,0,3,True
2889,0,0,0,False
2890,0,0,3,True
2891,0,0,3,True
2892,0,0,3,True
2893,0,0,0,False
2894,0,0,3,True
2895,0,0,0,False
2896,0,0,0,False
2897,0,0,3,True
2898,0,0,3,True
2899,0,0,3,True
2900,0,0,0,False
2901,0,0,0,False
2902,0,0,3,True
2903,0,0,0,False
2904,0,0,0,False
2905,0,0,3,True
2906,0,0,0,False
2907,0,0,3,True
2908,0,0,3,True
2909,0,0,2,True
2910,0,0,0,False
2911,0,0,3,True
2912,0,0,0,False
2913,0,0,0,False
2914,0,0,0,False
2915,0,0,0,False
2916,0,0,0,False
2917,0,0,3,True
2918,0,0,3,True
2919,0,0,0,False
2920,0,0,3,True
2921,0,0,2,True
2922,0,0,3,True
2923,0,0,3,True
2924,0,0,0,False
2925,0,0,0,False
2926,0,0,3,True
2927,0,0,2,True
2928,0,0,3,True
2929,0,0,0,False
2930,0,0,0,False
2931,0,0,3,True
2932,0,0,0,False
2933,0,0,0,False
2934,0,0,0,False
2935,0,0,3,True
2936,0,0,3,True
2937,0,0,3,True
2938,0,0,0,False
2939,0,0,0,False
2940,0,0,3,True
2941,0,0,3,True
2942,0,0,0,False
2943,0,0,3,True
2944,0,0,0,False
2945,0,0,3,True
2946,0,0,0,False
2947,0,0,3,True
2948,0,0,0,False
2949,0,0,0,False
2950,0,0,3,True
2951,0,0,3,True
2952,0,0,0,False
2953,0,0,0,False
2954,0,0,0,False
2955,0,0,0,False
2956,0,0,0,False
2957,0,0,3,True
2958,0,0,0,False
2959,0,0,3,True
2960,0,0,3,True
2961,0,0,3,True
2962,0,0,0,False
2963,0,0,3,True
2964,0,0,3,True
2965,0,0,0,False
2966,0,0,0,False
2967,0,0,0,False
2968,0,0,3,True
2969,0,0,0,False
2970,0,0,3,True
2971,0,0,3,True
2972,0,0,3,True
2973,0,0,0,False
2974,0,0,0,False
2975,0,0,0,False
2976,0,0,3,True
2977,0,0,3,True
2978,0,0,0,False
2979,0,0,0,False
2980,0,0,0,False
2981,0,0,0,False
2982,0,0,0,False
2983,0,0,3,True
2984,0,0,0,False
2985,0,0,0,False
2986,0,0,0,False
2987,0,0,0,False
2988,0,0,0,False
2989,0,0,0,False
2990,0,0,0,False
2991,0,0,0,False
2992,0,0,0,False
2993,0,0,0,False
2994,0,0,3,True
2995,0,0,0,False
2996,0,0,3,True
2997,0,0,3,True
2998,0,0,0,False
2999,0,0,0,False
3000,0,0,3,True
3001,0,0,0,False
3002,0,0,2,True
3003,0,0,3,True
3004,0,0,3,True
3005,0,0,0,False
3006,0,0,3,True
3007,0,0,3,True
3008,0,0,3,True
3009,0,0,0,False
3010,0,0,0,False
3011,0,0,0,False
3012,0,0,3,True
3013,0,0,0,False
3014,0,0,3,True
3015,0,0,0,False
3016,0,0,0,False
3017,0,0,0,False
3018,0,0,3,True
3019,0,0,0,False
3020,0,0,3,True
3021,0,0,0,False
3022,0,0,3,True
3023,0,0,3,True
3024,0,0,3,True
3025,0,0,3,True
3026,0,0,3,True
3027,0,0,0,False
3028,0,0,0,False
3029,0,0,0,False
3030,0,0,3,True
3031,0,0,3,True
3032,0,0,0,False
3033,0,0,3,True
3034,0,0,0,False
3035,0,0,3,True
3036,0,0,3,True
3037,0,0,0,False
3038,0,0,3,True
3039,0,0,0,False
3040,0,0,0,False
3041,0,0,0,False
3042,0,0,3,True
3043,0,0,3,True
3044,0,0,3,True
3045,0,0,0,False
3046,0,0,3,True
3047,0,0,3,True
3048,0,0,0,False
3049,0,0,3,True
3050,0,0,0,False
3051,0,0,0,False
3052,0,0,0,False
3053,0,0,3,True
3054,0,0,3,True
3055,0,0,0,False
3056,0,0,0,False
3057,0,0,0,False
3058,0,0,3,True
3059,0,0,0,False
3060,0,0,0,False
3061,0,0,3,True
3062,0,0,2,True
3063,0,0,0,False
3064,0,0,0,False
3065,0,0,0,False
3066,0,0,3,True
3067,0,0,0,False
3068,0,0,0,False
3069,0,0,3,True
3070,0,0,3,True
3071,0,0,3,True
3072,0,0,0,False
3073,0,0,3,True
3074,0,0,0,False
3075,0,0,3,True
3076,0,0,3,True
3077,0,0,3,True
3078,0,0,0,False
3079,0,0,0,False
3080,0,0,3,True
3081,0,0,3,True
3082,0,0,0,False
3083,0,0,0,False
3084,0,0,3,True
3085,0,0,0,False
3086,0,0,0,False
3087,0,0,3,True
3088,0,0,0,False
3089,0,0,0,False
3090,0,0,0,False
3091,0,0,0,False
3092,0,0,3,True
3093,0,0,3,True
3094,0,0,3,True
3095,0,0,3,True
3096,0,0,0,False
3097,0,0,3,True
3098,0,0,0,False
3099,0,0,0,False
3100,0,0,0,False
3101,0,0,0,False
3102,0,0,0,False
3103,0,0,0,False
3104,0,0,0,False
3105,0,0,0,False
3106,0,0,0,False
3107,0,0,0,False
3108,0,0,0,False
3109,0,0,3,True
3110,0,0,3,True
3111,0,0,0,False
3112,0,0,0,False
3113,0,0,0,False
3114,0,0,0,False
3115,0,0,0,False
3116,0,0,3,True
3117,0,0,0,False
3118,0,0,3,True
3119,0,0,0,False
3120,0,0,0,False
3121,0,0,3,True
3122,0,0,3,True
3123,0,0,0,False
3124,0,0,0,False
3125,0,0,2,True
3126,0,0,0,False
3127,0,0,0,False
3128,0,0,3,True
3129,0,0,3,True
3130,0,0,0,False
3131,0,0,3,True
3132,0,0,2,True
3133,0,0,0,False
3134,0,0,3,True
3135,0,0,3,True
3136,0,0,0,False
3137,0,0,0,False
3138,0,0,0,False
3139,0,0,0,False
3140,0,0,0,False
3141,0,0,0,False
3142,0,0,0,False
3143,0,0,3,True
3144,0,0,3,True
3145,0,0,0,False
3146,0,0,3,True
3147,0,0,2,True
3148,0,0,3,True
3149,0,0,3,True
3150,0,0,0,False
3151,0,0,2,True
3152,0,0,3,True
3153,0,0,0,False
3154,0,0,0,False
3155,0,0,3,True
3156,0,0,3,True
3157,0,0,3,True
3158,0,0,0,False
3159,0,0,2,True
3160,0,0,3,True
3161,0,0,3,True
3162,0,0,0,False
3163,0,0,3,True
3164,0,0,0,False
3165,0,0,0,False
3166,0,0,0,False
3167,0,0,2,True
3168,0,0,3,True
3169,0,0,3,True
3170,0,0,0,False
3171,0,0,0,False
3172,0,0,0,False
3173,0,0,0,False
3174,0,0,3,True
3175,0,0,3,True
3176,0,0,3,True
3177,0,0,0,False
3178,0,0,3,True
3179,0,0,0,False
3180,0,0,3,True
3181,0,0,3,True
3182,0,0,0,False
3183,0,0,3,True
3184,0,0,3,True
3185,0,0,0,False
3186,0,0,0,False
3187,0,0,0,False
3188,0,0,3,True
3189,0,0,0,False
3190,0,0,3,True
3191,0,0,0,False
3192,0,0,0,False
3193,0,0,3,True
3194,0,0,3,True
3195,0,0,0,False
3196,0,0,0,False
3197,0,0,3,True
3198,0,0,0,False
3199,0,0,3,True
3200,0,0,3,True
3201,0,0,0,False
3202,0,0,3,True
3203,0,0,0,False
3204,0,0,0,False
3205,0,0,0,False
3206,0,0,0,False
3207,0,0,3,True
3208,0,0,3,True
3209,0,0,0,False
3210,0,0,0,False
3211,0,0,0,False
3212,0,0,0,False
3213,0,0,0,False
3214,0,0,0,False
3215,0,0,2,True
3216,0,0,3,True
3217,0,0,0,False
3218,0,0,0,False
3219,0,0,0,False
3220,0,0,3,True
3221,0,0,2,True
3222,0,0,0,False
3223,0,0,0,False
3224,0,0,0,False
3225,0,0,0,False
3226,0,0,0,False
3227,0,0,0,False
3228,0,0,0,False
3229,0,0,0,False
3230,0,0,0,False
3231,0,0,3,True
3232,0,0,3,True
3233,0,0,0,False
3234,0,0,3,True
3235,0,0,0,False
3236,0,0,3,True
3237,0,0,3,True
3238,0,0,3,True
3239,0,0,0,False
3240,0,0,0,False
3241,0,0,3,True
3242,0,0,0,False
3243,0,0,0,False
3244,0,0,2,True
3245,0,0,0,False
3246,0,0,0,False
3247,0,0,3,True
3248,0,0,0,False
3249,0,0,0,False
3250,0,0,3,True
3251,0,0,0,False
3252,0,0,3,True
3253,0,0,0,False
3254,0,0,0,False
3255,0,0,0,False
3256,0,0,0,False
3257,0,0,3,True
3258,0,0,0,False
3259,0,0,0,False
3260,0,0,0,False
3261,0,0,3,True
3262,0,0,0,False
3263,0,0,0,False
3264,0,0,0,False
3265,0,0,0,False
3266,0,0,0,False
3267,0,0,0,False
3268,0,0,0,False
3269,0,0,3,True
3270,0,0,3,True
3271,0,0,0,False
3272,0,0,3,True
3273,0,0,2,True
3274,0,0,0,False
3275,0,0,3,True
3276,0,0,0,False
3277,0,0,0,False
3278,0,0,0,False
3279,0,0,0,False
3280,0,0,3,True
3281,0,0,0,False
3282,0,0,0,False
3283,0,0,3,True
3284,0,0,0,False
3285,0,0,3,True
3286,0,0,3,True
3287,0,0,0,False
3288,0,0,3,True
3289,0,0,3,True
3290,0,0,3,True
3291,0,0,0,False
3292,0,0,3,True
3293,0,0,0,False
3294,0,0,3,True
3295,0,0,0,False
3296,0,0,2,True
3297,0,0,0,False
3298,0,0,0,False
3299,0,0,3,True
3300,0,0,3,True
3301,0,0,0,False
3302,0,0,0,False
3303,0,0,3,True
3304,0,0,0,False
3305,0,0,3,True
3306,0,0,3,True
3307,0,0,3,True
3308,0,0,0,False
3309,0,0,0,False
3310,0,0,0,False
3311,0,0,3,True
3312,0,0,0,False
3313,0,0,0,False
3314,0,0,3,True
3315,0,0,3,True
3316,0,0,0,False
3317,0,0,0,False
3318,0,0,0,False
3319,0,0,0,False
3320,0,0,3,True
3321,0,0,3,True
3322,0,0,0,False
3323,0,0,0,False
3324,0,0,0,False
3325,0,0,0,False
3326,0,0,3,True
3327,0,0,0,False
3328,0,0,3,True
3329,0,0,0,False
3330,0,0,0,False
3331,0,0,0,False
3332,0,0,0,False
3333,0,0,3,True
3334,0,0,3,True
3335,0,0,3,True
3336,0,0,0,False
3337,0,0,3,True
3338,0,0,0,False
3339,0,0,3,True
3340,0,0,3,True
3341,0,0,3,True
3342,0,0,3,True
3343,0,0,0,False
3344,0,0,0,False
3345,0,0,0,False
3346,0,0,2,True
3347,0,0,0,False
3348,0,0,3,True
3349,0,0,0,False
3350,0,0,0,False
3351,0,0,0,False
3352,0,0,3,True
3353,0,0,3,True
3354,0,0,0,False
3355,0,0,2,True
3356,0,0,3,True
3357,0,0,0,False
3358,0,0,0,False
3359,0,0,0,False
3360,0,0,0,False
3361,0,0,3,True
3362,0,0,3,True
3363,0,0,3,True
3364,0,0,0,False
3365,0,0,0,False
3366,0,0,0,False
3367,0,0,0,False
3368,0,0,0,False
3369,0,0,3,True
3370,0,0,0,False
3371,0,0,0,False
3372,0,0,0,False
3373,0,0,0,False
3374,0,0,3,True
3375,0,0,0,False
3376,0,0,0,False
3377,0,0,3,True
3378,0,0,0,False
3379,0,0,0,False
3380,0,0,3,True
3381,0,0,3,True
3382,0,0,0,False
3383,0,0,3,True
3384,0,0,3,True
3385,0,0,0,False
3386,0,0,0,False
3387,0,0,3,True
3388,0,0,0,False
3389,0,0,3,True
3390,0,0,3,True
3391,0,0,0,False
3392,0,0,3,True
3393,0,0,3,True
3394,0,0,0,False
3395,0,0,3,True
3396,0,0,0,False
3397,0,0,3,True
3398,0,0,3,True
3399,0,0,0,False
3400,0,0,0,False
3401,0,0,3,True
3402,0,0,3,True
3403,0,0,0,False
3404,0,0,0,False
3405,0,0,3,True
3406,0,0,3,True
3407,0,0,0,False
3408,0,0,3,True
3409,0,0,0,False
3410,0,0,0,False
3411,0,0,0,False
3412,0,0,3,True
3413,0,0,0,False
3414,0,0,3,True
3415,0,0,3,True
3416,0,0,3,True
3417,0,0,3,True
3418,0,0,3,True
3419,0,1,3,False
3420,0,0,0,False
3421,0,0,0,False
3422,0,0,0,False
3423,0,0,0,False
3424,0,0,0,False
3425,0,0,0,False
3426,0,0,0,False
3427,0,0,0,False
3428,0,0,0,False
3429,0,0,3,True
3430,0,0,0,False
3431,0,0,0,False
3432,0,0,3,True
3433,0,0,3,True
3434,0,0,0,False
3435,0,0,0,False
3436,0,0,3,True
3437,0,0,0,False
3438,0,0,0,False
3439,0,0,2,True
3440,0,0,3,True
3441,0,0,3,True
3442,0,0,2,True
3443,0,0,0,False
3444,0,0,0,False
3445,0,0,3,True
3446,0,0,3,True
3447,0,0,0,False
3448,0,0,3,True
3449,0,1,3,False
3450,0,0,3,True
3451,0,0,3,True
3452,0,0,3,True
3453,0,0,0,False
3454,0,0,3,True
3455,0,0,0,False
3456,0,0,0,False
3457,0,0,3,True
3458,0,0,0,False
3459,0,0,0,False
3460,0,0,3,True
3461,0,0,3,True
3462,0,0,3,True
3463,0,0,3,True
3464,0,0,0,False
3465,0,0,0,False
3466,0,0,0,False
3467,0,0,0,False
3468,0,0,0,False
3469,0,0,0,False
3470,0,0,0,False
3471,0,0,0,False
3472,0,0,3,True
3473,0,0,0,False
3474,0,0,0,False
3475,0,0,0,False
3476,0,0,0,False
3477,0,0,0,False
3478,0,0,0,False
3479,0,0,3,True
3480,0,0,0,False
3481,0,0,0,False
3482,0,0,3,True
3483,0,0,0,False
3484,0,0,3,True
3485,0,0,0,False
3486,0,0,3,True
3487,0,0,3,True
3488,0,0,0,False
3489,0,0,0,False
3490,0,0,0,False
3491,0,0,3,True
3492,0,0,0,False
3493,0,0,0,False
3494,0,0,0,False
3495,0,0,0,False
3496,0,0,0,False
3497,0,0,0,False
3498,0,0,3,True
3499,0,0,3,True
3500,0,0,3,True
3501,0,0,3,True
3502,0,0,0,False
3503,0,0,3,True
3504,0,0,3,True
3505,0,0,0,False
3506,0,0,0,False
3507,0,0,3,True
3508,0,0,0,False
3509,0,0,0,False
3510,0,0,0,False
3511,0,0,0,False
3512,0,0,3,True
3513,0,0,0,False
3514,0,0,2,True
3515,0,0,0,False
3516,0,0,3,True
3517,0,0,0,False
3518,0,0,0,False
3519,0,0,0,False
3520,0,0,3,True
3521,0,0,0,False
3522,0,0,0,False
3523,0,0,0,False
3524,0,0,0,False
3525,0,0,3,True
3526,0,0,3,True
3527,0,0,3,True
3528,0,0,0,False
3529,0,0,3,True
3530,0,0,3,True
3531,0,0,2,True
3532,0,0,0,False
3533,0,0,0,False
3534,0,0,0,False
3535,0,0,2,True
3536,0,0,0,False
3537,0,0,3,True
3538,0,0,0,False
3539,0,0,0,False
3540,0,0,3,True
3541,0,0,0,False
3542,0,0,0,False
3543,0,0,0,False
3544,0,0,0,False
3545,0,0,0,False
3546,0,0,0,False
3547,0,0,3,True
3548,0,0,0,False
3549,0,0,3,True
3550,0,0,0,False
3551,0,0,2,True
3552,0,0,3,True
3553,0,0,3,True
3554,0,0,0,False
3555,0,0,0,False
3556,0,0,3,True
3557,0,0,0,False
3558,0,0,3,True
3559,0,0,0,False
3560,0,0,3,True
3561,0,0,0,False
3562,0,0,3,True
3563,0,0,3,True
3564,0,0,3,True
3565,0,0,3,True
3566,0,0,3,True
3567,0,0,3,True
3568,0,0,3,True
3569,0,0,0,False
3570,0,0,0,False
3571,0,0,0,False
3572,0,0,0,False
3573,0,0,0,False
3574,0,0,0,False
3575,0,0,0,False
3576,0,0,0,False
3577,0,0,3,True
3578,0,0,3,True
3579,0,0,3,True
3580,0,0,0,False
3581,0,0,3,True
3582,0,0,0,False
3583,0,0,0,False
3584,0,0,3,True
3585,0,0,3,True
3586,0,0,3,True
3587,0,0,3,True
3588,0,0,0,False
3589,0,0,0,False
3590,0,0,3,True
3591,0,0,0,False
3592,0,0,3,True
3593,0,0,2,True
3594,0,0,3,True
3595,0,0,0,False
3596,0,0,0,False
3597,0,0,3,True
3598,0,0,0,False
3599,0,0,0,False
3600,0,0,3,True
3601,0,0,3,True
3602,0,0,0,False
3603,0,0,0,False
3604,0,0,0,False
3605,0,0,3,True
3606,0,0,3,True
3607,0,0,0,False
3608,0,0,3,True
3609,0,0,0,False
3610,0,0,3,True
3611,0,0,0,False
3612,0,0,0,False
3613,0,0,3,True
3614,0,0,3,True
3615,0,0,3,True
3616,0,0,3,True
3617,0,0,0,False
3618,0,0,3,True
3619,0,0,3,True
3620,0,0,3,True
3621,0,0,3,True
3622,0,0,0,False
3623,0,0,0,False
3624,0,0,0,False
3625,0,0,0,False
3626,0,0,0,False
3627,0,0,0,False
3628,0,0,0,False
3629,0,0,0,False
3630,0,0,3,True
3631,0,0,0,False
3632,0,0,0,False
3633,0,0,3,True
3634,0,0,0,False
3635,0,0,0,False
3636,0,0,0,False
3637,0,0,0,False
3638,0,0,0,False
3639,0,0,0,False
3640,0,0,0,False
3641,0,0,3,True
3642,0,0,0,False
3643,0,0,3,True
3644,0,0,0,False
3645,0,0,3,True
3646,0,0,0,False
3647,0,0,3,True
3648,0,0,0,False
3649,0,0,0,False
3650,0,0,0,False
3651,0,0,0,False
3652,0,0,0,False
3653,0,0,3,True
3654,0,0,3,True
3655,0,0,0,False
3656,0,0,0,False
3657,0,0,0,False
3658,0,0,0,False
3659,0,0,0,False
3660,0,0,3,True
3661,0,0,0,False
3662,0,0,2,True
3663,0,0,0,False
3664,0,0,0,False
3665,0,0,3,True
3666,0,0,3,True
3667,0,0,0,False
3668,0,0,3,True
3669,0,0,3,True
3670,0,0,0,False
3671,0,0,0,False
3672,0,0,0,False
3673,0,0,0,False
3674,0,0,0,False
3675,0,0,0,False
3676,0,0,0,False
3677,0,0,3,True
3678,0,0,0,False
3679,0,0,0,False
3680,0,0,0,False
3681,0,0,0,False
3682,0,0,3,True
3683,0,0,0,False
3684,0,0,3,True
3685,0,0,0,False
3686,0,0,0,False
3687,0,0,3,True
3688,0,0,3,True
3689,0,0,0,False
3690,0,0,3,True
3691,0,0,0,False
3692,0,0,3,True
3693,0,0,0,False
3694,0,0,3,True
3695,0,0,3,True
3696,0,0,1,True
3697,0,0,0,False
3698,0,0,0,False
3699,0,0,3,True
3700,0,0,0,False
3701,0,0,0,False
3702,0,0,0,False
3703,0,0,0,False
3704,0,0,3,True
3705,0,0,2,True
3706,0,0,1,True
3707,0,0,0,False
3708,0,0,0,False
3709,0,0,0,False
3710,0,0,3,True
3711,0,0,3,True
3712,0,0,0,False
3713,0,0,3,True
3714,0,0,3,True
3715,0,0,0,False
3716,0,0,0,False
3717,0,0,0,False
3718,0,0,3,True
3719,0,0,3,True
3720,0,0,0,False
3721,0,0,3,True
3722,0,0,3,True
3723,0,0,3,True
3724,0,0,3,True
3725,0,0,0,False
3726,0,0,0,False
3727,0,0,0,False
3728,0,0,0,False
3729,0,0,0,False
3730,0,0,3,True
3731,0,0,3,True
3732,0,0,0,False
3733,0,0,0,False
3734,0,0,3,True
3735,0,0,0,False
3736,0,0,3,True
3737,0,0,0,False
3738,0,0,0,False
3739,0,0,0,False
3740,0,0,0,False
3741,0,0,0,False
3742,0,0,0,False
3743,0,0,3,True
3744,0,0,0,False
3745,0,0,3,True
3746,0,0,0,False
3747,0,0,0,False
3748,0,0,3,True
3749,0,0,3,True
3750,0,0,0,False
3751,0,0,0,False
3752,0,0,0,False
3753,0,0,0,False
3754,0,0,3,True
3755,0,0,0,False
3756,0,0,0,False
3757,0,0,3,True
3758,0,0,0,False
3759,0,0,0,False
3760,0,0,0,False
3761,0,0,3,True
3762,0,0,0,False
3763,0,0,0,False
3764,0,0,0,False
3765,0,0,0,False
3766,0,0,0,False
3767,0,0,3,True
3768,0,0,0,False
3769,0,0,3,True
3770,0,0,0,False
3771,0,0,3,True
3772,0,0,0,False
3773,0,0,0,False
3774,0,0,0,False
3775,0,0,0,False
3776,0,0,3,True
3777,0,0,0,False
3778,0,0,0,False
3779,0,0,0,False
3780,0,0,0,False
3781,0,0,0,False
3782,0,0,0,False
3783,0,0,0,False
3784,0,0,1,True
3785,0,0,0,False
3786,0,0,0,False
3787,0,0,0,False
3788,0,0,3,True
3789,0,0,3,True
3790,0,0,0,False
3791,0,0,0,False
3792,0,0,3,True
3793,0,0,3,True
3794,0,0,3,True
3795,0,3,3,False
3796,0,0,0,False
3797,0,0,0,False
3798,0,0,3,True
3799,0,0,0,False
3800,0,0,0,False
3801,0,0,0,False
3802,0,0,0,False
3803,0,0,0,False
3804,0,0,3,True
3805,0,0,3,True
3806,0,0,3,True
3807,0,0,3,True
3808,0,0,3,True
3809,0,0,0,False
3810,0,0,3,True
3811,0,0,0,False
3812,0,0,2,True
3813,0,0,3,True
3814,0,0,3,True
3815,0,0,3,True
3816,0,0,0,False
3817,0,0,0,False
3818,0,0,0,False
3819,0,0,0,False
3820,0,0,1,True
3821,0,0,3,True
3822,0,0,3,True
3823,0,0,0,False
3824,0,0,0,False
3825,0,0,0,False
3826,0,0,0,False
3827,0,0,0,False
3828,0,0,3,True
3829,0,0,3,True
3830,0,0,0,False
3831,0,0,0,False
3832,0,0,0,False
3833,0,0,3,True
3834,0,0,0,False
3835,0,0,3,True
3836,0,0,2,True
3837,0,0,0,False
3838,0,0,3,True
3839,0,0,0,False
3840,0,0,3,True
3841,0,0,2,True
3842,0,0,0,False
3843,0,0,3,True
3844,0,0,0,False
3845,0,0,0,False
3846,0,0,0,False
3847,0,0,0,False
3848,0,0,3,True
3849,0,0,0,False
3850,0,0,0,False
3851,0,0,3,True
3852,0,0,0,False
3853,0,0,0,False
3854,0,0,0,False
3855,0,0,3,True
3856,0,0,0,False
3857,0,0,0,False
3858,0,0,3,True
3859,0,0,0,False
3860,0,0,0,False
3861,0,0,3,True
3862,0,0,3,True
3863,0,0,0,False
3864,0,0,0,False
3865,0,0,0,False
3866,0,0,3,True
3867,0,0,0,False
3868,0,0,0,False
3869,0,0,0,False
3870,0,0,3,True
3871,0,0,3,True
3872,0,0,0,False
3873,0,0,0,False
3874,0,0,3,True
3875,0,0,0,False
3876,0,0,0,False
3877,0,0,3,True
3878,0,0,3,True
3879,0,0,0,False
3880,0,0,0,False
3881,0,0,3,True
3882,0,0,3,True
3883,0,0,0,False
3884,0,0,0,False
3885,0,0,0,False
3886,0,0,3,True
3887,0,0,0,False
3888,0,0,0,False
3889,0,0,3,True
3890,0,0,0,False
3891,0,0,0,False
3892,0,0,0,False
3893,0,0,0,False
3894,0,0,0,False
3895,0,0,0,False
3896,0,0,0,False
3897,0,0,0,False
3898,0,0,3,True
3899,0,0,3,True
3900,0,0,3,True
3901,0,0,0,False
3902,0,0,0,False
3903,0,0,0,False
3904,0,0,3,True
3905,0,0,3,True
3906,0,0,0,False
3907,0,0,0,False
3908,0,0,3,True
3909,0,0,0,False
3910,0,0,0,False
3911,0,0,3,True
3912,0,0,3,True
3913,0,0,3,True
3914,0,0,0,False
3915,0,0,0,False
3916,0,0,0,False
3917,0,0,0,False
3918,0,0,0,False
3919,0,0,3,True
3920,0,0,3,True
3921,0,0,3,True
3922,0,0,3,True
3923,0,0,0,False
3924,0,0,0,False
3925,0,0,3,True
3926,0,0,0,False
3927,0,0,3,True
3928,0,0,0,False
3929,0,0,0,False
3930,0,0,0,False
3931,0,0,0,False
3932,0,0,0,False
3933,0,0,0,False
3934,0,0,0,False
3935,0,0,3,True
3936,0,0,3,True
3937,0,0,3,True
3938,0,0,0,False
3939,0,0,3,True
3940,0,0,0,False
3941,0,0,3,True
3942,0,0,0,False
3943,0,0,0,False
3944,0,0,0,False
3945,0,0,0,False
3946,0,0,0,False
3947,0,0,3,True
3948,0,0,0,False
3949,0,0,0,False
3950,0,0,0,False
3951,0,0,0,False
3952,0,0,3,True
3953,0,0,3,True
3954,0,0,0,False
3955,0,0,0,False
3956,0,0,0,False
3957,0,0,3,True
3958,0,0,3,True
3959,0,0,3,True
3960,0,0,3,True
3961,0,0,3,True
3962,0,0,3,True
3963,0,0,3,True
3964,0,0,3,True
3965,0,0,0,False
3966,0,0,0,False
3967,0,0,0,False
3968,0,0,0,False
3969,0,0,3,True
3970,0,0,0,False
3971,0,0,0,False
3972,0,0,0,False
3973,0,0,2,True
3974,0,0,3,True
3975,0,4,4,False
3976,0,1,0,False
3977,0,0,0,False
3978,0,0,0,False
3979,0,0,3,True
3980,0,0,3,True
3981,0,0,0,False
3982,0,0,0,False
3983,0,0,3,True
3984,0,0,3,True
3985,0,0,0,False
3986,0,0,2,True
3987,0,0,3,True
3988,0,0,3,True
3989,0,0,3,True
3990,0,0,0,False
3991,0,0,3,True
3992,0,0,3,True
3993,0,0,0,False
3994,0,0,0,False
3995,0,0,0,False
3996,0,0,3,True
3997,0,0,0,False
3998,0,0,0,False
3999,0,0,3,True
4000,0,0,3,True
4001,0,0,3,True
4002,0,0,0,False
4003,0,0,3,True
4004,0,0,0,False
4005,0,0,3,True
4006,0,0,3,True
4007,0,0,0,False
4008,0,0,3,True
4009,0,0,3,True
4010,0,0,0,False
4011,0,0,0,False
4012,0,0,0,False
4013,0,0,0,False
4014,0,0,0,False
4015,0,0,3,True
4016,0,0,3,True
4017,0,0,3,True
4018,0,0,3,True
4019,0,0,0,False
4020,0,0,0,False
4021,0,0,3,True
4022,0,0,0,False
4023,0,0,3,True
4024,0,0,0,False
4025,0,0,3,True
4026,0,0,0,False
4027,0,0,0,False
4028,0,0,3,True
4029,0,0,0,False
4030,0,0,3,True
4031,0,0,0,False
4032,0,0,0,False
4033,0,0,0,False
4034,0,0,0,False
4035,0,0,2,True
4036,0,0,3,True
4037,0,0,0,False
4038,0,0,0,False
4039,0,0,3,True
4040,0,0,3,True
4041,0,0,0,False
4042,0,0,2,True
4043,0,0,0,False
4044,0,0,0,False
4045,0,0,3,True
4046,0,0,3,True
4047,0,0,3,True
4048,0,0,3,True
4049,0,0,0,False
4050,0,0,3,True
4051,0,0,3,True
4052,0,0,0,False
4053,0,0,0,False
4054,0,0,0,False
4055,0,0,3,True
4056,0,0,0,False
4057,0,0,3,True
4058,0,0,0,False
4059,0,0,0,False
4060,0,0,3,True
4061,0,0,0,False
4062,0,0,0,False
4063,0,0,3,True
4064,0,0,3,True
4065,0,0,3,True
4066,0,0,3,True
4067,0,0,0,False
4068,0,0,0,False
4069,0,0,3,True
4070,0,0,0,False
4071,0,0,0,False
4072,0,0,0,False
4073,0,0,0,False
4074,0,0,3,True
4075,0,0,0,False
4076,0,0,3,True
4077,0,0,3,True
4078,0,0,3,True
4079,0,0,0,False
4080,0,0,0,False
4081,0,0,0,False
4082,0,0,3,True
4083,0,0,0,False
4084,0,0,3,True
4085,0,0,3,True
4086,0,0,3,True
4087,0,0,3,True
4088,0,0,0,False
4089,0,0,3,True
4090,0,0,3,True
4091,0,0,3,True
4092,0,0,0,False
4093,0,0,0,False
4094,0,0,3,True
4095,0,0,0,False
4096,0,0,0,False
4097,0,0,0,False
4098,0,0,0,False
4099,0,0,0,False
4100,0,0,0,False
4101,0,0,0,False
4102,0,0,0,False
4103,0,0,3,True
4104,0,0,0,False
4105,0,0,0,False
4106,0,0,0,False
4107,0,0,0,False
4108,0,0,0,False
4109,0,0,0,False
4110,0,0,3,True
4111,0,0,0,False
4112,0,0,3,True
4113,0,0,0,False
4114,0,0,3,True
4115,0,0,0,False
4116,0,0,0,False
4117,0,0,0,False
4118,0,0,0,False
4119,0,0,0,False
4120,0,0,0,False
4121,0,0,2,True
4122,0,0,3,True
4123,0,0,0,False
4124,0,0,3,True
4125,0,0,0,False
4126,0,0,0,False
4127,0,0,3,True
4128,0,0,0,False
4129,0,0,0,False
4130,0,0,3,True
4131,0,0,0,False
4132,0,0,3,True
4133,0,0,0,False
4134,0,1,0,False
4135,0,0,0,False
4136,0,0,0,False
4137,0,0,0,False
4138,0,0,0,False
4139,0,0,3,True
4140,0,0,3,True
4141,0,0,3,True
4142,0,0,0,False
4143,0,0,3,True
4144,0,0,3,True
4145,0,0,0,False
4146,0,0,0,False
4147,0,0,3,True
4148,0,0,0,False
4149,0,0,0,False
4150,0,0,0,False
4151,0,0,0,False
4152,0,0,3,True
4153,0,0,3,True
4154,0,0,3,True
4155,0,0,3,True
4156,0,0,3,True
4157,0,0,0,False
4158,0,0,3,True
4159,0,0,3,True
4160,0,0,0,False
4161,0,0,0,False
4162,0,0,0,False
4163,0,0,0,False
4164,0,0,0,False
4165,0,0,0,False
4166,0,0,0,False
4167,0,0,0,False
4168,0,0,0,False
4169,0,0,0,False
4170,0,0,0,False
4171,0,0,0,False
4172,0,0,0,False
4173,0,0,0,False
4174,0,0,3,True
4175,0,0,0,False
4176,0,0,0,False
4177,0,0,3,True
4178,0,0,2,True
4179,0,0,0,False
4180,0,0,0,False
4181,0,0,3,True
4182,0,0,0,False
4183,0,0,3,True
4184,0,0,0,False
4185,0,0,0,False
4186,0,0,0,False
4187,0,0,3,True
4188,0,0,0,False
4189,0,0,3,True
4190,0,0,3,True
4191,0,0,0,False
4192,0,0,0,False
4193,0,0,0,False
4194,0,0,2,True
4195,0,0,3,True
4196,0,0,3,True
4197,0,0,3,True
4198,0,0,3,True
4199,0,0,3,True
4200,0,0,3,True
4201,0,0,0,False
4202,0,0,0,False
4203,0,0,0,False
4204,0,0,0,False
4205,0,0,3,True
4206,0,0,3,True
4207,0,0,0,False
4208,0,0,0,False
4209,0,0,3,True
4210,0,0,0,False
4211,0,0,0,False
4212,0,0,0,False
4213,0,0,3,True
4214,0,0,0,False
4215,0,0,0,False
4216,0,0,0,False
4217,0,0,3,True
4218,0,0,0,False
4219,0,0,3,True
4220,0,0,0,False
4221,0,0,0,False
4222,0,0,0,False
4223,0,0,0,False
4224,0,0,3,True
4225,0,0,0,False
4226,0,0,0,False
4227,0,0,0,False
4228,0,0,0,False
4229,0,0,3,True
4230,0,0,3,True
4231,0,0,3,True
4232,0,0,3,True
4233,0,0,0,False
4234,0,0,3,True
4235,0,0,0,False
4236,0,0,0,False
4237,0,0,0,False
4238,0,0,3,True
4239,0,0,0,False
4240,0,0,3,True
4241,0,0,0,False
4242,0,0,0,False
4243,0,0,3,True
4244,0,0,3,True
4245,0,0,0,False
4246,0,0,0,False
4247,0,0,3,True
4248,0,0,3,True
4249,0,0,0,False
4250,0,0,0,False
4251,0,0,0,False
4252,0,0,3,True
4253,0,1,3,False
4254,0,0,0,False
4255,0,0,2,True
4256,0,0,3,True
4257,0,0,0,False
4258,0,0,0,False
4259,0,0,0,False
4260,0,0,0,False
4261,0,1,3,False
4262,0,0,3,True
4263,0,0,3,True
4264,0,0,0,False
4265,0,0,3,True
4266,0,0,0,False
4267,0,0,0,False
4268,0,0,0,False
4269,0,0,0,False
4270,0,0,0,False
4271,0,0,0,False
4272,0,0,0,False
4273,0,0,0,False
4274,0,0,0,False
4275,0,0,0,False
4276,0,0,3,True
4277,0,0,3,True
4278,0,0,3,True
4279,0,0,0,False
4280,0,0,3,True
4281,0,0,0,False
4282,0,0,3,True
4283,0,0,0,False
4284,0,0,3,True
4285,0,0,0,False
4286,0,0,0,False
4287,0,3,3,False
4288,0,0,3,True
4289,0,0,0,False
4290,0,0,3,True
4291,0,0,0,False
4292,0,0,3,True
4293,0,0,0,False
4294,0,0,0,False
4295,0,0,3,True
4296,0,0,0,False
4297,0,0,0,False
4298,0,0,0,False
4299,0,0,3,True
4300,0,0,0,False
4301,0,0,3,True
4302,0,0,0,False
4303,0,0,3,True
4304,0,0,3,True
4305,0,0,3,True
4306,0,0,3,True
4307,0,0,0,False
4308,0,0,2,True
4309,0,0,0,False
4310,0,0,0,False
4311,0,0,0,False
4312,0,0,3,True
4313,0,0,3,True
4314,0,0,3,True
4315,0,0,3,True
4316,0,0,0,False
4317,0,0,3,True
4318,0,0,0,False
4319,0,0,0,False
4320,0,0,3,True
4321,0,0,0,False
4322,0,0,0,False
4323,0,0,0,False
4324,0,0,0,False
4325,0,0,3,True
4326,0,0,0,False
4327,0,0,0,False
4328,0,0,3,True
4329,0,0,3,True
4330,0,0,0,False
4331,0,0,3,True
4332,0,0,0,False
4333,0,0,3,True
4334,0,0,0,False
4335,0,0,0,False
4336,0,0,0,False
4337,0,0,0,False
4338,0,0,0,False
4339,0,0,3,True
4340,0,0,0,False
4341,0,0,0,False
4342,0,0,3,True
4343,0,0,3,True
4344,0,0,3,True
4345,0,0,0,False
4346,0,0,3,True
4347,0,0,0,False
4348,0,0,0,False
4349,0,0,0,False
4350,0,0,0,False
4351,0,0,0,False
4352,0,0,3,True
4353,0,0,3,True
4354,0,0,0,False
4355,0,0,0,False
4356,0,0,3,True
4357,0,0,3,True
4358,0,0,3,True
4359,0,0,0,False
4360,0,0,3,True
4361,0,0,3,True
4362,0,0,0,False
4363,0,0,0,False
4364,0,0,3,True
4365,0,0,0,False
4366,0,0,3,True
4367,0,0,0,False
4368,0,0,3,True
4369,0,0,0,False
4370,0,0,0,False
4371,0,0,3,True
4372,0,0,3,True
4373,0,0,0,False
4374,0,0,0,False
4375,0,0,3,True
4376,0,0,3,True
4377,0,0,0,False
4378,0,0,0,False
4379,0,0,3,True
4380,0,0,3,True
4381,0,0,3,True
4382,0,0,0,False
4383,0,0,3,True
4384,0,0,0,False
4385,0,0,0,False
4386,0,0,0,False
4387,0,0,0,False
4388,0,0,0,False
4389,0,0,0,False
4390,0,0,3,True
4391,0,0,0,False
4392,0,0,0,False
4393,0,0,0,False
4394,0,0,0,False
4395,0,0,0,False
4396,0,0,3,True
4397,0,0,3,True
4398,0,0,0,False
4399,0,0,3,True
4400,0,0,0,False
4401,0,0,3,True
4402,0,0,0,False
4403,0,0,3,True
4404,0,0,3,True
4405,0,0,3,True
4406,0,0,3,True
4407,0,0,0,False
4408,0,0,0,False
4409,0,0,0,False
4410,0,0,3,True
4411,0,1,1,False
4412,0,0,0,False
4413,0,0,3,True
4414,0,0,3,True
4415,0,0,0,False
4416,0,0,3,True
4417,0,0,2,True
4418,0,0,0,False
4419,0,0,2,True
4420,0,0,3,True
4421,0,0,0,False
4422,0,0,0,False
4423,0,0,3,True
4424,0,0,0,False
4425,0,0,0,False
4426,0,0,0,False
4427,0,0,0,False
4428,0,0,0,False
4429,0,0,0,False
4430,0,0,3,True
4431,0,0,0,False
4432,0,0,3,True
4433,0,0,0,False
4434,0,0,0,False
4435,0,0,0,False
4436,0,0,0,False
4437,0,0,0,False
4438,0,0,0,False
4439,0,0,3,True
4440,0,0,0,False
4441,0,0,0,False
4442,0,0,0,False
4443,0,0,0,False
4444,0,0,0,False
4445,0,0,0,False
4446,0,0,3,True
4447,0,0,0,False
4448,0,0,0,False
4449,0,0,0,False
4450,0,0,0,False
4451,0,0,0,False
4452,0,0,0,False
4453,0,0,3,True
4454,0,0,3,True
4455,0,0,0,False
4456,0,0,3,True
4457,0,0,0,False
4458,0,0,0,False
4459,0,0,3,True
4460,0,0,0,False
4461,0,0,0,False
4462,0,0,0,False
4463,0,0,0,False
4464,0,0,3,True
4465,0,0,3,True
4466,0,0,0,False
4467,0,0,3,True
4468,0,0,0,False
4469,0,0,0,False
4470,0,0,0,False
4471,0,0,3,True
4472,0,0,0,False
4473,0,0,3,True
4474,0,0,3,True
4475,0,0,0,False
4476,0,0,3,True
4477,0,0,0,False
4478,0,0,0,False
4479,0,0,0,False
4480,0,0,0,False
4481,0,0,0,False
4482,0,0,0,False
4483,0,0,0,False
4484,0,0,0,False
4485,0,0,0,False
4486,0,0,0,False
4487,0,0,0,False
4488,0,0,3,True
4489,0,0,3,True
4490,0,0,1,True
4491,0,0,3,True
4492,0,0,3,True
4493,0,0,0,False
4494,0,0,0,False
4495,0,0,0,False
4496,0,0,3,True
4497,0,0,0,False
4498,0,0,0,False
4499,0,0,0,False
4500,0,0,0,False
4501,0,0,3,True
4502,0,0,3,True
4503,0,0,3,True
4504,0,0,0,False
4505,0,0,3,True
4506,0,0,0,False
4507,0,0,3,True
4508,0,0,3,True
4509,0,0,0,False
4510,0,0,0,False
4511,0,0,3,True
4512,0,0,3,True
4513,0,0,3,True
4514,0,0,0,False
4515,0,0,3,True
4516,0,0,3,True
4517,0,0,0,False
4518,0,0,0,False
4519,0,0,3,True
4520,0,0,0,False
4521,0,0,0,False
4522,0,0,3,True
4523,0,0,0,False
4524,0,0,3,True
4525,0,0,0,False
4526,0,0,0,False
4527,0,1,3,False
4528,0,0,0,False
4529,0,0,3,True
4530,0,0,0,False
4531,0,0,0,False
4532,0,0,3,True
4533,0,0,0,False
4534,0,0,0,False
4535,0,0,0,False
4536,0,0,0,False
4537,0,0,3,True
4538,0,0,3,True
4539,0,0,0,False
4540,0,0,0,False
4541,0,0,3,True
4542,0,0,3,True
4543,0,0,3,True
4544,0,0,3,True
4545,0,0,0,False
4546,0,0,0,False
4547,0,0,0,False
4548,0,0,3,True
4549,0,0,0,False
4550,0,0,0,False
4551,0,0,0,False
4552,0,0,0,False
4553,0,0,3,True
4554,0,0,0,False
4555,0,0,3,True
4556,0,0,0,False
4557,0,0,3,True
4558,0,0,0,False
4559,0,0,0,False
4560,0,0,3,True
4561,0,0,0,False
4562,0,0,0,False
4563,0,0,0,False
4564,0,0,3,True
4565,0,0,0,False
4566,0,0,0,False
4567,0,0,3,True
4568,0,0,3,True
4569,0,0,0,False
4570,0,0,3,True
4571,0,0,2,True
4572,0,0,0,False
4573,0,0,3,True
4574,0,0,0,False
4575,0,0,0,False
4576,0,0,0,False
4577,0,0,0,False
4578,0,0,3,True
4579,0,0,0,False
4580,0,0,0,False
4581,0,0,3,True
4582,0,0,0,False
4583,0,0,0,False
4584,0,3,3,False
4585,0,0,2,True
4586,0,0,3,True
4587,0,0,3,True
4588,0,0,3,True
4589,0,0,0,False
4590,0,0,3,True
4591,0,0,3,True
4592,0,0,0,False
4593,0,0,0,False
4594,0,0,0,False
4595,0,0,0,False
4596,0,0,3,True
4597,0,0,0,False
4598,0,0,3,True
4599,0,0,3,True
4600,0,0,0,False
4601,0,0,0,False
4602,0,0,0,False
4603,0,0,0,False
4604,0,0,3,True
4605,0,0,0,False
4606,0,0,0,False
4607,0,0,0,False
4608,0,0,3,True
4609,0,0,3,True
4610,0,0,0,False
4611,0,0,3,True
4612,0,0,3,True
4613,0,0,0,False
4614,0,0,0,False
4615,0,0,3,True
4616,0,0,0,False
4617,0,0,0,False
4618,0,0,2,True
4619,0,0,0,False
4620,0,0,0,False
4621,0,0,0,False
4622,0,0,3,True
4623,0,0,3,True
4624,0,0,0,False
4625,0,0,3,True
4626,0,0,0,False
4627,0,0,3,True
4628,0,0,3,True
4629,0,0,0,False
4630,0,0,0,False
4631,0,0,3,True
4632,0,0,0,False
4633,0,0,3,True
4634,0,0,3,True
4635,0,0,3,True
4636,0,0,3,True
4637,0,0,0,False
4638,0,0,0,False
4639,0,0,3,True
4640,0,0,3,True
4641,0,0,0,False
4642,0,0,3,True
4643,0,0,0,False
4644,0,0,0,False
4645,0,0,3,True
4646,0,0,0,False
4647,0,0,0,False
4648,0,0,0,False
4649,0,0,3,True
4650,0,0,0,False
4651,0,0,0,False
4652,0,0,3,True
4653,0,0,0,False
4654,0,0,3,True
4655,0,0,2,True
4656,0,0,0,False
4657,0,0,3,True
4658,0,0,0,False
4659,0,0,3,True
4660,0,0,0,False
4661,0,0,0,False
4662,0,0,0,False
4663,0,0,0,False
4664,0,0,0,False
4665,0,0,3,True
4666,0,0,3,True
4667,0,0,0,False
4668,0,0,0,False
4669,0,0,0,False
4670,0,0,0,False
4671,0,0,0,False
4672,0,0,3,True
4673,0,0,0,False
4674,0,0,0,False
4675,0,0,0,False
4676,0,0,0,False
4677,0,0,3,True
4678,0,0,0,False
4679,0,0,0,False
4680,0,0,0,False
4681,0,0,0,False
4682,0,0,3,True
4683,0,0,3,True
4684,0,0,3,True
4685,0,0,3,True
4686,0,0,0,False
4687,0,0,3,True
4688,0,0,3,True
4689,0,0,3,True
4690,0,0,3,True
4691,0,0,3,True
4692,0,0,3,True
4693,0,0,0,False
4694,0,0,0,False
4695,0,0,0,False
4696,0,0,3,True
4697,0,0,0,False
4698,0,0,0,False
4699,0,0,0,False
4700,0,0,0,False
4701,0,0,3,True
4702,0,0,0,False
4703,0,0,0,False
4704,0,0,0,False
4705,0,0,3,True
4706,0,0,0,False
4707,0,0,0,False
4708,0,0,3,True
4709,0,0,0,False
4710,0,0,0,False
4711,0,0,3,True
4712,0,0,0,False
4713,0,0,3,True
4714,0,0,0,False
4715,0,0,0,False
4716,0,0,0,False
4717,0,0,0,False
4718,0,0,0,False
4719,0,0,3,True
4720,0,0,1,True
4721,0,0,3,True
4722,0,0,0,False
4723,0,0,0,False
4724,0,0,0,False
4725,0,0,3,True
4726,0,0,2,True
4727,0,0,3,True
4728,0,0,3,True
4729,0,0,0,False
4730,0,0,0,False
4731,0,0,0,False
4732,0,0,0,False
4733,0,0,0,False
4734,0,0,0,False
4735,0,0,3,True
4736,0,0,0,False
4737,0,0,0,False
4738,0,0,0,False
4739,0,0,0,False
4740,0,0,0,False
4741,0,0,0,False
4742,0,0,0,False
4743,0,0,0,False
4744,0,0,3,True
4745,0,0,3,True
4746,0,0,3,True
4747,0,0,0,False
4748,0,0,3,True
4749,0,0,3,True
4750,0,0,0,False
4751,0,0,2,True
4752,0,0,0,False
4753,0,0,0,False
4754,0,0,3,True
4755,0,0,0,False
4756,0,0,0,False
4757,0,0,0,False
4758,0,0,0,False
4759,0,0,0,False
4760,0,0,3,True
4761,0,0,0,False
4762,0,0,0,False
4763,0,0,0,False
4764,0,0,3,True
4765,0,0,3,True
4766,0,0,0,False
4767,0,0,0,False
4768,0,0,0,False
4769,0,0,0,False
4770,0,0,0,False
4771,0,0,3,True
4772,0,0,0,False
4773,0,0,0,False
4774,0,0,0,False
4775,0,0,0,False
4776,0,0,3,True
4777,0,0,2,True
4778,0,0,0,False
4779,0,0,1,True
4780,0,0,0,False
4781,0,0,3,True
4782,0,0,0,False
4783,0,0,0,False
4784,0,0,3,True
4785,0,0,3,True
4786,0,0,3,True
4787,0,0,0,False
4788,0,0,3,True
4789,0,0,0,False
4790,0,0,0,False
4791,0,0,0,False
4792,0,0,0,False
4793,0,0,3,True
4794,0,0,0,False
4795,0,0,0,False
4796,0,0,0,False
4797,0,0,0,False
4798,0,0,0,False
4799,0,0,0,False
4800,0,0,3,True
4801,0,0,3,True
4802,0,0,0,False
4803,0,0,3,True
4804,0,0,0,False
4805,0,0,3,True
4806,0,0,3,True
4807,0,0,3,True
4808,0,0,2,True
4809,0,0,3,True
4810,0,0,0,False
4811,0,0,0,False
4812,0,0,0,False
4813,0,0,3,True
4814,0,0,3,True
4815,0,0,0,False
4816,0,0,3,True
4817,0,0,3,True
4818,0,0,0,False
4819,0,0,0,False
4820,0,0,0,False
4821,0,0,0,False
4822,0,0,3,True
4823,0,0,0,False
4824,0,0,0,False
4825,0,0,0,False
4826,0,0,0,False
4827,0,0,0,False
4828,0,0,0,False
4829,0,0,3,True
4830,0,0,3,True
4831,0,0,3,True
4832,0,0,0,False
4833,0,0,3,True
4834,0,0,0,False
4835,0,0,0,False
4836,0,0,3,True
4837,0,0,3,True
4838,0,0,3,True
4839,0,0,0,False
4840,0,0,3,True
4841,0,0,3,True
4842,0,0,3,True
4843,0,0,0,False
4844,0,0,0,False
4845,0,0,3,True
4846,0,0,3,True
4847,0,0,0,False
4848,0,0,0,False
4849,0,0,0,False
4850,0,0,0,False
4851,0,0,3,True
4852,0,0,3,True
4853,0,0,0,False
4854,0,0,2,True
4855,0,0,0,False
4856,0,0,3,True
4857,0,0,0,False
4858,0,0,3,True
4859,0,0,3,True
4860,0,0,0,False
4861,0,0,3,True
4862,0,0,0,False
4863,0,0,0,False
4864,0,0,3,True
4865,0,0,3,True
4866,0,0,3,True
4867,0,0,0,False
4868,0,0,0,False
4869,0,0,0,False
4870,0,0,0,False
4871,0,0,0,False
4872,0,0,0,False
4873,0,0,0,False
4874,0,0,3,True
4875,0,0,0,False
4876,0,0,3,True
4877,0,0,3,True
4878,0,0,0,False
4879,0,0,3,True
4880,0,0,0,False
4881,0,0,0,False
4882,0,0,0,False
4883,0,0,0,False
4884,0,0,3,True
4885,0,0,3,True
4886,0,0,3,True
4887,0,0,0,False
4888,0,0,0,False
4889,0,0,0,False
4890,0,0,3,True
4891,0,0,3,True
4892,0,0,0,False
4893,0,0,3,True
4894,0,0,0,False
4895,0,0,0,False
4896,0,0,3,True
4897,0,0,3,True
4898,0,0,0,False
4899,0,0,0,False
4900,0,0,0,False
4901,0,0,3,True
4902,0,0,3,True
4903,0,0,0,False
4904,0,0,0,False
4905,0,0,0,False
4906,0,0,0,False
4907,0,0,0,False
4908,0,0,0,False
4909,0,0,3,True
4910,0,0,0,False
4911,0,0,0,False
4912,0,0,0,False
4913,0,0,3,True
4914,0,0,0,False
4915,0,0,0,False
4916,0,0,0,False
4917,0,0,0,False
4918,0,0,0,False
4919,0,0,0,False
4920,0,0,0,False
4921,0,0,3,True
4922,0,0,0,False
4923,0,0,3,True
4924,0,0,0,False
4925,0,0,3,True
4926,0,0,0,False
4927,0,0,3,True
4928,0,0,3,True
4929,0,0,0,False
4930,0,0,0,False
4931,0,0,0,False
4932,0,0,0,False
4933,0,0,0,False
4934,0,0,3,True
4935,0,0,0,False
4936,0,0,3,True
4937,0,0,0,False
4938,0,0,3,True
4939,0,0,3,True
4940,0,0,0,False
4941,0,0,3,True
4942,0,0,0,False
4943,0,0,0,False
4944,0,0,0,False
4945,0,0,3,True
4946,0,0,0,False
4947,0,0,3,True
4948,0,0,0,False
4949,0,0,3,True
4950,0,0,0,False
4951,0,0,3,True
4952,0,0,0,False
4953,0,0,0,False
4954,0,0,0,False
4955,0,0,3,True
4956,0,0,0,False
4957,0,0,0,False
4958,0,0,0,False
4959,0,0,0,False
4960,0,0,0,False
4961,0,0,3,True
4962,0,0,3,True
4963,0,0,0,False
4964,0,0,3,True
4965,0,0,3,True
4966,0,0,0,False
4967,0,0,3,True
4968,0,0,0,False
4969,0,0,3,True
4970,0,0,3,True
4971,0,0,0,False
4972,0,0,0,False
4973,0,0,2,True
4974,0,0,0,False
4975,0,0,3,True
4976,0,0,3,True
4977,0,0,3,True
4978,0,0,0,False
4979,0,0,0,False
4980,0,0,3,True
4981,0,0,0,False
4982,0,0,3,True
4983,0,0,3,True
4984,0,0,0,False
4985,0,0,3,True
4986,0,0,0,False
4987,0,0,0,False
4988,0,0,0,False
4989,0,1,0,False
4990,0,0,0,False
4991,0,0,0,False
4992,0,0,0,False
4993,0,0,3,True
4994,0,0,0,False
4995,0,0,0,False
4996,0,0,3,True
4997,0,0,3,True
4998,0,0,0,False
4999,0,0,3,True
5000,0,0,0,False
5001,0,0,3,True
5002,0,0,0,False
5003,0,0,3,True
5004,0,0,3,True
5005,0,0,3,True
5006,0,0,3,True
5007,0,0,3,True
5008,0,0,0,False
5009,0,0,3,True
5010,0,0,0,False
5011,0,0,0,False
5012,0,0,3,True
5013,0,0,3,True
5014,0,0,3,True
5015,0,0,0,False
5016,0,0,3,True
5017,0,0,0,False
5018,0,0,2,True
5019,0,0,3,True
5020,0,0,3,True
5021,0,0,0,False
5022,0,0,0,False
5023,0,0,3,True
5024,0,0,3,True
5025,0,0,0,False
5026,0,0,0,False
5027,0,0,0,False
5028,0,0,0,False
5029,0,0,0,False
5030,0,0,0,False
5031,0,0,0,False
5032,0,0,3,True
5033,0,0,0,False
5034,0,0,0,False
5035,0,0,0,False
5036,0,0,0,False
5037,0,0,0,False
5038,0,0,0,False
5039,0,0,0,False
5040,0,0,0,False
5041,0,0,3,True
5042,0,0,0,False
5043,0,0,3,True
5044,0,0,0,False
5045,0,0,3,True
5046,0,0,0,False
5047,0,0,0,False
5048,0,0,3,True
5049,0,0,3,True
5050,0,0,0,False
5051,0,0,0,False
5052,0,0,0,False
5053,0,0,3,True
5054,0,0,3,True
5055,0,0,0,False
5056,0,0,0,False
5057,0,0,0,False
5058,0,0,0,False
5059,0,0,0,False
5060,0,0,0,False
5061,0,0,0,False
5062,0,0,0,False
5063,0,0,0,False
5064,0,0,0,False
5065,0,0,0,False
5066,0,0,0,False
5067,0,0,0,False
5068,0,0,3,True
5069,0,0,3,True
5070,0,0,0,False
5071,0,0,2,True
5072,0,0,0,False
5073,0,0,0,False
5074,0,0,0,False
5075,0,0,0,False
5076,0,0,0,False
5077,0,0,3,True
5078,0,0,3,True
5079,0,0,2,True
5080,0,0,3,True
5081,0,0,3,True
5082,0,0,3,True
5083,0,0,0,False
5084,0,0,0,False
5085,0,0,3,True
5086,0,0,0,False
5087,0,0,0,False
5088,0,0,0,False
5089,0,0,0,False
5090,0,0,0,False
5091,0,0,0,False
5092,0,0,0,False
5093,0,0,0,False
5094,0,0,3,True
5095,0,0,0,False
5096,0,0,0,False
5097,0,0,3,True
5098,0,0,3,True
5099,0,0,3,True
5100,0,0,0,False
5101,0,0,0,False
5102,0,0,0,False
5103,0,0,0,False
5104,0,0,3,True
5105,0,0,3,True
5106,0,0,3,True
5107,0,0,0,False
5108,0,0,0,False
5109,0,0,3,True
5110,0,0,3,True
5111,0,0,3,True
5112,0,0,3,True
5113,0,0,3,True
5114,0,0,0,False
5115,0,0,0,False
5116,0,0,0,False
5117,0,0,0,False
5118,0,0,3,True
5119,0,0,0,False
5120,0,0,0,False
5121,0,0,0,False
5122,0,0,0,False
5123,0,0,0,False
5124,0,0,3,True
5125,0,0,0,False
5126,0,0,0,False
5127,0,0,3,True
5128,0,0,3,True
5129,0,0,3,True
5130,0,0,3,True
5131,0,0,0,False
5132,0,0,3,True
5133,0,0,0,False
5134,0,0,3,True
5135,0,0,3,True
5136,0,0,3,True
5137,0,0,0,False
5138,0,0,3,True
5139,0,0,3,True
5140,0,0,0,False
5141,0,0,3,True
5142,0,0,0,False
5143,0,0,0,False
5144,0,0,0,False
5145,0,0,3,True
5146,0,0,0,False
5147,0,0,0,False
5148,0,0,0,False
5149,0,0,3,True
5150,0,0,3,True
5151,0,0,3,True
5152,0,0,0,False
5153,0,0,3,True
5154,0,0,0,False
5155,0,0,3,True
5156,0,0,0,False
5157,0,0,2,True
5158,0,0,3,True
5159,0,0,0,False
5160,0,0,0,False
5161,0,0,3,True
5162,0,0,0,False
5163,0,0,2,True
5164,0,0,0,False
5165,0,0,0,False
5166,0,0,3,True
5167,0,0,3,True
5168,0,0,0,False
5169,0,0,3,True
5170,0,0,0,False
5171,0,0,0,False
5172,0,0,0,False
5173,0,0,0,False
5174,0,0,0,False
5175,0,0,3,True
5176,0,0,3,True
5177,0,0,0,False
5178,0,0,0,False
5179,0,0,3,True
5180,0,0,0,False
5181,0,0,0,False
5182,0,0,0,False
5183,0,0,0,False
5184,0,0,3,True
5185,0,0,0,False
5186,0,0,0,False
5187,0,0,0,False
5188,0,0,3,True
5189,0,0,3,True
5190,0,0,0,False
5191,0,0,3,True
5192,0,0,3,True
5193,0,0,3,True
5194,0,0,0,False
5195,0,0,0,False
5196,0,0,0,False
5197,0,0,0,False
5198,0,0,3,True
5199,0,0,3,True
5200,0,0,3,True
5201,0,0,3,True
5202,0,0,0,False
5203,0,0,3,True
5204,0,0,0,False
5205,0,0,2,True
5206,0,0,3,True
5207,0,0,3,True
5208,0,0,3,True
5209,0,0,0,False
5210,0,0,0,False
5211,0,0,0,False
5212,0,0,0,False
5213,0,0,3,True
5214,0,0,0,False
5215,0,0,3,True
5216,0,0,0,False
5217,0,0,0,False
5218,0,0,3,True
5219,0,0,0,False
5220,0,0,0,False
5221,0,0,3,True
5222,0,0,3,True
5223,0,0,0,False
5224,0,0,3,True
5225,0,0,3,True
5226,0,0,3,True
5227,0,0,0,False
5228,0,0,0,False
5229,0,0,0,False
5230,0,0,0,False
5231,0,0,3,True
5232,0,0,3,True
5233,0,0,0,False
5234,0,0,0,False
5235,0,0,3,True
5236,0,0,0,False
5237,0,0,0,False
5238,0,0,0,False
5239,0,0,0,False
5240,0,0,0,False
5241,0,0,3,True
5242,0,0,0,False
5243,0,0,0,False
5244,0,0,0,False
5245,0,0,3,True
5246,0,0,0,False
5247,0,0,0,False
5248,0,0,0,False
5249,0,0,0,False
5250,0,0,0,False
5251,0,0,3,True
5252,0,0,3,True
5253,0,0,0,False
5254,0,0,3,True
5255,0,0,0,False
5256,0,0,0,False
5257,0,0,3,True
5258,0,0,3,True
5259,0,0,0,False
5260,0,0,3,True
5261,0,0,0,False
5262,0,0,3,True
5263,0,0,0,False
5264,0,0,3,True
5265,0,0,0,False
5266,0,0,3,True
5267,0,0,3,True
5268,0,0,3,True
5269,0,0,3,True
5270,0,0,0,False
5271,0,0,3,True
5272,0,0,0,False
5273,0,0,3,True
5274,0,0,3,True
5275,0,0,0,False
5276,0,0,0,False
5277,0,0,0,False
5278,0,0,0,False
5279,0,0,0,False
5280,0,0,0,False
5281,0,0,3,True
5282,0,0,3,True
5283,0,0,0,False
5284,0,0,3,True
5285,0,0,3,True
5286,0,0,0,False
5287,0,0,0,False
5288,0,0,0,False
5289,0,0,0,False
5290,0,0,3,True
5291,0,0,3,True
5292,0,0,0,False
5293,0,0,3,True
5294,0,0,3,True
5295,0,0,3,True
5296,0,0,0,False
5297,0,0,0,False
5298,0,0,0,False
5299,0,0,3,True
5300,0,0,0,False
5301,0,0,0,False
5302,0,0,3,True
5303,0,0,3,True
5304,0,0,0,False
5305,0,0,0,False
5306,0,0,3,True
5307,0,0,0,False
5308,0,0,3,True
5309,0,0,3,True
5310,0,0,3,True
5311,0,0,3,True
5312,0,0,0,False
5313,0,0,3,True
5314,0,0,2,True
5315,0,0,3,True
5316,0,0,0,False
5317,0,0,3,True
5318,0,0,0,False
5319,0,0,0,False
5320,0,0,3,True
5321,0,0,3,True
5322,0,0,3,True
5323,0,0,0,False
5324,0,0,2,True
5325,0,0,0,False
5326,0,0,3,True
5327,0,0,0,False
5328,0,0,3,True
5329,0,0,0,False
5330,0,0,3,True
5331,0,0,0,False
5332,0,0,2,True
5333,0,0,0,False
5334,0,0,0,False
5335,0,0,0,False
5336,0,0,3,True
5337,0,0,0,False
5338,0,0,3,True
5339,0,0,3,True
5340,0,0,3,True
5341,0,0,2,True
5342,0,0,3,True
5343,0,0,3,True
5344,0,0,3,True
5345,0,0,0,False
5346,0,0,3,True
5347,0,0,0,False
5348,0,0,3,True
5349,0,0,3,True
5350,0,0,3,True
5351,0,0,3,True
5352,0,0,3,True
5353,0,0,0,False
5354,0,0,3,True
5355,0,0,3,True
5356,0,0,3,True
5357,0,0,0,False
5358,0,0,2,True
5359,0,0,0,False
5360,0,0,3,True
5361,0,0,0,False
5362,0,0,0,False
5363,0,0,2,True
5364,0,0,0,False
5365,0,0,0,False
5366,0,0,3,True
5367,0,0,0,False
5368,0,0,0,False
5369,0,0,3,True
5370,0,0,0,False
5371,0,0,0,False
5372,0,0,0,False
5373,0,0,0,False
5374,0,0,3,True
5375,0,0,3,True
5376,0,0,0,False
5377,0,0,0,False
5378,0,0,3,True
5379,0,0,3,True
5380,0,0,0,False
5381,0,0,0,False
5382,0,0,3,True
5383,0,0,3,True
5384,0,0,0,False
5385,0,0,3,True
5386,0,0,0,False
5387,0,0,0,False
5388,0,0,0,False
5389,0,0,0,False
5390,0,0,3,True
5391,0,0,0,False
5392,0,0,2,True
5393,0,0,0,False
5394,0,0,3,True
5395,0,0,3,True
5396,0,0,0,False
5397,0,0,3,True
5398,0,0,0,False
5399,0,0,2,True
5400,0,0,3,True
5401,0,0,0,False
5402,0,0,0,False
5403,0,0,3,True
5404,0,0,0,False
5405,0,0,3,True
5406,0,0,0,False
5407,0,0,3,True
5408,0,0,3,True
5409,0,0,0,False
5410,0,0,0,False
5411,0,0,0,False
5412,0,0,3,True
5413,0,0,3,True
5414,0,0,1,True
5415,0,0,3,True
5416,0,0,0,False
5417,0,0,3,True
5418,0,0,0,False
5419,0,0,3,True
5420,0,0,0,False
5421,0,0,0,False
5422,0,0,3,True
5423,0,0,3,True
5424,0,0,0,False
5425,0,0,0,False
5426,0,0,0,False
5427,0,0,0,False
5428,0,0,2,True
5429,0,0,3,True
5430,0,0,0,False
5431,0,0,0,False
5432,0,0,3,True
5433,0,0,3,True
5434,0,0,3,True
5435,0,0,3,True
5436,0,0,0,False
5437,0,0,3,True
5438,0,0,0,False
5439,0,0,3,True
5440,0,1,3,False
5441,0,0,0,False
5442,0,0,0,False
5443,0,0,0,False
5444,0,0,3,True
5445,0,0,3,True
5446,0,0,0,False
5447,0,0,0,False
5448,0,0,0,False
5449,0,0,0,False
5450,0,0,0,False
5451,0,0,3,True
5452,0,0,0,False
5453,0,0,0,False
5454,0,0,3,True
5455,0,0,0,False
5456,0,0,0,False
5457,0,0,3,True
5458,0,0,0,False
5459,0,0,3,True
5460,0,0,0,False
5461,0,0,0,False
5462,0,0,0,False
5463,0,0,0,False
5464,0,0,0,False
5465,0,0,3,True
5466,0,0,0,False
5467,0,0,0,False
5468,0,0,0,False
5469,0,0,3,True
5470,0,0,3,True
5471,0,0,0,False
5472,0,0,3,True
5473,0,0,3,True
5474,0,0,0,False
5475,0,0,0,False
5476,0,0,0,False
5477,0,0,3,True
5478,0,0,3,True
5479,0,0,3,True
5480,0,0,3,True
5481,0,3,3,False
5482,0,0,0,False
5483,0,0,0,False
5484,0,0,0,False
5485,0,0,3,True
5486,0,0,0,False
5487,0,0,0,False
5488,0,0,0,False
5489,0,0,0,False
5490,0,0,3,True
5491,0,0,3,True
5492,0,0,3,True
5493,0,0,3,True
5494,0,0,2,True
5495,0,0,3,True
5496,0,0,0,False
5497,0,0,0,False
5498,0,0,3,True
5499,0,0,0,False
5500,0,0,3,True
5501,0,0,0,False
5502,0,0,3,True
5503,0,0,3,True
5504,0,0,3,True
5505,0,0,3,True
5506,0,0,3,True
5507,0,0,0,False
5508,0,0,0,False
5509,0,0,3,True
5510,0,0,0,False
5511,0,0,0,False
5512,0,0,0,False
5513,0,0,1,True
5514,0,0,0,False
5515,0,0,0,False
5516,0,0,0,False
5517,0,0,0,False
5518,0,0,0,False
5519,0,0,0,False
5520,0,0,3,True
5521,0,0,3,True
5522,0,0,0,False
5523,0,0,0,False
5524,0,0,3,True
5525,0,0,0,False
5526,0,0,0,False
5527,0,0,0,False
5528,0,0,3,True
5529,0,0,3,True
5530,0,0,0,False
5531,0,0,0,False
5532,0,0,3,True
5533,0,0,0,False
5534,0,0,2,True
5535,0,0,0,False
5536,0,0,0,False
5537,0,0,3,True
5538,0,0,0,False
5539,0,0,0,False
5540,0,0,0,False
5541,0,0,0,False
5542,0,0,0,False
5543,0,0,3,True
5544,0,0,0,False
5545,0,0,0,False
5546,0,0,0,False
5547,0,0,0,False
5548,0,0,3,True
5549,0,0,3,True
5550,0,0,3,True
5551,0,0,0,False
5552,0,0,0,False
5553,0,0,0,False
5554,0,0,0,False
5555,0,0,3,True
5556,0,0,0,False
5557,0,0,0,False
5558,0,0,3,True
5559,0,0,0,False
5560,0,0,0,False
5561,0,0,0,False
5562,0,0,0,False
5563,0,0,3,True
5564,0,0,3,True
5565,0,0,0,False
5566,0,0,3,True
5567,0,0,3,True
5568,0,0,0,False
5569,0,1,0,False
5570,0,0,2,True
5571,0,0,0,False
5572,0,0,3,True
5573,0,0,0,False
5574,0,0,0,False
5575,0,0,0,False
5576,0,0,3,True
5577,0,0,0,False
5578,0,0,3,True
5579,0,0,0,False
5580,0,0,3,True
5581,0,0,0,False
5582,0,0,3,True
5583,0,0,3,True
5584,0,0,0,False
5585,0,0,3,True
5586,0,2,3,False
5587,0,0,0,False
5588,0,0,3,True
5589,0,0,0,False
5590,0,0,3,True
5591,0,0,0,False
5592,0,0,0,False
5593,0,0,0,False
5594,0,0,3,True
5595,0,0,3,True
5596,0,0,3,True
5597,0,0,0,False
5598,0,0,3,True
5599,0,0,0,False
5600,0,0,0,False
5601,0,0,0,False
5602,0,0,3,True
5603,0,0,0,False
5604,0,0,3,True
5605,0,0,0,False
5606,0,0,0,False
5607,0,0,3,True
5608,0,0,0,False
5609,0,0,3,True
5610,0,0,3,True
5611,0,0,3,True
5612,0,0,0,False
5613,0,0,3,True
5614,0,0,3,True
5615,0,0,3,True
5616,0,0,0,False
5617,0,0,0,False
5618,0,0,3,True
5619,0,0,3,True
5620,0,0,0,False
5621,0,0,0,False
5622,0,0,0,False
5623,0,0,0,False
5624,0,0,3,True
5625,0,0,3,True
5626,0,0,0,False
5627,0,0,0,False
5628,0,0,3,True
5629,0,0,3,True
5630,0,0,3,True
5631,0,0,0,False
5632,0,0,0,False
5633,0,0,0,False
5634,0,0,0,False
5635,0,0,0,False
5636,0,0,0,False
5637,0,0,3,True
5638,0,0,3,True
5639,0,0,3,True
5640,0,0,3,True
5641,0,1,3,False
5642,0,0,0,False
5643,0,0,0,False
5644,0,0,0,False
5645,0,0,0,False
5646,0,0,0,False
5647,0,0,3,True
5648,0,0,0,False
5649,0,0,0,False
5650,0,0,3,True
5651,0,0,3,True
5652,0,0,0,False
5653,0,0,0,False
5654,0,0,0,False
5655,0,0,3,True
5656,0,0,0,False
5657,0,0,0,False
5658,0,1,0,False
5659,0,0,3,True
5660,0,0,3,True
5661,0,0,3,True
5662,0,0,3,True
5663,0,0,3,True
5664,0,0,0,False
5665,0,0,3,True
5666,0,0,3,True
5667,0,0,0,False
5668,0,0,3,True
5669,0,0,3,True
5670,0,0,0,False
5671,0,0,0,False
5672,0,0,0,False
5673,0,0,0,False
5674,0,0,3,True
5675,0,0,0,False
5676,0,0,0,False
5677,0,0,0,False
5678,0,0,3,True
5679,0,0,0,False
5680,0,0,0,False
5681,0,0,0,False
5682,0,0,3,True
5683,0,0,0,False
5684,0,0,0,False
5685,0,0,0,False
5686,0,0,3,True
5687,0,0,3,True
5688,0,0,0,False
5689,0,0,3,True
5690,0,0,0,False
5691,0,0,3,True
5692,0,0,0,False
5693,0,0,3,True
5694,0,0,0,False
5695,0,0,0,False
5696,0,0,0,False
5697,0,0,0,False
5698,0,0,0,False
5699,0,0,0,False
5700,0,0,0,False
5701,0,0,0,False
5702,0,0,3,True
5703,0,0,0,False
5704,0,0,3,True
5705,0,0,2,True
5706,0,0,3,True
5707,0,0,0,False
5708,0,0,0,False
5709,0,0,0,False
5710,0,0,0,False
5711,0,0,0,False
5712,0,0,0,False
5713,0,0,3,True
5714,0,0,0,False
5715,0,0,0,False
5716,0,0,3,True
5717,0,0,0,False
5718,0,0,0,False
5719,0,0,0,False
5720,0,0,3,True
5721,0,0,0,False
5722,0,0,0,False
5723,0,0,0,False
5724,0,0,0,False
5725,0,0,3,True
5726,0,0,0,False
5727,0,0,0,False
5728,0,0,3,True
5729,0,0,2,True
5730,0,0,0,False
5731,0,0,0,False
5732,0,0,0,False
5733,0,0,0,False
5734,0,0,3,True
5735,0,0,0,False
5736,0,0,0,False
5737,0,0,3,True
5738,0,0,3,True
5739,0,0,0,False
5740,0,0,0,False
5741,0,0,3,True
5742,0,0,3,True
5743,0,0,0,False
5744,0,0,0,False
5745,0,0,0,False
5746,0,0,3,True
5747,0,0,3,True
5748,0,0,3,True
5749,0,0,3,True
5750,0,0,0,False
5751,0,0,3,True
5752,0,0,0,False
5753,0,0,3,True
5754,0,0,3,True
5755,0,0,0,False
5756,0,0,3,True
5757,0,0,3,True
5758,0,0,3,True
5759,0,0,3,True
5760,0,0,0,False
5761,0,0,3,True
5762,0,0,0,False
5763,0,0,3,True
5764,0,0,0,False
5765,0,0,3,True
5766,0,0,0,False
5767,0,0,0,False
5768,0,0,3,True
5769,0,0,3,True
5770,0,0,0,False
5771,0,0,3,True
5772,0,0,3,True
5773,0,0,0,False
5774,0,0,3,True
5775,0,0,2,True
5776,0,0,3,True
5777,0,0,3,True
5778,0,0,0,False
5779,0,0,0,False
5780,0,0,0,False
5781,0,0,0,False
5782,0,0,3,True
5783,0,0,0,False
5784,0,0,3,True
5785,0,0,0,False
5786,0,0,0,False
5787,0,0,0,False
5788,0,0,0,False
5789,0,0,3,True
5790,0,0,3,True
5791,0,0,0,False
5792,0,0,3,True
5793,0,0,0,False
5794,0,0,3,True
5795,0,0,0,False
5796,0,0,3,True
5797,0,0,0,False
5798,0,0,2,True
5799,0,0,0,False
5800,0,0,0,False
5801,0,0,0,False
5802,0,0,0,False
5803,0,0,0,False
5804,0,0,0,False
5805,0,0,0,False
5806,0,0,3,True
5807,0,0,3,True
5808,0,0,0,False
5809,0,0,3,True
5810,0,0,0,False
5811,0,0,0,False
5812,0,0,3,True
5813,0,0,0,False
5814,0,0,0,False
5815,0,0,0,False
5816,0,0,3,True
5817,0,0,0,False
5818,0,0,2,True
5819,0,0,0,False
5820,0,0,0,False
5821,0,0,0,False
5822,0,0,0,False
5823,0,0,0,False
5824,0,0,0,False
5825,0,0,3,True
5826,0,0,0,False
5827,0,0,3,True
5828,0,0,0,False
5829,0,0,0,False
5830,0,0,0,False
5831,0,0,3,True
5832,0,0,0,False
5833,0,0,0,False
5834,0,0,0,False
5835,0,0,3,True
5836,0,0,0,False
5837,0,0,0,False
5838,0,0,3,True
5839,0,0,0,False
5840,0,0,0,False
5841,0,0,0,False
5842,0,0,0,False
5843,0,0,0,False
5844,0,0,3,True
5845,0,0,3,True
5846,0,0,0,False
5847,0,0,0,False
5848,0,0,0,False
5849,0,0,0,False
5850,0,0,0,False
5851,0,0,0,False
5852,0,0,0,False
5853,0,0,3,True
5854,0,0,0,False
5855,0,0,0,False
5856,0,0,0,False
5857,0,0,0,False
5858,0,0,0,False
5859,0,0,3,True
5860,0,0,3,True
5861,0,0,0,False
5862,0,0,0,False
5863,0,0,0,False
5864,0,0,3,True
5865,0,0,2,True
5866,0,0,0,False
5867,0,0,0,False
5868,0,0,0,False
5869,0,0,0,False
5870,0,0,3,True
5871,0,0,0,False
5872,0,0,3,True
5873,0,0,0,False
5874,0,0,3,True
5875,0,0,3,True
5876,0,0,0,False
5877,0,0,0,False
5878,0,0,0,False
5879,0,0,0,False
5880,0,0,3,True
5881,0,0,0,False
5882,0,0,0,False
5883,0,0,0,False
5884,0,0,0,False
5885,0,0,3,True
5886,0,0,0,False
5887,0,0,0,False
5888,0,0,0,False
5889,0,0,0,False
5890,0,0,3,True
5891,0,0,3,True
5892,0,0,3,True
5893,0,0,0,False
5894,0,0,0,False
5895,0,0,3,True
5896,0,0,3,True
5897,0,0,0,False
5898,0,0,0,False
5899,0,0,3,True
5900,0,0,3,True
5901,0,0,0,False
5902,0,0,0,False
5903,0,0,0,False
5904,0,0,3,True
5905,0,0,0,False
5906,0,0,0,False
5907,0,0,3,True
5908,0,0,0,False
5909,0,0,0,False
5910,0,0,0,False
5911,0,0,0,False
5912,0,0,3,True
5913,0,0,0,False
5914,0,0,3,True
5915,0,0,0,False
5916,0,0,0,False
5917,0,0,0,False
5918,0,0,3,True
5919,0,0,0,False
5920,0,0,0,False
5921,0,0,3,True
5922,0,0,3,True
5923,0,0,0,False
5924,0,0,3,True
5925,0,0,3,True
5926,0,0,3,True
5927,0,0,0,False
5928,0,0,0,False
5929,0,0,0,False
5930,0,0,3,True
5931,0,0,0,False
5932,0,0,0,False
5933,0,0,3,True
5934,0,0,3,True
5935,0,0,3,True
5936,0,0,3,True
5937,0,0,3,True
5938,0,0,0,False
5939,0,0,3,True
5940,0,0,3,True
5941,0,0,0,False
5942,0,0,0,False
5943,0,0,0,False
5944,0,0,3,True
5945,0,0,0,False
5946,0,0,0,False
5947,0,0,0,False
5948,0,0,0,False
5949,0,0,3,True
5950,0,0,0,False
5951,0,0,0,False
5952,0,0,3,True
5953,0,0,0,False
5954,0,0,0,False
5955,0,0,3,True
5956,0,0,3,True
5957,0,0,3,True
5958,0,0,0,False
5959,0,0,0,False
5960,0,0,0,False
5961,0,0,0,False
5962,0,0,0,False
5963,0,0,0,False
5964,0,0,0,False
5965,0,0,3,True
5966,0,0,3,True
5967,0,0,0,False
5968,0,0,0,False
5969,0,0,3,True
5970,0,0,3,True
5971,0,0,3,True
5972,0,0,0,False
5973,0,0,3,True
5974,0,0,3,True
5975,0,0,0,False
5976,0,0,3,True
5977,0,0,0,False
5978,0,0,0,False
5979,0,0,0,False
5980,0,0,0,False
5981,0,0,3,True
5982,0,0,0,False
5983,0,0,3,True
5984,0,0,3,True
5985,0,0,0,False
5986,0,0,0,False
5987,0,0,0,False
5988,0,0,0,False
5989,0,0,0,False
5990,0,0,3,True
5991,0,0,0,False
5992,0,0,3,True
5993,0,0,0,False
5994,0,0,0,False
5995,0,0,3,True
5996,0,0,3,True
5997,0,0,3,True
5998,0,0,3,True
5999,0,0,3,True
6000,0,0,0,False
6001,0,0,3,True
6002,0,0,0,False
6003,0,0,0,False
6004,0,0,0,False
6005,0,0,3,True
6006,0,0,3,True
6007,0,0,0,False
6008,0,0,0,False
6009,0,0,0,False
6010,0,0,0,False
6011,0,0,0,False
6012,0,0,3,True
6013,0,0,0,False
6014,0,0,3,True
6015,0,0,3,True
6016,0,0,0,False
6017,0,0,0,False
6018,0,0,3,True
6019,0,0,0,False
6020,0,0,0,False
6021,0,0,0,False
6022,0,0,3,True
6023,0,0,3,True
6024,0,0,3,True
6025,0,0,0,False
6026,0,0,0,False
6027,0,0,3,True
6028,0,0,3,True
6029,0,0,3,True
6030,0,0,0,False
6031,0,0,3,True
6032,0,0,0,False
6033,0,0,0,False
6034,0,0,0,False
6035,0,0,0,False
6036,0,0,0,False
6037,0,0,3,True
6038,0,0,0,False
6039,0,0,3,True
6040,0,0,0,False
6041,0,1,2,False
6042,0,0,0,False
6043,0,0,3,True
6044,0,0,2,True
6045,0,0,0,False
6046,0,0,0,False
6047,0,0,3,True
6048,0,0,0,False
6049,0,0,3,True
6050,0,0,3,True
6051,0,0,0,False
6052,0,0,0,False
6053,0,0,3,True
6054,0,0,0,False
6055,0,0,3,True
6056,0,0,3,True
6057,0,0,0,False
6058,0,0,3,True
6059,0,0,0,False
6060,0,0,0,False
6061,0,0,0,False
6062,0,0,3,True
6063,0,0,0,False
6064,0,0,3,True
6065,0,0,0,False
6066,0,0,0,False
6067,0,0,0,False
6068,0,0,3,True
6069,0,0,3,True
6070,0,0,0,False
6071,0,0,3,True
6072,0,0,0,False
6073,0,0,0,False
6074,0,0,0,False
6075,0,0,0,False
6076,0,0,0,False
6077,0,0,3,True
6078,0,0,3,True
6079,0,0,0,False
6080,0,0,3,True
6081,0,0,0,False
6082,0,0,0,False
6083,0,0,3,True
6084,0,0,0,False
6085,0,0,0,False
6086,0,0,3,True
6087,0,0,0,False
6088,0,0,0,False
6089,0,0,3,True
6090,0,0,0,False
6091,0,0,0,False
6092,0,0,0,False
6093,0,0,0,False
6094,0,0,0,False
6095,0,0,0,False
6096,0,0,3,True
6097,0,0,0,False
6098,0,0,0,False
6099,0,0,0,False
6100,0,0,0,False
6101,0,0,3,True
6102,0,0,0,False
6103,0,0,0,False
6104,0,0,0,False
6105,0,0,0,False
6106,0,0,3,True
6107,0,0,0,False
6108,0,0,0,False
6109,0,0,0,False
6110,0,0,0,False
6111,0,0,3,True
6112,0,0,3,True
6113,0,0,3,True
6114,0,0,0,False
6115,0,0,0,False
6116,0,0,3,True
6117,0,0,3,True
6118,0,0,0,False
6119,0,0,0,False
6120,0,0,3,True
6121,0,0,3,True
6122,0,0,0,False
6123,0,0,3,True
6124,0,0,3,True
6125,0,0,3,True
6126,0,0,3,True
6127,0,0,0,False
6128,0,0,3,True
6129,0,0,0,False
6130,0,0,0,False
6131,0,0,0,False
6132,0,0,3,True
6133,0,0,0,False
6134,0,0,0,False
6135,0,0,3,True
6136,0,0,0,False
6137,0,0,0,False
6138,0,0,0,False
6139,0,0,3,True
6140,0,0,3,True
6141,0,0,3,True
6142,0,0,0,False
6143,0,0,0,False
6144,0,0,0,False
6145,0,0,3,True
6146,0,0,0,False
6147,0,0,0,False
6148,0,0,3,True
6149,0,0,3,True
6150,0,0,0,False
6151,0,0,0,False
6152,0,0,0,False
6153,0,0,3,True
6154,0,0,0,False
6155,0,0,0,False
6156,0,0,0,False
6157,0,0,0,False
6158,0,0,0,False
6159,0,0,0,False
6160,0,0,0,False
6161,0,0,3,True
6162,0,0,0,False
6163,0,0,3,True
6164,0,0,0,False
6165,0,0,0,False
6166,0,0,0,False
6167,0,0,3,True
6168,0,0,3,True
6169,0,0,3,True
6170,0,0,0,False
6171,0,0,2,True
6172,0,0,0,False
6173,0,0,0,False
6174,0,0,0,False
6175,0,0,3,True
6176,0,0,0,False
6177,0,0,0,False
6178,0,0,0,False
6179,0,0,0,False
6180,0,0,0,False
6181,0,0,0,False
6182,0,0,0,False
6183,0,0,0,False
6184,0,0,0,False
6185,0,0,3,True
6186,0,0,0,False
6187,0,0,0,False
6188,0,0,0,False
6189,0,0,0,False
6190,0,0,3,True
6191,0,0,0,False
6192,0,0,0,False
6193,0,0,0,False
6194,0,0,0,False
6195,0,0,3,True
6196,0,0,3,True
6197,0,0,3,True
6198,0,0,0,False
6199,0,0,0,False
6200,0,0,0,False
6201,0,0,2,True
6202,0,0,0,False
6203,0,0,3,True
6204,0,0,3,True
6205,0,0,0,False
6206,0,0,0,False
6207,0,0,3,True
6208,0,0,3,True
6209,0,0,0,False
6210,0,0,0,False
6211,0,0,3,True
6212,0,0,0,False
6213,0,0,3,True
6214,0,0,0,False
6215,0,0,0,False
6216,0,0,3,True
6217,0,0,0,False
6218,0,0,3,True
6219,0,0,0,False
6220,0,0,3,True
6221,0,0,3,True
6222,0,0,3,True
6223,0,0,2,True
6224,0,0,0,False
6225,0,0,3,True
6226,0,0,0,False
6227,0,0,0,False
6228,0,0,3,True
6229,0,0,3,True
6230,0,0,0,False
6231,0,0,0,False
6232,0,0,0,False
6233,0,0,0,False
6234,0,0,0,False
6235,0,0,3,True
6236,0,0,0,False
6237,0,0,0,False
6238,0,0,3,True
6239,0,0,3,True
6240,0,0,0,False
6241,0,0,0,False
6242,0,0,3,True
6243,0,0,0,False
6244,0,0,0,False
6245,0,0,0,False
6246,0,0,0,False
6247,0,0,0,False
6248,0,0,0,False
6249,0,0,0,False
6250,0,0,0,False
6251,0,0,0,False
6252,0,0,1,True
6253,0,0,3,True
6254,0,0,0,False
6255,0,0,2,True
6256,0,0,0,False
6257,0,0,0,False
6258,0,0,0,False
6259,0,0,0,False
6260,0,0,1,True
6261,0,0,0,False
6262,0,0,0,False
6263,0,0,0,False
6264,0,0,3,True
6265,0,0,0,False
6266,0,0,0,False
6267,0,0,3,True
6268,0,0,0,False
6269,0,0,3,True
6270,0,0,0,False
6271,0,0,3,True
6272,0,0,0,False
6273,0,0,0,False
6274,0,0,0,False
6275,0,0,0,False
6276,0,0,3,True
6277,0,0,3,True
6278,0,0,3,True
6279,0,0,3,True
6280,0,0,0,False
6281,0,0,0,False
6282,0,0,0,False
6283,0,0,0,False
6284,0,0,0,False
6285,0,0,3,True
6286,0,0,0,False
6287,0,0,0,False
6288,0,0,0,False
6289,0,0,0,False
6290,0,0,0,False
6291,0,0,0,False
6292,0,0,0,False
6293,0,0,0,False
6294,0,0,0,False
6295,0,0,3,True
6296,0,0,0,False
6297,0,0,0,False
6298,0,0,0,False
6299,0,0,0,False
6300,0,0,3,True
6301,0,0,3,True
6302,0,0,3,True
6303,0,0,0,False
6304,0,0,0,False
6305,0,0,3,True
6306,0,0,0,False
6307,0,0,0,False
6308,0,0,2,True
6309,0,0,0,False
6310,0,0,0,False
6311,0,0,3,True
6312,0,0,0,False
6313,0,0,0,False
6314,0,0,0,False
6315,0,0,3,True
6316,0,0,0,False
6317,0,0,0,False
6318,0,0,0,False
6319,0,0,0,False
6320,0,0,3,True
6321,0,0,3,True
6322,0,0,3,True
6323,0,0,0,False
6324,0,0,3,True
6325,0,0,3,True
6326,0,0,0,False
6327,0,0,3,True
6328,0,0,0,False
6329,0,0,3,True
6330,0,0,0,False
6331,0,0,3,True
6332,0,0,0,False
6333,0,0,0,False
6334,0,0,3,True
6335,0,0,3,True
6336,0,0,0,False
6337,0,0,0,False
6338,0,0,0,False
6339,0,0,0,False
6340,0,0,0,False
6341,0,0,0,False
6342,0,0,3,True
6343,0,0,3,True
6344,0,0,0,False
6345,0,0,0,False
6346,0,0,0,False
6347,0,0,3,True
6348,0,0,2,True
6349,0,0,3,True
6350,0,0,3,True
6351,0,0,0,False
6352,0,0,0,False
6353,0,0,0,False
6354,0,0,0,False
6355,0,0,0,False
6356,0,0,0,False
6357,0,0,2,True
6358,0,0,0,False
6359,0,0,3,True
6360,0,0,0,False
6361,0,0,0,False
6362,0,0,3,True
6363,0,0,0,False
6364,0,0,0,False
6365,0,0,0,False
6366,0,0,0,False
6367,0,0,0,False
6368,0,0,3,True
6369,0,0,0,False
6370,0,0,0,False
6371,0,0,0,False
6372,0,0,3,True
6373,0,0,0,False
6374,0,0,0,False
6375,0,0,0,False
6376,0,0,0,False
6377,0,0,0,False
6378,0,0,3,True
6379,0,0,0,False
6380,0,0,3,True
6381,0,0,3,True
6382,0,0,0,False
6383,0,0,3,True
6384,0,0,0,False
6385,0,0,0,False
6386,0,0,3,True
6387,0,0,3,True
6388,0,0,3,True
6389,0,0,0,False
6390,0,0,0,False
6391,0,0,3,True
6392,0,0,0,False
6393,0,0,0,False
6394,0,0,3,True
6395,0,0,3,True
6396,0,0,3,True
6397,0,0,0,False
6398,0,0,0,False
6399,0,0,0,False
6400,0,0,0,False
6401,0,0,3,True
6402,0,0,3,True
6403,0,0,0,False
6404,0,0,3,True
6405,0,0,3,True
6406,0,0,3,True
6407,0,0,0,False
6408,0,0,0,False
6409,0,0,0,False
6410,0,0,0,False
6411,0,0,3,True
6412,0,0,3,True
6413,0,0,0,False
6414,0,0,0,False
6415,0,0,3,True
6416,0,0,3,True
6417,0,0,3,True
6418,0,0,0,False
6419,0,0,2,True
6420,0,0,3,True
6421,0,0,0,False
6422,0,0,0,False
6423,0,0,0,False
6424,0,0,0,False
6425,0,0,0,False
6426,0,0,0,False
6427,0,0,3,True
6428,0,0,3,True
6429,0,0,0,False
6430,0,0,0,False
6431,0,0,3,True
6432,0,0,3,True
6433,0,0,3,True
6434,0,0,2,True
6435,0,0,3,True
6436,0,0,0,False
6437,0,0,3,True
6438,0,0,0,False
6439,0,0,0,False
6440,0,0,0,False
6441,0,0,0,False
6442,0,0,0,False
6443,0,0,3,True
6444,0,0,0,False
6445,0,0,0,False
6446,0,0,0,False
6447,0,0,0,False
6448,0,0,3,True
6449,0,0,3,True
6450,0,0,0,False
6451,0,0,0,False
6452,0,0,0,False
6453,0,0,0,False
6454,0,0,3,True
6455,0,0,3,True
6456,0,0,3,True
6457,0,0,3,True
6458,0,0,3,True
6459,0,0,3,True
6460,0,0,3,True
6461,0,0,3,True
6462,0,0,1,True
6463,0,0,0,False
6464,0,0,0,False
6465,0,0,0,False
6466,0,0,0,False
6467,0,0,0,False
6468,0,0,3,True
6469,0,0,0,False
6470,0,0,3,True
6471,0,0,3,True
6472,0,0,0,False
6473,0,0,0,False
6474,0,0,0,False
6475,0,0,0,False
6476,0,0,0,False
6477,0,0,0,False
6478,0,0,0,False
6479,0,0,0,False
6480,0,0,3,True
6481,0,0,3,True
6482,0,0,3,True
6483,0,0,3,True
6484,0,0,0,False
6485,0,0,3,True
6486,0,0,0,False
6487,0,0,0,False
6488,0,0,0,False
6489,0,0,0,False
6490,0,0,3,True
6491,0,0,3,True
6492,0,0,0,False
6493,0,0,0,False
6494,0,0,3,True
6495,0,0,3,True
6496,0,0,0,False
6497,0,0,3,True
6498,0,0,0,False
6499,0,0,0,False
6500,0,0,3,True
6501,0,0,3,True
6502,0,0,3,True
6503,0,0,3,True
6504,0,0,3,True
6505,0,0,3,True
6506,0,0,0,False
6507,0,0,3,True
6508,0,0,0,False
6509,0,0,0,False
6510,0,0,0,False
6511,0,0,3,True
6512,0,0,3,True
6513,0,0,3,True
6514,0,0,0,False
6515,0,0,0,False
6516,0,0,0,False
6517,0,0,0,False
6518,0,0,3,True
6519,0,0,3,True
6520,0,0,0,False
6521,0,0,0,False
6522,0,0,0,False
6523,0,0,0,False
6524,0,0,3,True
6525,0,0,0,False
6526,0,0,0,False
6527,0,0,0,False
6528,0,0,0,False
6529,0,0,0,False
6530,0,0,2,True
6531,0,0,0,False
6532,0,0,3,True
6533,0,0,0,False
6534,0,0,0,False
6535,0,0,0,False
6536,0,0,0,False
6537,0,0,3,True
6538,0,0,0,False
6539,0,0,3,True
6540,0,0,0,False
6541,0,0,0,False
6542,0,0,0,False
6543,0,0,0,False
6544,0,0,0,False
6545,0,0,3,True
6546,0,0,0,False
6547,0,0,3,True
6548,0,0,0,False
6549,0,0,3,True
6550,0,0,0,False
6551,0,0,3,True
6552,0,0,3,True
6553,0,0,3,True
6554,0,0,0,False
6555,0,0,3,True
6556,0,0,3,True
6557,0,0,3,True
6558,0,0,0,False
6559,0,0,3,True
6560,0,0,3,True
6561,0,0,0,False
6562,0,0,0,False
6563,0,0,3,True
6564,0,0,0,False
6565,0,0,3,True
6566,0,0,3,True
6567,0,0,0,False
6568,0,0,3,True
6569,0,0,0,False
6570,0,0,0,False
6571,0,0,0,False
6572,0,0,3,True
6573,0,0,3,True
6574,0,0,0,False
6575,0,0,0,False
6576,0,0,0,False
6577,0,0,3,True
6578,0,0,0,False
6579,0,0,0,False
6580,0,0,0,False
6581,0,0,0,False
6582,0,0,0,False
6583,0,0,0,False
6584,0,0,0,False
6585,0,0,3,True
6586,0,0,3,True
6587,0,0,0,False
6588,0,0,0,False
6589,0,0,0,False
6590,0,0,0,False
6591,0,0,0,False
6592,0,0,3,True
6593,0,0,0,False
6594,0,0,0,False
6595,0,0,3,True
6596,0,0,0,False
6597,0,0,3,True
6598,0,0,3,True
6599,0,0,0,False
6600,0,0,3,True
6601,0,0,0,False
6602,0,0,3,True
6603,0,0,0,False
6604,0,0,3,True
6605,0,0,3,True
6606,0,0,3,True
6607,0,0,3,True
6608,0,0,0,False
6609,0,0,3,True
6610,0,0,0,False
6611,0,0,0,False
6612,0,0,0,False
6613,0,0,0,False
6614,0,0,0,False
6615,0,0,0,False
6616,0,0,0,False
6617,0,0,0,False
6618,0,0,3,True
6619,0,0,0,False
6620,0,0,0,False
6621,0,0,3,True
6622,0,0,3,True
6623,0,0,3,True
6624,0,0,3,True
6625,0,0,3,True
6626,0,0,0,False
6627,0,0,3,True
6628,0,0,0,False
6629,0,0,0,False
6630,0,0,3,True
6631,0,0,0,False
6632,0,0,3,True
6633,0,0,2,True
6634,0,0,0,False
6635,0,0,0,False
6636,0,0,0,False
6637,0,0,0,False
6638,0,0,0,False
6639,0,0,0,False
6640,0,0,0,False
6641,0,0,0,False
6642,0,0,0,False
6643,0,0,3,True
6644,0,0,0,False
6645,0,0,0,False
6646,0,0,3,True
6647,0,0,3,True
6648,0,0,0,False
6649,0,0,0,False
6650,0,0,0,False
6651,0,0,0,False
6652,0,0,0,False
6653,0,0,0,False
6654,0,0,0,False
6655,0,0,0,False
6656,0,0,3,True
6657,0,0,0,False
6658,0,0,3,True
6659,0,0,3,True
6660,0,0,3,True
6661,0,0,3,True
6662,0,0,0,False
6663,0,0,0,False
6664,0,0,0,False
6665,0,0,0,False
6666,0,0,0,False
6667,0,0,0,False
6668,0,0,3,True
6669,0,0,3,True
6670,0,0,3,True
6671,0,0,3,True
6672,0,0,0,False
6673,0,0,3,True
6674,0,0,0,False
6675,0,0,0,False
6676,0,0,0,False
6677,0,0,0,False
6678,0,0,3,True
6679,0,0,3,True
6680,0,0,0,False
6681,0,0,3,True
6682,0,0,0,False
6683,0,0,3,True
6684,0,0,3,True
6685,0,0,0,False
6686,0,0,0,False
6687,0,0,0,False
6688,0,0,0,False
6689,0,0,0,False
6690,0,0,3,True
6691,0,0,0,False
6692,0,0,3,True
6693,0,0,3,True
6694,0,0,0,False
6695,0,0,0,False
6696,0,0,0,False
6697,0,0,3,True
6698,0,0,0,False
6699,0,0,3,True
6700,0,0,0,False
6701,0,0,0,False
6702,0,0,0,False
6703,0,0,0,False
6704,0,0,2,True
6705,0,0,0,False
6706,0,0,3,True
6707,0,0,0,False
6708,0,0,3,True
6709,0,0,0,False
6710,0,0,0,False
6711,0,0,0,False
6712,0,0,3,True
6713,0,0,0,False
6714,0,0,3,True
6715,0,0,0,False
6716,0,0,0,False
6717,0,0,3,True
6718,0,0,0,False
6719,0,0,0,False
6720,0,0,0,False
6721,0,0,0,False
6722,0,0,3,True
6723,0,0,3,True
6724,0,0,3,True
6725,0,0,0,False
6726,0,0,0,False
6727,0,0,0,False
6728,0,0,0,False
6729,0,0,0,False
6730,0,0,3,True
6731,0,0,0,False
6732,0,0,0,False
6733,0,0,0,False
6734,0,0,3,True
6735,0,0,0,False
6736,0,0,0,False
6737,0,0,0,False
6738,0,0,0,False
6739,0,0,0,False
6740,0,0,0,False
6741,0,0,3,True
6742,0,0,3,True
6743,0,0,3,True
6744,0,0,0,False
6745,0,0,0,False
6746,0,0,0,False
6747,0,0,3,True
6748,0,0,0,False
6749,0,0,0,False
6750,0,0,3,True
6751,0,0,3,True
6752,0,0,3,True
6753,0,0,3,True
6754,0,0,3,True
6755,0,0,0,False
6756,0,0,0,False
6757,0,0,0,False
6758,0,0,0,False
6759,0,0,0,False
6760,0,0,3,True
6761,0,0,3,True
6762,0,0,3,True
6763,0,0,0,False
6764,0,0,0,False
6765,0,0,0,False
6766,0,0,3,True
6767,0,0,0,False
6768,0,0,0,False
6769,0,0,3,True
6770,0,0,0,False
6771,0,0,0,False
6772,0,0,0,False
6773,0,0,0,False
6774,0,0,3,True
6775,0,0,0,False
6776,0,0,3,True
6777,0,0,3,True
6778,0,0,3,True
6779,0,0,3,True
6780,0,0,3,True
6781,0,0,3,True
6782,0,0,3,True
6783,0,0,0,False
6784,0,0,0,False
6785,0,0,0,False
6786,0,0,0,False
6787,0,0,3,True
6788,0,0,0,False
6789,0,0,3,True
6790,0,0,0,False
6791,0,0,3,True
6792,0,0,0,False
6793,0,0,3,True
6794,0,0,0,False
6795,0,0,0,False
6796,0,0,0,False
6797,0,0,0,False
6798,0,0,3,True
6799,0,0,0,False
6800,0,0,0,False
6801,0,0,3,True
6802,0,0,0,False
6803,0,0,0,False
6804,0,0,0,False
6805,0,1,3,False
6806,0,0,0,False
6807,0,0,3,True
6808,0,0,0,False
6809,0,0,0,False
6810,0,0,3,True
6811,0,0,0,False
6812,0,0,0,False
6813,0,0,0,False
6814,0,0,0,False
6815,0,0,0,False
6816,0,0,3,True
6817,0,0,0,False
6818,0,0,0,False
6819,0,0,1,True
6820,0,0,3,True
6821,0,0,0,False
6822,0,0,0,False
6823,0,0,0,False
6824,0,0,0,False
6825,0,0,0,False
6826,0,0,0,False
6827,0,0,3,True
6828,0,0,0,False
6829,0,0,0,False
6830,0,0,0,False
6831,0,0,0,False
6832,0,0,3,True
6833,0,0,0,False
6834,0,0,3,True
6835,0,0,0,False
6836,0,0,0,False
6837,0,0,0,False
6838,0,0,0,False
6839,0,0,0,False
6840,0,0,3,True
6841,0,0,3,True
6842,0,0,0,False
6843,0,0,0,False
6844,0,0,0,False
6845,0,0,0,False
6846,0,0,0,False
6847,0,0,0,False
6848,0,0,0,False
6849,0,0,3,True
6850,0,0,0,False
6851,0,0,0,False
6852,0,0,3,True
6853,0,0,0,False
6854,0,0,3,True
6855,0,0,0,False
6856,0,0,3,True
6857,0,0,3,True
6858,0,0,3,True
6859,0,0,0,False
6860,0,0,3,True
6861,0,0,0,False
6862,0,0,0,False
6863,0,0,3,True
6864,0,0,3,True
6865,0,0,0,False
6866,0,0,0,False
6867,0,0,0,False
6868,0,0,0,False
6869,0,0,0,False
6870,0,0,3,True
6871,0,0,0,False
6872,0,0,0,False
6873,0,0,3,True
6874,0,0,3,True
6875,0,0,0,False
6876,0,0,3,True
6877,0,0,3,True
6878,0,0,0,False
6879,0,0,0,False
6880,0,0,0,False
6881,0,0,3,True
6882,0,0,0,False
6883,0,0,0,False
6884,0,0,3,True
6885,0,0,0,False
6886,0,0,0,False
6887,0,0,3,True
6888,0,0,0,False
6889,0,0,0,False
6890,0,0,3,True
6891,0,0,3,True
6892,0,0,0,False
6893,0,0,0,False
6894,0,0,0,False
6895,0,0,0,False
6896,0,0,3,True
6897,0,0,3,True
6898,0,0,0,False
6899,0,0,3,True
6900,0,0,0,False
6901,0,0,0,False
6902,0,0,0,False
6903,0,0,0,False
6904,0,0,3,True
6905,0,0,0,False
6906,0,0,3,True
6907,0,0,0,False
6908,0,0,3,True
6909,0,0,0,False
6910,0,0,0,False
6911,0,0,0,False
6912,0,0,0,False
6913,0,0,0,False
6914,0,0,3,True
6915,0,0,3,True
6916,0,0,3,True
6917,0,0,0,False
6918,0,0,0,False
6919,0,0,0,False
6920,0,0,0,False
6921,0,0,0,False
6922,0,0,0,False
6923,0,0,0,False
6924,0,0,0,False
6925,0,0,0,False
6926,0,0,3,True
6927,0,0,0,False
6928,0,0,0,False
6929,0,0,3,True
6930,0,0,0,False
6931,0,0,0,False
6932,0,0,0,False
6933,0,0,0,False
6934,0,0,0,False
6935,0,0,0,False
6936,0,0,0,False
6937,0,0,0,False
6938,0,0,3,True
6939,0,0,0,False
6940,0,0,0,False
6941,0,0,3,True
6942,0,0,0,False
6943,0,0,0,False
6944,0,0,3,True
6945,0,0,3,True
6946,0,0,0,False
6947,0,0,3,True
6948,0,0,3,True
6949,0,0,0,False
6950,0,0,3,True
6951,0,0,3,True
6952,0,0,0,False
6953,0,0,0,False
6954,0,0,0,False
6955,0,0,0,False
6956,0,0,1,True
6957,0,0,1,True
6958,0,0,0,False
6959,0,0,0,False
6960,0,0,0,False
6961,0,0,0,False
6962,0,0,0,False
6963,0,0,0,False
6964,0,0,3,True
6965,0,0,0,False
6966,0,0,0,False
6967,0,0,0,False
6968,0,0,0,False
6969,0,0,3,True
6970,0,0,3,True
6971,0,0,0,False
6972,0,0,3,True
6973,0,0,3,True
6974,0,0,0,False
6975,0,0,3,True
6976,0,0,3,True
6977,0,0,0,False
6978,0,0,3,True
6979,0,0,3,True
6980,0,0,0,False
6981,0,1,0,False
6982,0,0,3,True
6983,0,0,0,False
6984,0,0,0,False
6985,0,0,0,False
6986,0,0,0,False
6987,0,0,3,True
6988,0,0,0,False
6989,0,0,3,True
6990,0,0,3,True
6991,0,0,0,False
6992,0,0,3,True
6993,0,0,0,False
6994,0,0,3,True
6995,0,0,3,True
6996,0,0,0,False
6997,0,0,3,True
6998,0,0,0,False
6999,0,0,0,False
7000,0,0,0,False
7001,0,0,3,True
7002,0,0,0,False
7003,0,0,0,False
7004,0,0,0,False
7005,0,0,3,True
7006,0,0,3,True
7007,0,0,3,True
7008,0,0,0,False
7009,0,0,0,False
7010,0,0,0,False
7011,0,0,1,True
7012,0,0,0,False
7013,0,0,0,False
7014,0,0,3,True
7015,0,0,3,True
7016,0,0,3,True
7017,0,0,0,False
7018,0,0,3,True
7019,0,0,0,False
7020,0,0,0,False
7021,0,0,0,False
7022,0,0,3,True
7023,0,0,3,True
7024,0,0,3,True
7025,0,0,0,False
7026,0,0,3,True
7027,0,0,3,True
7028,0,0,3,True
7029,0,3,3,False
7030,0,0,0,False
7031,0,0,3,True
7032,0,0,3,True
7033,0,0,0,False
7034,0,0,0,False
7035,0,0,3,True
7036,0,0,0,False
7037,0,0,3,True
7038,0,0,0,False
7039,0,0,0,False
7040,0,0,3,True
7041,0,0,0,False
7042,0,0,3,True
7043,0,0,0,False
7044,0,0,3,True
7045,0,0,0,False
7046,0,0,0,False
7047,0,0,3,True
7048,0,0,3,True
7049,0,0,0,False
7050,0,0,2,True
7051,0,0,3,True
7052,0,0,3,True
7053,0,0,0,False
7054,0,0,0,False
7055,0,0,3,True
7056,0,0,3,True
7057,0,0,3,True
7058,0,0,0,False
7059,0,0,3,True
7060,0,0,3,True
7061,0,0,3,True
7062,0,0,0,False
7063,0,0,3,True
7064,0,0,3,True
7065,0,0,3,True
7066,0,0,2,True
7067,0,0,0,False
7068,0,0,3,True
7069,0,0,0,False
7070,0,0,3,True
7071,0,0,0,False
7072,0,0,3,True
7073,0,0,0,False
7074,0,0,2,True
7075,0,0,3,True
7076,0,0,0,False
7077,0,0,0,False
7078,0,0,0,False
7079,0,0,0,False
7080,0,0,0,False
7081,0,0,0,False
7082,0,0,0,False
7083,0,0,0,False
7084,0,0,0,False
7085,0,0,0,False
7086,0,0,0,False
7087,0,0,3,True
7088,0,0,3,True
7089,0,0,3,True
7090,0,0,0,False
7091,0,0,0,False
7092,0,0,3,True
7093,0,0,0,False
7094,0,0,3,True
7095,0,0,3,True
7096,0,0,0,False
7097,0,0,3,True
7098,0,0,3,True
7099,0,0,0,False
7100,0,0,0,False
7101,0,0,0,False
7102,0,0,0,False
7103,0,0,0,False
7104,0,0,0,False
7105,0,0,0,False
7106,0,0,0,False
7107,0,0,0,False
7108,0,0,0,False
7109,0,0,0,False
7110,0,0,0,False
7111,0,0,0,False
7112,0,0,3,True
7113,0,0,0,False
7114,0,0,3,True
7115,0,0,3,True
7116,0,0,0,False
7117,0,0,0,False
7118,0,0,0,False
7119,0,0,0,False
7120,0,0,0,False
7121,0,0,3,True
7122,0,0,0,False
7123,0,0,0,False
7124,0,0,3,True
7125,0,0,0,False
7126,0,0,0,False
7127,0,0,0,False
7128,0,0,0,False
7129,0,0,3,True
7130,0,0,0,False
7131,0,0,3,True
7132,0,0,3,True
7133,0,0,0,False
7134,0,0,3,True
7135,0,0,0,False
7136,0,1,3,False
7137,0,0,0,False
7138,0,0,0,False
7139,0,0,3,True
7140,0,0,0,False
7141,0,0,0,False
7142,0,0,0,False
7143,0,0,3,True
7144,0,0,3,True
7145,0,0,3,True
7146,0,0,3,True
7147,0,0,3,True
7148,0,0,3,True
7149,0,0,0,False
7150,0,0,0,False
7151,0,0,2,True
7152,0,0,0,False
7153,0,0,0,False
7154,0,0,3,True
7155,0,0,0,False
7156,0,0,3,True
7157,0,0,0,False
7158,0,0,0,False
7159,0,0,3,True
7160,0,0,0,False
7161,0,0,3,True
7162,0,0,3,True
7163,0,0,3,True
7164,0,0,0,False
7165,0,0,0,False
7166,0,0,3,True
7167,0,0,0,False
7168,0,0,0,False
7169,0,0,0,False
7170,0,0,3,True
7171,0,0,0,False
7172,0,0,3,True
7173,0,0,0,False
7174,0,0,0,False
7175,0,0,2,True
7176,0,0,1,True
7177,0,0,0,False
7178,0,0,0,False
7179,0,0,3,True
7180,0,0,3,True
7181,0,0,0,False
7182,0,0,0,False
7183,0,0,3,True
7184,0,0,0,False
7185,0,0,0,False
7186,0,0,3,True
7187,0,0,3,True
7188,0,0,3,True
7189,0,0,3,True
7190,0,0,0,False
7191,0,0,0,False
7192,0,0,0,False
7193,0,0,3,True
7194,0,0,3,True
7195,0,0,2,True
7196,0,0,3,True
7197,0,0,0,False
7198,0,0,0,False
7199,0,0,3,True
7200,0,0,3,True
7201,0,0,3,True
7202,0,0,0,False
7203,0,0,0,False
7204,0,0,0,False
7205,0,0,3,True
7206,0,0,0,False
7207,0,0,0,False
7208,0,0,0,False
7209,0,0,3,True
7210,0,0,0,False
7211,0,0,3,True
7212,0,0,0,False
7213,0,0,0,False
7214,0,0,3,True
7215,0,0,0,False
7216,0,0,3,True
7217,0,0,0,False
7218,0,0,0,False
7219,0,0,0,False
7220,0,0,0,False
7221,0,0,0,False
7222,0,0,0,False
7223,0,0,0,False
7224,0,0,3,True
7225,0,0,2,True
7226,0,0,0,False
7227,0,0,3,True
7228,0,0,3,True
7229,0,0,0,False
7230,0,0,0,False
7231,0,0,0,False
7232,0,0,3,True
7233,0,0,3,True
7234,0,0,3,True
7235,0,0,0,False
7236,0,0,0,False
7237,0,0,3,True
7238,0,0,0,False
7239,0,0,3,True
7240,0,0,0,False
7241,0,0,0,False
7242,0,0,3,True
7243,0,0,3,True
7244,0,0,3,True
7245,0,0,3,True
7246,0,0,0,False
7247,0,0,3,True
7248,0,0,0,False
7249,0,0,3,True
7250,0,0,3,True
7251,0,0,0,False
7252,0,0,0,False
7253,0,0,3,True
7254,0,0,2,True
7255,0,0,0,False
7256,0,0,3,True
7257,0,0,0,False
7258,0,0,0,False
7259,0,0,3,True
7260,0,0,0,False
7261,0,0,0,False
7262,0,0,0,False
7263,0,0,3,True
7264,0,0,3,True
7265,0,0,0,False
7266,0,0,3,True
7267,0,0,0,False
7268,0,0,3,True
7269,0,0,0,False
7270,0,0,0,False
7271,0,0,0,False
7272,0,0,3,True
7273,0,0,3,True
7274,0,0,0,False
7275,0,0,3,True
7276,0,0,0,False
7277,0,0,0,False
7278,0,0,0,False
7279,0,0,3,True
7280,0,0,0,False
7281,0,0,3,True
7282,0,0,0,False
7283,0,0,0,False
7284,0,0,0,False
7285,0,0,3,True
7286,0,0,3,True
7287,0,0,0,False
7288,0,0,0,False
7289,0,0,3,True
7290,0,0,0,False
7291,0,0,0,False
7292,0,0,0,False
7293,0,0,0,False
7294,0,0,3,True
7295,0,0,0,False
7296,0,0,0,False
7297,0,0,0,False
7298,0,0,0,False
7299,0,0,0,False
7300,0,0,0,False
7301,0,0,3,True
7302,0,0,0,False
7303,0,0,3,True
7304,0,0,2,True
7305,0,0,0,False
7306,0,0,0,False
7307,0,0,0,False
7308,0,0,3,True
7309,0,0,0,False
7310,0,0,3,True
7311,0,0,0,False
7312,0,0,0,False
7313,0,0,0,False
7314,0,0,3,True
7315,0,0,3,True
7316,0,0,3,True
7317,0,0,0,False
7318,0,0,0,False
7319,0,0,3,True
7320,0,0,2,True
7321,0,0,0,False
7322,0,0,0,False
7323,0,0,0,False
7324,0,0,3,True
7325,0,0,0,False
7326,0,0,0,False
7327,0,0,0,False
7328,0,0,3,True
7329,0,0,3,True
7330,0,0,0,False
7331,0,0,0,False
7332,0,0,0,False
7333,0,0,0,False
7334,0,0,3,True
7335,0,0,3,True
7336,0,0,0,False
7337,0,0,3,True
7338,0,0,2,True
7339,0,0,0,False
7340,0,0,3,True
7341,0,0,0,False
7342,0,0,3,True
7343,0,0,0,False
7344,0,0,0,False
7345,0,0,3,True
7346,0,0,3,True
7347,0,0,3,True
7348,0,0,0,False
7349,0,0,3,True
7350,0,0,0,False
7351,0,0,0,False
7352,0,3,3,False
7353,0,0,3,True
7354,0,0,0,False
7355,0,0,0,False
7356,0,0,0,False
7357,0,0,0,False
7358,0,0,3,True
7359,0,0,0,False
7360,0,0,0,False
7361,0,0,0,False
7362,0,0,0,False
7363,0,0,0,False
7364,0,0,0,False
7365,0,0,0,False
7366,0,0,3,True
7367,0,0,0,False
7368,0,0,3,True
7369,0,0,3,True
7370,0,0,0,False
7371,0,0,3,True
7372,0,0,0,False
7373,0,0,3,True
7374,0,0,2,True
7375,0,0,0,False
7376,0,0,0,False
7377,0,0,3,True
7378,0,0,3,True
7379,0,0,3,True
7380,0,0,0,False
7381,0,0,0,False
7382,0,0,0,False
7383,0,0,0,False
7384,0,0,3,True
7385,0,0,0,False
7386,0,0,3,True
7387,0,0,3,True
7388,0,0,0,False
7389,0,0,3,True
7390,0,0,0,False
7391,0,0,0,False
7392,0,0,0,False
7393,0,0,3,True
7394,0,0,0,False
7395,0,0,0,False
7396,0,0,0,False
7397,0,0,3,True
7398,0,0,3,True
7399,0,0,0,False
7400,0,0,3,True
7401,0,0,3,True
7402,0,0,3,True
7403,0,0,0,False
7404,0,0,3,True
7405,0,0,0,False
7406,0,0,3,True
7407,0,0,0,False
7408,0,0,3,True
7409,0,0,0,False
7410,0,0,0,False
7411,0,0,0,False
7412,0,0,0,False
7413,0,0,0,False
7414,0,0,0,False
7415,0,0,3,True
7416,0,0,3,True
7417,0,0,0,False
7418,0,0,0,False
7419,0,0,3,True
7420,0,0,3,True
7421,0,0,3,True
7422,0,0,3,True
7423,0,0,0,False
7424,0,0,3,True
7425,0,0,3,True
7426,0,0,0,False
7427,0,0,3,True
7428,0,0,3,True
7429,0,0,3,True
7430,0,0,0,False
7431,0,0,3,True
7432,0,0,3,True
7433,0,0,3,True
7434,0,0,0,False
7435,0,0,0,False
7436,0,0,3,True
7437,0,0,3,True
7438,0,0,3,True
7439,0,0,0,False
7440,0,0,3,True
7441,0,0,3,True
7442,0,0,0,False
7443,0,0,0,False
7444,0,0,0,False
7445,0,0,0,False
7446,0,0,3,True
7447,0,0,0,False
7448,0,0,0,False
7449,0,0,0,False
7450,0,0,0,False
7451,0,0,3,True
7452,0,0,0,False
7453,0,0,3,True
7454,0,0,3,True
7455,0,0,0,False
7456,0,0,0,False
7457,0,0,0,False
7458,0,0,3,True
7459,0,0,0,False
7460,0,0,0,False
7461,0,0,0,False
7462,0,0,0,False
7463,0,0,3,True
7464,0,0,0,False
7465,0,0,3,True
7466,0,0,3,True
7467,0,0,0,False
7468,0,0,3,True
7469,0,0,3,True
7470,0,0,0,False
7471,0,0,3,True
7472,0,0,3,True
7473,0,0,0,False
7474,0,0,3,True
7475,0,0,0,False
7476,0,0,0,False
7477,0,0,0,False
7478,0,0,3,True
7479,0,0,3,True
7480,0,0,0,False
7481,0,0,3,True
7482,0,0,0,False
7483,0,0,3,True
7484,0,0,0,False
7485,0,0,3,True
7486,0,0,0,False
7487,0,0,0,False
7488,0,0,3,True
7489,0,0,3,True
7490,0,0,0,False
7491,0,0,3,True
7492,0,0,3,True
7493,0,0,0,False
7494,0,0,3,True
7495,0,0,3,True
7496,0,0,0,False
7497,0,0,3,True
7498,0,0,3,True
7499,0,0,0,False
7500,0,0,3,True
7501,0,0,0,False
7502,0,0,3,True
7503,0,0,3,True
7504,0,0,3,True
7505,0,0,3,True
7506,0,0,0,False
7507,0,0,3,True
7508,0,0,0,False
7509,0,0,3,True
7510,0,0,0,False
7511,0,0,0,False
7512,0,0,1,True
7513,0,0,3,True
7514,0,0,2,True
7515,0,0,0,False
7516,0,0,0,False
7517,0,0,0,False
7518,0,0,0,False
7519,0,0,0,False
7520,0,0,0,False
7521,0,0,0,False
7522,0,0,0,False
7523,0,0,0,False
7524,0,0,3,True
7525,0,0,0,False
7526,0,0,0,False
7527,0,0,0,False
7528,0,0,0,False
7529,0,0,3,True
7530,0,0,0,False
7531,0,0,0,False
7532,0,0,0,False
7533,0,0,3,True
7534,0,0,0,False
7535,0,0,3,True
7536,0,0,3,True
7537,0,0,0,False
7538,0,0,0,False
7539,0,0,0,False
7540,0,0,3,True
7541,0,0,3,True
7542,0,0,0,False
7543,0,0,0,False
7544,0,0,0,False
7545,0,0,0,False
7546,0,0,0,False
7547,0,0,0,False
7548,0,0,0,False
7549,0,0,0,False
7550,0,0,3,True
7551,0,0,0,False
7552,0,0,0,False
7553,0,0,0,False
7554,0,0,0,False
7555,0,0,0,False
7556,0,0,0,False
7557,0,0,3,True
7558,0,0,3,True
7559,0,0,3,True
7560,0,0,3,True
7561,0,0,0,False
7562,0,0,3,True
7563,0,0,0,False
7564,0,0,0,False
7565,0,0,0,False
7566,0,0,3,True
7567,0,0,3,True
7568,0,0,0,False
7569,0,0,3,True
7570,0,0,3,True
7571,0,0,3,True
7572,0,0,3,True
7573,0,0,0,False
7574,0,0,0,False
7575,0,0,3,True
7576,0,0,3,True
7577,0,0,0,False
7578,0,0,0,False
7579,0,0,2,True
7580,0,0,3,True
7581,0,0,3,True
7582,0,0,3,True
7583,0,0,0,False
7584,0,0,0,False
7585,0,0,0,False
7586,0,0,0,False
7587,0,0,0,False
7588,0,0,3,True
7589,0,0,0,False
7590,0,0,3,True
7591,0,0,3,True
7592,0,0,0,False
7593,0,0,3,True
7594,0,0,3,True
7595,0,0,0,False
7596,0,0,3,True
7597,0,0,0,False
7598,0,0,0,False
7599,0,0,3,True
7600,0,0,3,True
7601,0,0,0,False
7602,0,0,3,True
7603,0,0,0,False
7604,0,0,3,True
7605,0,0,3,True
7606,0,0,0,False
7607,0,0,0,False
7608,0,0,0,False
7609,0,0,0,False
7610,0,0,3,True
7611,0,0,0,False
7612,0,0,0,False
7613,0,0,3,True
7614,0,0,3,True
7615,0,0,3,True
7616,0,0,0,False
7617,0,0,0,False
7618,0,0,3,True
7619,0,0,0,False
7620,0,0,3,True
7621,0,0,3,True
7622,0,0,3,True
7623,0,0,0,False
7624,0,0,3,True
7625,0,0,3,True
7626,0,0,0,False
7627,0,0,0,False
7628,0,0,3,True
7629,0,0,0,False
7630,0,0,3,True
7631,0,0,3,True
7632,0,0,0,False
7633,0,0,3,True
7634,0,0,3,True
7635,0,0,0,False
7636,0,0,0,False
7637,0,0,3,True
7638,0,0,3,True
7639,0,0,3,True
7640,0,0,0,False
7641,0,0,0,False
7642,0,0,0,False
7643,0,0,3,True
7644,0,0,0,False
7645,0,0,3,True
7646,0,0,0,False
7647,0,0,2,True
7648,0,0,3,True
7649,0,0,3,True
7650,0,0,3,True
7651,0,0,3,True
7652,0,0,0,False
7653,0,0,0,False
7654,0,0,3,True
7655,0,0,0,False
7656,0,0,0,False
7657,0,0,3,True
7658,0,0,3,True
7659,0,0,3,True
7660,0,0,0,False
7661,0,0,3,True
7662,0,0,2,True
7663,0,0,3,True
7664,0,0,0,False
7665,0,0,3,True
7666,0,0,3,True
7667,0,0,0,False
7668,0,0,3,True
7669,0,0,3,True
7670,0,0,0,False
7671,0,0,3,True
7672,0,0,3,True
7673,0,0,3,True
7674,0,0,3,True
7675,0,0,0,False
7676,0,0,0,False
7677,0,0,0,False
7678,0,0,0,False
7679,0,0,0,False
7680,0,0,0,False
7681,0,0,3,True
7682,0,0,3,True
7683,0,0,0,False
7684,0,0,3,True
7685,0,0,3,True
7686,0,0,0,False
7687,0,0,0,False
7688,0,0,3,True
7689,0,0,3,True
7690,0,0,3,True
7691,0,0,3,True
7692,0,0,3,True
7693,0,0,0,False
7694,0,0,0,False
7695,0,0,0,False
7696,0,0,0,False
7697,0,0,3,True
7698,0,0,3,True
7699,0,0,0,False
7700,0,0,3,True
7701,0,0,3,True
7702,0,0,0,False
7703,0,0,3,True
7704,0,0,0,False
7705,0,0,3,True
7706,0,0,0,False
7707,0,0,0,False
7708,0,0,0,False
7709,0,0,0,False
7710,0,0,0,False
7711,0,0,3,True
7712,0,0,0,False
7713,0,0,0,False
7714,0,0,3,True
7715,0,0,0,False
7716,0,0,3,True
7717,0,0,0,False
7718,0,0,3,True
7719,0,0,0,False
7720,0,0,3,True
7721,0,0,3,True
7722,0,0,0,False
7723,0,0,0,False
7724,0,0,0,False
7725,0,0,0,False
7726,0,0,3,True
7727,0,0,0,False
7728,0,0,0,False
7729,0,0,3,True
7730,0,0,3,True
7731,0,0,3,True
7732,0,0,3,True
7733,0,0,0,False
7734,0,0,0,False
7735,0,0,1,True
7736,0,0,3,True
7737,0,0,3,True
7738,0,0,0,False
7739,0,0,0,False
7740,0,0,0,False
7741,0,0,3,True
7742,0,0,0,False
7743,0,0,0,False
7744,0,0,0,False
7745,0,0,0,False
7746,0,0,0,False
7747,0,0,3,True
7748,0,0,0,False
7749,0,0,3,True
7750,0,0,0,False
7751,0,0,0,False
7752,0,0,0,False
7753,0,0,0,False
7754,0,0,0,False
7755,0,0,0,False
7756,0,0,0,False
7757,0,0,0,False
7758,0,0,3,True
7759,0,0,2,True
7760,0,0,0,False
7761,0,0,0,False
7762,0,0,3,True
7763,0,0,0,False
7764,0,0,0,False
7765,0,0,3,True
7766,0,0,0,False
7767,0,0,0,False
7768,0,0,1,True
7769,0,0,3,True
7770,0,0,3,True
7771,0,0,0,False
7772,0,0,0,False
7773,0,0,0,False
7774,0,0,0,False
7775,0,0,3,True
7776,0,0,3,True
7777,0,0,3,True
7778,0,0,3,True
7779,0,0,0,False
7780,0,0,0,False
7781,0,0,3,True
7782,0,0,3,True
7783,0,0,0,False
7784,0,0,0,False
7785,0,0,3,True
7786,0,0,0,False
7787,0,0,3,True
7788,0,0,3,True
7789,0,0,0,False
7790,0,0,3,True
7791,0,0,0,False
7792,0,0,3,True
7793,0,0,0,False
7794,0,0,0,False
7795,0,0,0,False
7796,0,0,3,True
7797,0,0,3,True
7798,0,0,3,True
7799,0,0,0,False
7800,0,0,3,True
7801,0,0,3,True
7802,0,0,3,True
7803,0,0,3,True
7804,0,0,0,False
7805,0,0,0,False
7806,0,0,0,False
7807,0,0,0,False
7808,0,0,0,False
7809,0,0,3,True
7810,0,0,3,True
7811,0,0,0,False
7812,0,0,0,False
7813,0,0,3,True
7814,0,0,0,False
7815,0,0,0,False
7816,0,0,3,True
7817,0,0,0,False
7818,0,0,0,False
7819,0,0,0,False
7820,0,0,3,True
7821,0,0,2,True
7822,0,0,3,True
7823,0,0,0,False
7824,0,0,3,True
7825,0,0,0,False
7826,0,0,0,False
7827,0,0,0,False
7828,0,0,0,False
7829,0,0,3,True
7830,0,0,0,False
7831,0,0,0,False
7832,0,0,0,False
7833,0,1,3,False
7834,0,0,0,False
7835,0,0,3,True
7836,0,0,3,True
7837,0,0,3,True
7838,0,0,0,False
7839,0,0,1,True
7840,0,0,3,True
7841,0,0,0,False
7842,0,0,3,True
7843,0,0,0,False
7844,0,0,0,False
7845,0,0,0,False
7846,0,0,0,False
7847,0,0,0,False
7848,0,0,2,True
7849,0,0,0,False
7850,0,0,3,True
7851,0,0,0,False
7852,0,0,3,True
7853,0,0,3,True
7854,0,0,3,True
7855,0,0,3,True
7856,0,0,0,False
7857,0,0,3,True
7858,0,0,0,False
7859,0,0,0,False
7860,0,0,0,False
7861,0,0,3,True
7862,0,0,3,True
7863,0,0,3,True
7864,0,0,0,False
7865,0,0,0,False
7866,0,0,3,True
7867,0,0,3,True
7868,0,0,3,True
7869,0,0,3,True
7870,0,0,3,True
7871,0,0,0,False
7872,0,0,0,False
7873,0,0,0,False
7874,0,0,0,False
7875,0,0,0,False
7876,0,0,2,True
7877,0,0,3,True
7878,0,0,0,False
7879,0,0,3,True
7880,0,0,0,False
7881,0,0,3,True
7882,0,0,2,True
7883,0,0,0,False
7884,0,0,0,False
7885,0,0,0,False
7886,0,0,0,False
7887,0,0,0,False
7888,0,0,3,True
7889,0,0,0,False
7890,0,0,0,False
7891,0,0,0,False
7892,0,0,0,False
7893,0,0,0,False
7894,0,0,3,True
7895,0,0,3,True
7896,0,0,0,False
7897,0,0,0,False
7898,0,0,3,True
7899,0,0,0,False
7900,0,0,0,False
7901,0,0,0,False
7902,0,0,0,False
7903,0,0,0,False
7904,0,0,0,False
7905,0,0,3,True
7906,0,0,3,True
7907,0,0,0,False
7908,0,0,0,False
7909,0,0,0,False
7910,0,0,3,True
7911,0,0,3,True
7912,0,0,2,True
7913,0,0,0,False
7914,0,0,0,False
7915,0,0,0,False
7916,0,0,0,False
7917,0,0,0,False
7918,0,0,0,False
7919,0,0,0,False
7920,0,0,0,False
7921,0,0,2,True
7922,0,0,0,False
7923,0,0,0,False
7924,0,0,0,False
7925,0,0,0,False
7926,0,0,0,False
7927,0,0,0,False
7928,0,0,3,True
7929,0,0,0,False
7930,0,0,3,True
7931,0,0,0,False
7932,0,0,0,False
7933,0,0,3,True
7934,0,0,0,False
7935,0,0,0,False
7936,0,0,3,True
7937,0,0,0,False
7938,0,0,0,False
7939,0,0,0,False
7940,0,0,0,False
7941,0,0,0,False
7942,0,0,3,True
7943,0,0,3,True
7944,0,0,2,True
7945,0,0,3,True
7946,0,0,0,False
7947,0,0,0,False
7948,0,0,3,True
7949,0,0,0,False
7950,0,0,3,True
7951,0,0,3,True
7952,0,0,0,False
7953,0,0,0,False
7954,0,0,3,True
7955,0,0,0,False
7956,0,0,0,False
7957,0,0,3,True
7958,0,0,0,False
7959,0,0,3,True
7960,0,0,0,False
7961,0,0,0,False
7962,0,0,0,False
7963,0,0,3,True
7964,0,0,0,False
7965,0,0,0,False
7966,0,0,0,False
7967,0,0,3,True
7968,0,0,0,False
7969,0,0,3,True
7970,0,0,0,False
7971,0,0,0,False
7972,0,0,0,False
7973,0,0,3,True
7974,0,0,3,True
7975,0,0,0,False
7976,0,0,0,False
7977,0,0,3,True
7978,0,0,0,False
7979,0,0,3,True
7980,0,0,3,True
7981,0,0,0,False
7982,0,0,0,False
7983,0,0,0,False
7984,0,0,0,False
7985,0,0,3,True
7986,0,0,0,False
7987,0,0,0,False
7988,0,0,3,True
7989,0,0,3,True
7990,0,0,0,False
7991,0,0,3,True
7992,0,0,0,False
7993,0,0,0,False
7994,0,0,3,True
7995,0,0,0,False
7996,0,0,3,True
7997,0,0,3,True
7998,0,0,0,False
7999,0,0,0,False
8000,0,0,0,False
8001,0,0,3,True
8002,0,0,0,False
8003,0,0,3,True
8004,0,0,0,False
8005,0,0,0,False
8006,0,0,0,False
8007,0,0,1,True
8008,0,0,0,False
8009,0,0,0,False
8010,0,0,3,True
8011,0,0,0,False
8012,0,0,3,True
8013,0,0,3,True
8014,0,0,3,True
8015,0,0,3,True
8016,0,0,0,False
8017,0,0,3,True
8018,0,0,0,False
8019,0,0,0,False
8020,0,0,0,False
8021,0,0,0,False
8022,0,0,0,False
8023,0,0,2,True
8024,0,0,0,False
8025,0,0,0,False
8026,0,0,0,False
8027,0,0,3,True
8028,0,0,2,True
8029,0,0,0,False
8030,0,0,3,True
8031,0,0,0,False
8032,0,0,0,False
8033,0,0,3,True
8034,0,0,0,False
8035,0,0,3,True
8036,0,0,0,False
8037,0,0,0,False
8038,0,0,0,False
8039,0,0,3,True
8040,0,0,0,False
8041,0,0,0,False
8042,0,0,0,False
8043,0,0,0,False
8044,0,0,0,False
8045,0,0,3,True
8046,0,0,3,True
8047,0,0,3,True
8048,0,0,3,True
8049,0,0,3,True
8050,0,0,0,False
8051,0,0,0,False
8052,0,0,3,True
8053,0,0,3,True
8054,0,0,3,True
8055,0,0,0,False
8056,0,0,0,False
8057,0,0,0,False
8058,0,0,0,False
8059,0,0,0,False
8060,0,0,3,True
8061,0,0,0,False
8062,0,0,0,False
8063,0,0,0,False
8064,0,0,3,True
8065,0,0,3,True
8066,0,0,3,True
8067,0,0,0,False
8068,0,0,3,True
8069,0,0,0,False
8070,0,0,0,False
8071,0,0,0,False
8072,0,0,0,False
8073,0,0,0,False
8074,0,0,3,True
8075,0,0,0,False
8076,0,0,0,False
8077,0,0,3,True
8078,0,0,0,False
8079,0,0,0,False
8080,0,0,3,True
8081,0,0,3,True
8082,0,0,0,False
8083,0,0,3,True
8084,0,0,0,False
8085,0,0,0,False
8086,0,0,0,False
8087,0,0,3,True
8088,0,0,3,True
8089,0,0,0,False
8090,0,0,0,False
8091,0,0,0,False
8092,0,0,3,True
8093,0,0,0,False
8094,0,0,3,True
8095,0,0,0,False
8096,0,0,0,False
8097,0,0,0,False
8098,0,0,0,False
8099,0,0,3,True
8100,0,0,0,False
8101,0,0,0,False
8102,0,0,0,False
8103,0,0,0,False
8104,0,0,0,False
8105,0,0,0,False
8106,0,0,0,False
8107,0,0,0,False
8108,0,0,3,True
8109,0,0,3,True
8110,0,0,0,False
8111,0,0,0,False
8112,0,0,0,False
8113,0,0,0,False
8114,0,0,0,False
8115,0,0,0,False
8116,0,0,0,False
8117,0,0,0,False
8118,0,0,0,False
8119,0,0,3,True
8120,0,0,3,True
8121,0,0,3,True
8122,0,0,3,True
8123,0,0,3,True
8124,0,0,0,False
8125,0,0,0,False
8126,0,0,0,False
8127,0,0,0,False
8128,0,0,3,True
8129,0,0,3,True
8130,0,0,0,False
8131,0,0,0,False
8132,0,0,3,True
8133,0,0,0,False
8134,0,0,3,True
8135,0,0,3,True
8136,0,0,0,False
8137,0,0,3,True
8138,0,0,3,True
8139,0,0,0,False
8140,0,0,0,False
8141,0,0,0,False
8142,0,0,0,False
8143,0,0,0,False
8144,0,0,0,False
8145,0,0,3,True
8146,0,0,0,False
8147,0,0,0,False
8148,0,0,0,False
8149,0,0,3,True
8150,0,0,3,True
8151,0,0,0,False
8152,0,0,0,False
8153,0,0,2,True
8154,0,0,3,True
8155,0,0,0,False
8156,0,0,0,False
8157,0,0,0,False
8158,0,0,0,False
8159,0,0,0,False
8160,0,0,0,False
8161,0,0,0,False
8162,0,0,0,False
8163,0,0,0,False
8164,0,0,3,True
8165,0,0,0,False
8166,0,0,0,False
8167,0,0,0,False
8168,0,0,1,True
8169,0,0,0,False
8170,0,0,0,False
8171,0,0,0,False
8172,0,0,0,False
8173,0,0,3,True
8174,0,0,3,True
8175,0,0,0,False
8176,0,0,0,False
8177,0,0,3,True
8178,0,0,3,True
8179,0,0,0,False
8180,0,0,3,True
8181,0,0,0,False
8182,0,0,0,False
8183,0,0,0,False
8184,0,0,0,False
8185,0,0,0,False
8186,0,0,2,True
8187,0,0,3,True
8188,0,0,0,False
8189,0,0,3,True
8190,0,0,0,False
8191,0,0,3,True
8192,0,0,0,False
8193,0,0,1,True
8194,0,0,3,True
8195,0,0,0,False
8196,0,0,0,False
8197,0,0,3,True
8198,0,0,3,True
8199,0,0,0,False
8200,0,0,3,True
8201,0,0,0,False
8202,0,0,0,False
8203,0,0,3,True
8204,0,0,0,False
8205,0,0,0,False
8206,0,0,3,True
8207,0,0,0,False
8208,0,0,3,True
8209,0,0,3,True
8210,0,0,3,True
8211,0,0,3,True
8212,0,0,0,False
8213,0,0,0,False
8214,0,0,0,False
8215,0,0,3,True
8216,0,0,0,False
8217,0,0,0,False
8218,0,0,0,False
8219,0,0,0,False
8220,0,0,3,True
8221,0,0,0,False
8222,0,0,0,False
8223,0,0,0,False
8224,0,0,3,True
8225,0,0,3,True
8226,0,0,0,False
8227,0,0,0,False
8228,0,0,0,False
8229,0,0,0,False
8230,0,0,0,False
8231,0,0,3,True
8232,0,0,0,False
8233,0,0,3,True
8234,0,0,0,False
8235,0,0,3,True
8236,0,0,0,False
8237,0,0,3,True
8238,0,0,0,False
8239,0,0,0,False
8240,0,0,0,False
8241,0,0,0,False
8242,0,0,3,True
8243,0,0,0,False
8244,0,0,0,False
8245,0,0,0,False
8246,0,0,3,True
8247,0,0,2,True
8248,0,0,3,True
8249,0,0,0,False
8250,0,0,0,False
8251,0,0,2,True
8252,0,0,0,False
8253,0,0,0,False
8254,0,0,3,True
8255,0,0,3,True
8256,0,0,0,False
8257,0,0,0,False
8258,0,0,0,False
8259,0,0,0,False
8260,0,0,0,False
8261,0,0,0,False
8262,0,0,3,True
8263,0,0,3,True
8264,0,0,3,True
8265,0,0,3,True
8266,0,0,3,True
8267,0,0,0,False
8268,0,0,3,True
8269,0,0,0,False
8270,0,0,0,False
8271,0,0,3,True
8272,0,0,0,False
8273,0,0,3,True
8274,0,0,3,True
8275,0,0,0,False
8276,0,0,0,False
8277,0,0,0,False
8278,0,0,3,True
8279,0,0,3,True
8280,0,0,3,True
8281,0,0,0,False
8282,0,0,0,False
8283,0,0,0,False
8284,0,0,0,False
8285,0,0,3,True
8286,0,0,0,False
8287,0,0,0,False
8288,0,0,3,True
8289,0,0,0,False
8290,0,0,0,False
8291,0,0,0,False
8292,0,0,0,False
8293,0,0,3,True
8294,0,0,0,False
8295,0,0,0,False
8296,0,0,3,True
8297,0,0,0,False
8298,0,0,0,False
8299,0,0,3,True
8300,0,0,0,False
8301,0,0,0,False
8302,0,0,0,False
8303,0,0,0,False
8304,0,0,0,False
8305,0,0,0,False
8306,0,0,0,False
8307,0,0,3,True
8308,0,0,3,True
8309,0,0,2,True
8310,0,0,0,False
8311,0,0,3,True
8312,0,0,3,True
8313,0,0,3,True
8314,0,0,3,True
8315,0,0,3,True
8316,0,0,3,True
8317,0,0,0,False
8318,0,0,0,False
8319,0,0,3,True
8320,0,0,3,True
8321,0,0,3,True
8322,0,0,3,True
8323,0,0,3,True
8324,0,0,3,True
8325,0,0,0,False
8326,0,0,0,False
8327,0,0,0,False
8328,0,0,0,False
8329,0,0,3,True
8330,0,0,0,False
8331,0,0,0,False
8332,0,0,0,False
8333,0,0,0,False
8334,0,0,3,True
8335,0,0,3,True
8336,0,0,0,False
8337,0,0,0,False
8338,0,0,0,False
8339,0,0,0,False
8340,0,0,0,False
8341,0,0,3,True
8342,0,0,3,True
8343,0,0,0,False
8344,0,0,0,False
8345,0,0,0,False
8346,0,0,0,False
8347,0,0,0,False
8348,0,0,0,False
8349,0,0,0,False
8350,0,0,0,False
8351,0,0,0,False
8352,0,0,3,True
8353,0,0,0,False
8354,0,0,0,False
8355,0,0,3,True
8356,0,0,3,True
8357,0,0,3,True
8358,0,0,0,False
8359,0,0,0,False
8360,0,0,3,True
8361,0,0,3,True
8362,0,0,3,True
8363,0,0,3,True
8364,0,0,0,False
8365,0,0,3,True
8366,0,0,0,False
8367,0,0,0,False
8368,0,0,0,False
8369,0,0,0,False
8370,0,0,0,False
8371,0,0,0,False
8372,0,0,3,True
8373,0,0,3,True
8374,0,0,0,False
8375,0,0,3,True
8376,0,0,0,False
8377,0,0,0,False
8378,0,0,0,False
8379,0,0,0,False
8380,0,0,1,True
8381,0,0,3,True
8382,0,0,3,True
8383,0,0,3,True
8384,0,0,3,True
8385,0,0,0,False
8386,0,0,0,False
8387,0,0,0,False
8388,0,0,0,False
8389,0,0,0,False
8390,0,0,3,True
8391,0,0,0,False
8392,0,0,0,False
8393,0,0,3,True
8394,0,0,3,True
8395,0,0,2,True
8396,0,0,3,True
8397,0,0,3,True
8398,0,0,3,True
8399,0,0,0,False
8400,0,0,3,True
8401,0,0,0,False
8402,0,0,0,False
8403,0,0,2,True
8404,0,0,3,True
8405,0,0,3,True
8406,0,0,3,True
8407,0,0,0,False
8408,0,0,3,True
8409,0,0,0,False
8410,0,0,3,True
8411,0,0,3,True
8412,0,0,0,False
8413,0,0,0,False
8414,0,0,0,False
8415,0,0,0,False
8416,0,0,0,False
8417,0,0,3,True
8418,0,0,3,True
8419,0,0,0,False
8420,0,0,0,False
8421,0,0,0,False
8422,0,0,0,False
8423,0,0,0,False
8424,0,0,3,True
8425,0,0,0,False
8426,0,0,0,False
8427,0,0,3,True
8428,0,0,0,False
8429,0,0,0,False
8430,0,0,3,True
8431,0,0,3,True
8432,0,0,0,False
8433,0,0,3,True
8434,0,0,3,True
8435,0,0,0,False
8436,0,0,0,False
8437,0,0,0,False
8438,0,0,0,False
8439,0,0,0,False
8440,0,0,0,False
8441,0,0,0,False
8442,0,0,0,False
8443,0,0,2,True
8444,0,0,0,False
8445,0,0,0,False
8446,0,0,0,False
8447,0,0,3,True
8448,0,0,0,False
8449,0,0,2,True
8450,0,0,0,False
8451,0,0,0,False
8452,0,0,0,False
8453,0,0,0,False
8454,0,0,3,True
8455,0,0,0,False
8456,0,0,0,False
8457,0,0,3,True
8458,0,0,3,True
8459,0,0,3,True
8460,0,0,3,True
8461,0,0,3,True
8462,0,0,3,True
8463,0,0,3,True
8464,0,0,0,False
8465,0,0,3,True
8466,0,0,3,True
8467,0,0,1,True
8468,0,0,0,False
8469,0,0,3,True
8470,0,0,3,True
8471,0,0,3,True
8472,0,0,0,False
8473,0,0,0,False
8474,0,0,3,True
8475,0,0,0,False
8476,0,0,3,True
8477,0,0,0,False
8478,0,0,2,True
8479,0,0,3,True
8480,0,0,3,True
8481,0,0,3,True
8482,0,0,3,True
8483,0,0,3,True
8484,0,0,0,False
8485,0,0,3,True
8486,0,0,0,False
8487,0,0,3,True
8488,0,0,0,False
8489,0,0,0,False
8490,0,0,3,True
8491,0,0,3,True
8492,0,0,3,True
8493,0,0,3,True
8494,0,0,0,False
8495,0,0,3,True
8496,0,0,3,True
8497,0,0,3,True
8498,0,0,3,True
8499,0,0,3,True
8500,0,0,3,True
8501,0,0,0,False
8502,0,0,0,False
8503,0,0,0,False
8504,0,0,0,False
8505,0,0,3,True
8506,0,0,0,False
8507,0,0,0,False
8508,0,0,0,False
8509,0,0,0,False
8510,0,0,0,False
8511,0,0,3,True
8512,0,0,3,True
8513,0,0,0,False
8514,0,1,3,False
8515,0,0,0,False
8516,0,0,0,False
8517,0,0,3,True
8518,0,0,0,False
8519,0,0,3,True
8520,0,0,0,False
8521,0,0,0,False
8522,0,0,0,False
8523,0,0,0,False
8524,0,0,3,True
8525,0,0,3,True
8526,0,0,0,False
8527,0,0,3,True
8528,0,0,0,False
8529,0,0,0,False
8530,0,0,0,False
8531,0,0,0,False
8532,0,0,0,False
8533,0,0,3,True
8534,0,0,0,False
8535,0,0,0,False
8536,0,0,3,True
8537,0,0,3,True
8538,0,0,3,True
8539,0,0,0,False
8540,0,0,3,True
8541,0,0,0,False
8542,0,0,3,True
8543,0,0,0,False
8544,0,0,0,False
8545,0,0,3,True
8546,0,0,0,False
8547,0,0,0,False
8548,0,0,3,True
8549,0,0,0,False
8550,0,0,0,False
8551,0,0,3,True
8552,0,0,3,True
8553,0,0,3,True
8554,0,0,3,True
8555,0,0,0,False
8556,0,0,3,True
8557,0,0,0,False
8558,0,0,3,True
8559,0,0,3,True
8560,0,0,0,False
8561,0,0,0,False
8562,0,0,3,True
8563,0,0,3,True
8564,0,0,3,True
8565,0,0,0,False
8566,0,0,0,False
8567,0,0,3,True
8568,0,0,3,True
8569,0,0,0,False
8570,0,0,0,False
8571,0,0,3,True
8572,0,0,0,False
8573,0,0,0,False
8574,0,0,3,True
8575,0,0,0,False
8576,0,0,3,True
8577,0,0,0,False
8578,0,0,3,True
8579,0,0,0,False
8580,0,0,0,False
8581,0,0,0,False
8582,0,0,3,True
8583,0,0,3,True
8584,0,0,0,False
8585,0,0,0,False
8586,0,0,0,False
8587,0,0,0,False
8588,0,0,3,True
8589,0,0,3,True
8590,0,0,0,False
8591,0,0,3,True
8592,0,0,3,True
8593,0,0,3,True
8594,0,0,0,False
8595,0,0,0,False
8596,0,0,0,False
8597,0,0,0,False
8598,0,0,0,False
8599,0,0,0,False
8600,0,0,0,False
8601,0,0,3,True
8602,0,0,0,False
8603,0,0,0,False
8604,0,0,3,True
8605,0,0,0,False
8606,0,0,0,False
8607,0,0,3,True
8608,0,0,0,False
8609,0,0,2,True
8610,0,0,3,True
8611,0,0,0,False
8612,0,0,0,False
8613,0,0,3,True
8614,0,0,0,False
8615,0,0,0,False
8616,0,0,0,False
8617,0,0,3,True
8618,0,0,0,False
8619,0,0,3,True
8620,0,0,0,False
8621,0,0,0,False
8622,0,0,3,True
8623,0,0,0,False
8624,0,0,0,False
8625,0,0,3,True
8626,0,0,0,False
8627,0,0,0,False
8628,0,0,0,False
8629,0,0,3,True
8630,0,0,0,False
8631,0,0,1,True
8632,0,0,0,False
8633,0,0,0,False
8634,0,0,3,True
8635,0,0,0,False
8636,0,0,3,True
8637,0,0,0,False
8638,0,0,0,False
8639,0,0,3,True
8640,0,0,0,False
8641,0,0,0,False
8642,0,0,0,False
8643,0,0,0,False
8644,0,0,2,True
8645,0,0,0,False
8646,0,0,3,True
8647,0,0,0,False
8648,0,0,0,False
8649,0,0,0,False
8650,0,0,0,False
8651,0,0,3,True
8652,0,0,0,False
8653,0,0,0,False
8654,0,0,0,False
8655,0,0,3,True
8656,0,0,0,False
8657,0,0,0,False
8658,0,0,0,False
8659,0,0,3,True
8660,0,0,0,False
8661,0,0,0,False
8662,0,0,0,False
8663,0,0,3,True
8664,0,0,3,True
8665,0,0,3,True
8666,0,0,0,False
8667,0,0,3,True
8668,0,0,0,False
8669,0,0,0,False
8670,0,0,0,False
8671,0,0,0,False
8672,0,0,3,True
8673,0,0,3,True
8674,0,0,0,False
8675,0,0,0,False
8676,0,0,0,False
8677,0,0,3,True
8678,0,0,0,False
8679,0,0,0,False
8680,0,0,0,False
8681,0,0,0,False
8682,0,0,3,True
8683,0,0,3,True
8684,0,0,3,True
8685,0,0,3,True
8686,0,0,0,False
8687,0,0,0,False
8688,0,0,0,False
8689,0,0,3,True
8690,0,1,3,False
8691,0,0,0,False
8692,0,0,3,True
8693,0,0,0,False
8694,0,0,3,True
8695,0,0,0,False
8696,0,0,3,True
8697,0,0,0,False
8698,0,0,0,False
8699,0,0,0,False
8700,0,0,0,False
8701,0,0,2,True
8702,0,0,0,False
8703,0,0,0,False
8704,0,0,3,True
8705,0,0,0,False
8706,0,0,0,False
8707,0,0,3,True
8708,0,0,0,False
8709,0,0,3,True
8710,0,0,0,False
8711,0,0,3,True
8712,0,0,0,False
8713,0,0,0,False
8714,0,0,3,True
8715,0,0,3,True
8716,0,0,0,False
8717,0,0,3,True
8718,0,0,0,False
8719,0,0,3,True
8720,0,0,3,True
8721,0,0,3,True
8722,0,0,3,True
8723,0,0,0,False
8724,0,0,0,False
8725,0,0,3,True
8726,0,0,0,False
8727,0,0,3,True
8728,0,0,0,False
8729,0,0,0,False
8730,0,0,0,False
8731,0,0,2,True
8732,0,0,3,True
8733,0,0,0,False
8734,0,0,3,True
8735,0,0,0,False
8736,0,0,0,False
8737,0,0,0,False
8738,0,0,0,False
8739,0,0,0,False
8740,0,0,0,False
8741,0,0,0,False
8742,0,0,3,True
8743,0,0,3,True
8744,0,0,3,True
8745,0,0,3,True
8746,0,0,3,True
8747,0,0,2,True
8748,0,0,3,True
8749,0,0,3,True
8750,0,0,3,True
8751,0,0,3,True
8752,0,0,0,False
8753,0,0,0,False
8754,0,0,3,True
8755,0,0,3,True
8756,0,0,3,True
8757,0,0,0,False
8758,0,0,0,False
8759,0,0,3,True
8760,0,0,3,True
8761,0,0,2,True
8762,0,0,3,True
8763,0,0,0,False
8764,0,0,0,False
8765,0,0,0,False
8766,0,0,0,False
8767,0,0,3,True
8768,0,0,3,True
8769,0,0,0,False
8770,0,0,0,False
8771,0,0,0,False
8772,0,0,0,False
8773,0,0,0,False
8774,0,0,0,False
8775,0,0,3,True
8776,0,0,0,False
8777,0,0,3,True
8778,0,0,0,False
8779,0,0,0,False
8780,0,0,0,False
8781,0,0,0,False
8782,0,0,3,True
8783,0,0,0,False
8784,0,0,3,True
8785,0,0,3,True
8786,0,0,0,False
8787,0,0,2,True
8788,0,0,0,False
8789,0,0,0,False
8790,0,0,3,True
8791,0,0,0,False
8792,0,0,3,True
8793,0,0,3,True
8794,0,0,2,True
8795,0,0,3,True
8796,0,0,0,False
8797,0,0,0,False
8798,0,0,0,False
8799,0,0,0,False
8800,0,0,3,True
8801,0,0,3,True
8802,0,0,0,False
8803,0,0,0,False
8804,0,0,0,False
8805,0,0,0,False
8806,0,0,0,False
8807,0,0,3,True
8808,0,0,0,False
8809,0,0,0,False
8810,0,0,0,False
8811,0,0,0,False
8812,0,0,3,True
8813,0,0,3,True
8814,0,0,3,True
8815,0,0,3,True
8816,0,0,0,False
8817,0,0,0,False
8818,0,0,3,True
8819,0,0,3,True
8820,0,0,1,True
8821,0,0,0,False
8822,0,0,3,True
8823,0,0,0,False
8824,0,0,3,True
8825,0,0,3,True
8826,0,0,0,False
8827,0,0,0,False
8828,0,0,0,False
8829,0,0,3,True
8830,0,0,3,True
8831,0,0,3,True
8832,0,0,0,False
8833,0,0,0,False
8834,0,0,0,False
8835,0,3,3,False
8836,0,0,0,False
8837,0,0,0,False
8838,0,0,3,True
8839,0,0,0,False
8840,0,0,0,False
8841,0,0,3,True
8842,0,0,2,True
8843,0,0,3,True
8844,0,0,3,True
8845,0,0,2,True
8846,0,0,0,False
8847,0,0,0,False
8848,0,0,0,False
8849,0,0,3,True
8850,0,0,3,True
8851,0,0,3,True
8852,0,0,0,False
8853,0,0,3,True
8854,0,0,0,False
8855,0,0,2,True
8856,0,0,3,True
8857,0,0,3,True
8858,0,0,0,False
8859,0,0,0,False
8860,0,0,3,True
8861,0,0,0,False
8862,0,0,3,True
8863,0,0,0,False
8864,0,0,0,False
8865,0,0,0,False
8866,0,0,0,False
8867,0,0,3,True
8868,0,0,0,False
8869,0,0,3,True
8870,0,0,0,False
8871,0,0,3,True
8872,0,0,3,True
8873,0,0,0,False
8874,0,0,0,False
8875,0,0,0,False
8876,0,0,3,True
8877,0,0,3,True
8878,0,0,3,True
8879,0,0,0,False
8880,0,0,3,True
8881,0,0,3,True
8882,0,0,3,True
8883,0,0,3,True
8884,0,0,3,True
8885,0,0,0,False
8886,0,0,0,False
8887,0,0,3,True
8888,0,0,3,True
8889,0,0,3,True
8890,0,0,0,False
8891,0,0,0,False
8892,0,0,3,True
8893,0,0,3,True
8894,0,0,3,True
8895,0,0,3,True
8896,0,0,0,False
8897,0,0,0,False
8898,0,0,0,False
8899,0,0,3,True
8900,0,0,0,False
8901,0,0,3,True
8902,0,0,3,True
8903,0,0,0,False
8904,0,0,3,True
8905,0,3,3,False
8906,0,0,0,False
8907,0,0,0,False
8908,0,0,0,False
8909,0,0,3,True
8910,0,0,0,False
8911,0,0,0,False
8912,0,0,3,True
8913,0,0,3,True
8914,0,0,3,True
8915,0,0,3,True
8916,0,0,0,False
8917,0,0,0,False
8918,0,0,3,True
8919,0,0,0,False
8920,0,0,3,True
8921,0,0,0,False
8922,0,0,0,False
8923,0,0,3,True
8924,0,0,0,False
8925,0,0,0,False
8926,0,0,0,False
8927,0,0,3,True
8928,0,0,1,True
8929,0,0,0,False
8930,0,0,3,True
8931,0,0,0,False
8932,0,0,0,False
8933,0,0,3,True
8934,0,0,0,False
8935,0,0,0,False
8936,0,0,0,False
8937,0,0,0,False
8938,0,0,3,True
8939,0,0,0,False
8940,0,0,3,True
8941,0,0,0,False
8942,0,0,0,False
8943,0,0,0,False
8944,0,0,0,False
8945,0,0,0,False
8946,0,0,0,False
8947,0,0,3,True
8948,0,0,3,True
8949,0,0,0,False
8950,0,0,0,False
8951,0,0,3,True
8952,0,0,0,False
8953,0,0,3,True
8954,0,0,3,True
8955,0,0,3,True
8956,0,0,0,False
8957,0,0,0,False
8958,0,0,0,False
8959,0,0,0,False
8960,0,0,3,True
8961,0,0,0,False
8962,0,0,0,False
8963,0,0,0,False
8964,0,0,0,False
8965,0,0,3,True
8966,0,0,0,False
8967,0,0,0,False
8968,0,0,0,False
8969,0,0,0,False
8970,0,0,0,False
8971,0,0,0,False
8972,0,0,3,True
8973,0,0,0,False
8974,0,0,3,True
8975,0,0,3,True
8976,0,0,0,False
8977,0,0,2,True
8978,0,0,0,False
8979,0,0,0,False
8980,0,0,0,False
8981,0,0,0,False
8982,0,0,3,True
8983,0,0,3,True
8984,0,0,0,False
8985,0,0,0,False
8986,0,0,0,False
8987,0,0,0,False
8988,0,0,3,True
8989,0,0,3,True
8990,0,0,0,False
8991,0,0,3,True
8992,0,0,3,True
8993,0,0,0,False
8994,0,0,0,False
8995,0,0,0,False
8996,0,0,0,False
8997,0,0,3,True
8998,0,0,0,False
8999,0,0,0,False
9000,0,0,0,False
9001,0,0,0,False
9002,0,0,0,False
9003,0,0,0,False
9004,0,0,0,False
9005,0,0,0,False
9006,0,0,3,True
9007,0,0,0,False
9008,0,0,0,False
9009,0,0,0,False
9010,0,0,0,False
9011,0,0,3,True
9012,0,0,0,False
9013,0,0,3,True
9014,0,0,0,False
9015,0,0,3,True
9016,0,0,3,True
9017,0,0,3,True
9018,0,0,3,True
9019,0,0,0,False
9020,0,0,0,False
9021,0,0,0,False
9022,0,0,0,False
9023,0,0,0,False
9024,0,0,3,True
9025,0,0,0,False
9026,0,0,0,False
9027,0,0,3,True
9028,0,0,3,True
9029,0,0,0,False
9030,0,0,3,True
9031,0,0,0,False
9032,0,0,0,False
9033,0,0,0,False
9034,0,0,0,False
9035,0,0,3,True
9036,0,0,0,False
9037,0,0,0,False
9038,0,0,3,True
9039,0,0,3,True
9040,0,0,3,True
9041,0,0,0,False
9042,0,0,3,True
9043,0,0,0,False
9044,0,0,0,False
9045,0,0,0,False
9046,0,0,0,False
9047,0,0,0,False
9048,0,0,0,False
9049,0,0,3,True
9050,0,0,0,False
9051,0,0,3,True
9052,0,0,3,True
9053,0,0,0,False
9054,0,0,3,True
9055,0,0,0,False
9056,0,0,0,False
9057,0,0,3,True
9058,0,0,0,False
9059,0,0,2,True
9060,0,0,3,True
9061,0,0,3,True
9062,0,0,0,False
9063,0,0,0,False
9064,0,0,0,False
9065,0,0,3,True
9066,0,0,0,False
9067,0,0,0,False
9068,0,0,0,False
9069,0,0,3,True
9070,0,0,0,False
9071,0,0,0,False
9072,0,0,3,True
9073,0,0,3,True
9074,0,0,0,False
9075,0,0,0,False
9076,0,0,3,True
9077,0,0,0,False
9078,0,0,0,False
9079,0,0,3,True
9080,0,0,3,True
9081,0,0,0,False
9082,0,0,0,False
9083,0,0,3,True
9084,0,0,0,False
9085,0,0,3,True
9086,0,0,3,True
9087,0,0,0,False
9088,0,0,0,False
9089,0,0,0,False
9090,0,0,0,False
9091,0,0,0,False
9092,0,0,3,True
9093,0,0,0,False
9094,0,0,3,True
9095,0,0,0,False
9096,0,0,3,True
9097,0,0,3,True
9098,0,0,2,True
9099,0,0,3,True
9100,0,0,3,True
9101,0,0,0,False
9102,0,0,0,False
9103,0,0,0,False
9104,0,0,0,False
9105,0,0,0,False
9106,0,0,3,True
9107,0,0,3,True
9108,0,0,3,True
9109,0,0,0,False
9110,0,0,3,True
9111,0,0,0,False
9112,0,0,0,False
9113,0,0,0,False
9114,0,0,0,False
9115,0,0,0,False
9116,0,0,0,False
9117,0,0,0,False
9118,0,0,0,False
9119,0,0,3,True
9120,0,3,3,False
9121,0,0,0,False
9122,0,0,3,True
9123,0,0,3,True
9124,0,0,0,False
9125,0,0,0,False
9126,0,0,0,False
9127,0,0,0,False
9128,0,0,0,False
9129,0,0,0,False
9130,0,0,0,False
9131,0,0,3,True
9132,0,0,0,False
9133,0,0,3,True
9134,0,0,0,False
9135,0,0,3,True
9136,0,0,3,True
9137,0,0,0,False
9138,0,0,3,True
9139,0,0,0,False
9140,0,0,3,True
9141,0,0,0,False
9142,0,0,0,False
9143,0,0,0,False
9144,0,0,0,False
9145,0,0,0,False
9146,0,0,0,False
9147,0,0,3,True
9148,0,0,0,False
9149,0,0,3,True
9150,0,0,3,True
9151,0,0,3,True
9152,0,0,0,False
9153,0,0,3,True
9154,0,0,0,False
9155,0,0,3,True
9156,0,0,3,True
9157,0,0,0,False
9158,0,0,0,False
9159,0,0,0,False
9160,0,0,3,True
9161,0,0,0,False
9162,0,0,3,True
9163,0,0,0,False
9164,0,0,0,False
9165,0,0,0,False
9166,0,0,3,True
9167,0,0,0,False
9168,0,0,3,True
9169,0,0,3,True
9170,0,0,0,False
9171,0,0,0,False
9172,0,0,0,False
9173,0,0,0,False
9174,0,0,0,False
9175,0,0,0,False
9176,0,0,0,False
9177,0,0,3,True
9178,0,0,3,True
9179,0,0,0,False
9180,0,0,3,True
9181,0,0,0,False
9182,0,0,0,False
9183,0,0,2,True
9184,0,0,0,False
9185,0,0,3,True
9186,0,0,0,False
9187,0,0,3,True
9188,0,0,0,False
9189,0,0,3,True
9190,0,0,0,False
9191,0,0,0,False
9192,0,0,0,False
9193,0,0,0,False
9194,0,0,3,True
9195,0,0,0,False
9196,0,0,0,False
9197,0,0,0,False
9198,0,0,3,True
9199,0,0,0,False
9200,0,0,0,False
9201,0,0,0,False
9202,0,0,3,True
9203,0,0,0,False
9204,0,0,0,False
9205,0,0,0,False
9206,0,0,3,True
9207,0,0,0,False
9208,0,0,0,False
9209,0,0,0,False
9210,0,0,3,True
9211,0,0,0,False
9212,0,0,0,False
9213,0,0,3,True
9214,0,0,3,True
9215,0,0,3,True
9216,0,0,3,True
9217,0,0,2,True
9218,0,0,2,True
9219,0,0,3,True
9220,0,3,3,False
9221,0,0,0,False
9222,0,0,1,True
9223,0,0,3,True
9224,0,0,0,False
9225,0,0,0,False
9226,0,0,3,True
9227,0,0,0,False
9228,0,0,0,False
9229,0,0,3,True
9230,0,0,3,True
9231,0,0,3,True
9232,0,0,0,False
9233,0,0,0,False
9234,0,0,3,True
9235,0,0,0,False
9236,0,0,0,False
9237,0,0,0,False
9238,0,0,3,True
9239,0,0,0,False
9240,0,0,0,False
9241,0,0,0,False
9242,0,0,3,True
9243,0,0,3,True
9244,0,0,3,True
9245,0,0,0,False
9246,0,0,0,False
9247,0,0,0,False
9248,0,0,0,False
9249,0,0,3,True
9250,0,0,0,False
9251,0,0,0,False
9252,0,0,0,False
9253,0,0,0,False
9254,0,0,3,True
9255,0,0,0,False
9256,0,0,0,False
9257,0,0,0,False
9258,0,0,3,True
9259,0,0,0,False
9260,0,0,0,False
9261,0,0,0,False
9262,0,0,3,True
9263,0,0,3,True
9264,0,0,2,True
9265,0,0,0,False
9266,0,0,3,True
9267,0,0,3,True
9268,0,0,0,False
9269,0,0,3,True
9270,0,0,0,False
9271,0,0,3,True
9272,0,0,3,True
9273,0,0,0,False
9274,0,0,3,True
9275,0,0,3,True
9276,0,0,0,False
9277,0,0,0,False
9278,0,0,0,False
9279,0,0,3,True
9280,0,0,3,True
9281,0,0,3,True
9282,0,0,3,True
9283,0,0,3,True
9284,0,0,3,True
9285,0,0,0,False
9286,0,0,0,False
9287,0,0,3,True
9288,0,0,0,False
9289,0,0,0,False
9290,0,0,3,True
9291,0,0,0,False
9292,0,0,0,False
9293,0,0,0,False
9294,0,0,3,True
9295,0,0,0,False
9296,0,0,0,False
9297,0,0,3,True
9298,0,0,3,True
9299,0,0,0,False
9300,0,0,0,False
9301,0,0,3,True
9302,0,0,3,True
9303,0,0,0,False
9304,0,0,3,True
9305,0,0,0,False
9306,0,0,0,False
9307,0,0,0,False
9308,0,0,0,False
9309,0,0,0,False
9310,0,0,3,True
9311,0,0,0,False
9312,0,0,3,True
9313,0,0,0,False
9314,0,0,0,False
9315,0,0,0,False
9316,0,0,0,False
9317,0,0,0,False
9318,0,0,3,True
9319,0,0,3,True
9320,0,0,3,True
9321,0,0,3,True
9322,0,0,3,True
9323,0,0,3,True
9324,0,0,0,False
9325,0,0,3,True
9326,0,0,0,False
9327,0,0,0,False
9328,0,0,0,False
9329,0,0,0,False
9330,0,0,3,True
9331,0,0,3,True
9332,0,0,3,True
9333,0,0,3,True
9334,0,0,2,True
9335,0,0,3,True
9336,0,0,3,True
9337,0,0,3,True
9338,0,0,3,True
9339,0,0,0,False
9340,0,0,3,True
9341,0,0,0,False
9342,0,0,3,True
9343,0,0,3,True
9344,0,0,0,False
9345,0,0,3,True
9346,0,0,2,True
9347,0,0,0,False
9348,0,0,3,True
9349,0,0,0,False
9350,0,0,0,False
9351,0,0,3,True
9352,0,0,0,False
9353,0,0,0,False
9354,0,0,3,True
9355,0,0,0,False
9356,0,0,3,True
9357,0,0,0,False
9358,0,0,0,False
9359,0,0,0,False
9360,0,0,3,True
9361,0,0,0,False
9362,0,0,0,False
9363,0,0,0,False
9364,0,0,0,False
9365,0,0,3,True
9366,0,0,0,False
9367,0,0,3,True
9368,0,0,0,False
9369,0,0,3,True
9370,0,0,0,False
9371,0,0,0,False
9372,0,3,3,False
9373,0,0,1,True
9374,0,0,0,False
9375,0,0,3,True
9376,0,0,0,False
9377,0,0,0,False
9378,0,0,0,False
9379,0,0,0,False
9380,0,0,3,True
9381,0,0,0,False
9382,0,0,3,True
9383,0,0,0,False
9384,0,0,3,True
9385,0,0,0,False
9386,0,0,0,False
9387,0,0,0,False
9388,0,0,0,False
9389,0,0,0,False
9390,0,0,0,False
9391,0,0,3,True
9392,0,0,0,False
9393,0,0,3,True
9394,0,0,0,False
9395,0,0,0,False
9396,0,0,0,False
9397,0,0,3,True
9398,0,0,0,False
9399,0,0,0,False
9400,0,0,0,False
9401,0,0,0,False
9402,0,0,0,False
9403,0,0,0,False
9404,0,0,0,False
9405,0,0,0,False
9406,0,0,0,False
9407,0,0,0,False
9408,0,0,3,True
9409,0,0,3,True
9410,0,0,0,False
9411,0,0,0,False
9412,0,0,3,True
9413,0,0,3,True
9414,0,0,0,False
9415,0,0,0,False
9416,0,0,3,True
9417,0,0,0,False
9418,0,0,0,False
9419,0,0,1,True
9420,0,0,0,False
9421,0,0,3,True
9422,0,0,0,False
9423,0,0,2,True
9424,0,0,0,False
9425,0,0,0,False
9426,0,0,0,False
9427,0,0,3,True
9428,0,0,0,False
9429,0,0,3,True
9430,0,0,3,True
9431,0,0,3,True
9432,0,0,3,True
9433,0,0,3,True
9434,0,0,3,True
9435,0,0,0,False
9436,0,0,0,False
9437,0,0,3,True
9438,0,0,0,False
9439,0,0,3,True
9440,0,0,2,True
9441,0,0,3,True
9442,0,0,3,True
9443,0,0,0,False
9444,0,0,2,True
9445,0,0,0,False
9446,0,0,3,True
9447,0,0,3,True
9448,0,0,0,False
9449,0,0,0,False
9450,0,0,0,False
9451,0,0,0,False
9452,0,0,3,True
9453,0,0,0,False
9454,0,0,0,False
9455,0,0,0,False
9456,0,0,0,False
9457,0,0,3,True
9458,0,0,3,True
9459,0,0,3,True
9460,0,0,0,False
9461,0,0,0,False
9462,0,0,2,True
9463,0,0,3,True
9464,0,0,3,True
9465,0,0,0,False
9466,0,0,3,True
9467,0,0,3,True
9468,0,0,0,False
9469,0,0,3,True
9470,0,0,0,False
9471,0,0,0,False
9472,0,0,3,True
9473,0,0,3,True
9474,0,0,3,True
9475,0,0,3,True
9476,0,0,0,False
9477,0,0,0,False
9478,0,0,3,True
9479,0,0,0,False
9480,0,0,0,False
9481,0,0,0,False
9482,0,0,3,True
9483,0,0,0,False
9484,0,0,3,True
9485,0,0,0,False
9486,0,0,0,False
9487,0,0,0,False
9488,0,0,0,False
9489,0,0,0,False
9490,0,0,3,True
9491,0,0,0,False
9492,0,0,0,False
9493,0,0,3,True
9494,0,0,3,True
9495,0,0,3,True
9496,0,0,0,False
9497,0,0,3,True
9498,0,0,0,False
9499,0,0,0,False
9500,0,0,3,True
9501,0,0,3,True
9502,0,0,0,False
9503,0,0,3,True
9504,0,0,0,False
9505,0,0,0,False
9506,0,0,0,False
9507,0,0,3,True
9508,0,0,3,True
9509,0,0,0,False
9510,0,0,0,False
9511,0,0,0,False
9512,0,0,0,False
9513,0,0,0,False
9514,0,0,3,True
9515,0,0,0,False
9516,0,0,0,False
9517,0,0,0,False
9518,0,0,3,True
9519,0,0,0,False
9520,0,0,0,False
9521,0,0,0,False
9522,0,0,3,True
9523,0,0,0,False
9524,0,0,3,True
9525,0,0,0,False
9526,0,0,0,False
9527,0,0,0,False
9528,0,0,3,True
9529,0,0,0,False
9530,0,0,3,True
9531,0,0,0,False
9532,0,0,0,False
9533,0,0,0,False
9534,0,0,3,True
9535,0,0,0,False
9536,0,0,0,False
9537,0,0,3,True
9538,0,0,3,True
9539,0,0,0,False
9540,0,0,3,True
9541,0,0,3,True
9542,0,0,0,False
9543,0,0,0,False
9544,0,0,0,False
9545,0,0,3,True
9546,0,0,0,False
9547,0,0,3,True
9548,0,0,3,True
9549,0,0,2,True
9550,0,0,3,True
9551,0,0,3,True
9552,0,0,3,True
9553,0,0,3,True
9554,0,0,0,False
9555,0,0,0,False
9556,0,0,3,True
9557,0,0,3,True
9558,0,0,0,False
9559,0,0,3,True
9560,0,0,0,False
9561,0,0,3,True
9562,0,0,3,True
9563,0,0,0,False
9564,0,0,3,True
9565,0,0,3,True
9566,0,0,0,False
9567,0,0,0,False
9568,0,0,0,False
9569,0,0,0,False
9570,0,0,0,False
9571,0,0,0,False
9572,0,0,0,False
9573,0,0,0,False
9574,0,0,0,False
9575,0,0,3,True
9576,0,0,3,True
9577,0,0,0,False
9578,0,0,3,True
9579,0,0,0,False
9580,0,0,0,False
9581,0,0,3,True
9582,0,0,0,False
9583,0,0,3,True
9584,0,0,0,False
9585,0,0,0,False
9586,0,0,0,False
9587,0,0,3,True
9588,0,0,3,True
9589,0,0,0,False
9590,0,0,0,False
9591,0,0,0,False
9592,0,0,3,True
9593,0,0,3,True
9594,0,0,0,False
9595,0,0,0,False
9596,0,0,0,False
9597,0,0,3,True
9598,0,0,3,True
9599,0,0,3,True
9600,0,0,0,False
9601,0,1,0,False
9602,0,0,3,True
9603,0,0,0,False
9604,0,0,0,False
9605,0,0,3,True
9606,0,0,0,False
9607,0,0,0,False
9608,0,0,3,True
9609,0,0,0,False
9610,0,0,3,True
9611,0,0,3,True
9612,0,0,0,False
9613,0,0,0,False
9614,0,0,0,False
9615,0,0,3,True
9616,0,0,0,False
9617,0,0,2,True
9618,0,0,0,False
9619,0,0,3,True
9620,0,0,0,False
9621,0,0,0,False
9622,0,0,3,True
9623,0,0,3,True
9624,0,0,0,False
9625,0,0,3,True
9626,0,0,3,True
9627,0,0,3,True
9628,0,0,2,True
9629,0,0,0,False
9630,0,0,3,True
9631,0,0,3,True
9632,0,0,3,True
9633,0,0,0,False
9634,0,0,3,True
9635,0,0,2,True
9636,0,0,0,False
9637,0,0,0,False
9638,0,0,3,True
9639,0,0,0,False
9640,0,0,0,False
9641,0,0,3,True
9642,0,0,0,False
9643,0,0,3,True
9644,0,0,0,False
9645,0,0,0,False
9646,0,0,0,False
9647,0,0,0,False
9648,0,0,3,True
9649,0,0,0,False
9650,0,0,0,False
9651,0,0,3,True
9652,0,0,0,False
9653,0,0,3,True
9654,0,0,0,False
9655,0,0,3,True
9656,0,0,2,True
9657,0,0,3,True
9658,0,0,3,True
9659,0,0,3,True
9660,0,0,0,False
9661,0,0,3,True
9662,0,0,3,True
9663,0,0,3,True
9664,0,0,0,False
9665,0,0,3,True
9666,0,0,3,True
9667,0,0,3,True
9668,0,0,0,False
9669,0,0,0,False
9670,0,0,3,True
9671,0,0,3,True
9672,0,0,3,True
9673,0,0,0,False
9674,0,0,0,False
9675,0,0,0,False
9676,0,0,0,False
9677,0,0,3,True
9678,0,0,0,False
9679,0,0,0,False
9680,0,0,3,True
9681,0,0,0,False
9682,0,0,0,False
9683,0,0,0,False
9684,0,0,0,False
9685,0,0,0,False
9686,0,0,0,False
9687,0,0,0,False
9688,0,0,0,False
9689,0,0,0,False
9690,0,0,0,False
9691,0,0,3,True
9692,0,0,3,True
9693,0,0,3,True
9694,0,0,0,False
9695,0,0,0,False
9696,0,0,3,True
9697,0,0,1,True
9698,0,0,3,True
9699,0,0,0,False
9700,0,0,0,False
9701,0,0,0,False
9702,0,0,0,False
9703,0,0,0,False
9704,0,0,0,False
9705,0,0,3,True
9706,0,0,0,False
9707,0,0,0,False
9708,0,0,0,False
9709,0,0,3,True
9710,0,0,3,True
9711,0,0,3,True
9712,0,0,0,False
9713,0,0,0,False
9714,0,0,0,False
9715,0,0,3,True
9716,0,0,0,False
9717,0,0,0,False
9718,0,0,0,False
9719,0,0,3,True
9720,0,0,0,False
9721,0,0,0,False
9722,0,0,3,True
9723,0,0,3,True
9724,0,0,0,False
9725,0,0,3,True
9726,0,0,3,True
9727,0,0,0,False
9728,0,0,0,False
9729,0,0,3,True
9730,0,0,0,False
9731,0,0,0,False
9732,0,0,0,False
9733,0,0,0,False
9734,0,0,0,False
9735,0,0,0,False
9736,0,0,0,False
9737,0,0,3,True
9738,0,0,3,True
9739,0,0,0,False
9740,0,0,3,True
9741,0,0,3,True
9742,0,0,0,False
9743,0,0,0,False
9744,0,0,0,False
9745,0,0,3,True
9746,0,0,0,False
9747,0,0,0,False
9748,0,0,0,False
9749,0,0,3,True
9750,0,0,3,True
9751,0,0,0,False
9752,0,0,0,False
9753,0,0,3,True
9754,0,0,3,True
9755,0,0,3,True
9756,0,0,3,True
9757,0,0,3,True
9758,0,0,3,True
9759,0,0,3,True
9760,0,0,0,False
9761,0,0,0,False
9762,0,0,3,True
9763,0,0,3,True
9764,0,0,3,True
9765,0,0,0,False
9766,0,0,0,False
9767,0,0,0,False
9768,0,0,0,False
9769,0,0,3,True
9770,0,0,3,True
9771,0,0,0,False
9772,0,0,0,False
9773,0,0,3,True
9774,0,0,0,False
9775,0,0,0,False
9776,0,0,0,False
9777,0,1,3,False
9778,0,0,0,False
9779,0,0,3,True
9780,0,0,0,False
9781,0,0,0,False
9782,0,0,0,False
9783,0,0,0,False
9784,0,0,0,False
9785,0,0,3,True
9786,0,0,3,True
9787,0,0,0,False
9788,0,0,0,False
9789,0,0,0,False
9790,0,0,0,False
9791,0,0,0,False
9792,0,0,3,True
9793,0,0,3,True
9794,0,0,3,True
9795,0,0,0,False
9796,0,0,0,False
9797,0,0,0,False
9798,0,0,0,False
9799,0,0,0,False
9800,0,0,0,False
9801,0,0,0,False
9802,0,0,3,True
9803,0,0,2,True
9804,0,0,0,False
9805,0,0,0,False
9806,0,0,3,True
9807,0,1,3,False
9808,0,0,0,False
9809,0,3,3,False
9810,0,0,3,True
9811,0,0,3,True
9812,0,0,0,False
9813,0,0,0,False
9814,0,0,0,False
9815,0,0,0,False
9816,0,0,0,False
9817,0,0,0,False
9818,0,0,2,True
9819,0,0,3,True
9820,0,0,3,True
9821,0,0,3,True
9822,0,0,0,False
9823,0,0,3,True
9824,0,0,0,False
9825,0,0,3,True
9826,0,0,0,False
9827,0,0,3,True
9828,0,0,0,False
9829,0,0,3,True
9830,0,0,3,True
9831,0,0,3,True
9832,0,0,0,False
9833,0,0,3,True
9834,0,0,0,False
9835,0,0,0,False
9836,0,0,0,False
9837,0,0,0,False
9838,0,0,3,True
9839,0,0,2,True
9840,0,0,0,False
9841,0,0,0,False
9842,0,0,0,False
9843,0,0,0,False
9844,0,0,0,False
9845,0,0,3,True
9846,0,0,0,False
9847,0,0,3,True
9848,0,0,2,True
9849,0,0,3,True
9850,0,0,3,True
9851,0,0,0,False
9852,0,0,3,True
9853,0,0,0,False
9854,0,0,0,False
9855,0,0,3,True
9856,0,0,3,True
9857,0,0,0,False
9858,0,0,3,True
9859,0,0,0,False
9860,0,0,3,True
9861,0,0,3,True
9862,0,0,3,True
9863,0,0,3,True
9864,0,0,3,True
9865,0,0,3,True
9866,0,0,3,True
9867,0,0,0,False
9868,0,0,3,True
9869,0,0,0,False
9870,0,0,0,False
9871,0,0,0,False
9872,0,0,3,True
9873,0,0,3,True
9874,0,0,0,False
9875,0,0,0,False
9876,0,0,3,True
9877,0,0,0,False
9878,0,0,3,True
9879,0,0,3,True
9880,0,0,0,False
9881,0,0,0,False
9882,0,0,0,False
9883,0,0,0,False
9884,0,0,0,False
9885,0,0,0,False
9886,0,0,0,False
9887,0,0,3,True
9888,0,0,0,False
9889,0,0,3,True
9890,0,0,0,False
9891,0,0,0,False
9892,0,0,0,False
9893,0,0,0,False
9894,0,0,0,False
9895,0,0,0,False
9896,0,0,0,False
9897,0,0,3,True
9898,0,0,3,True
9899,0,0,0,False
9900,0,0,3,True
9901,0,0,3,True
9902,0,0,0,False
9903,0,0,3,True
9904,0,0,0,False
9905,0,0,0,False
9906,0,0,3,True
9907,0,0,3,True
9908,0,0,0,False
9909,0,0,0,False
9910,0,0,3,True
9911,0,0,0,False
9912,0,0,3,True
9913,0,0,3,True
9914,0,0,3,True
9915,0,0,3,True
9916,0,0,0,False
9917,0,0,3,True
9918,0,0,3,True
9919,0,0,0,False
9920,0,0,0,False
9921,0,0,0,False
9922,0,0,0,False
9923,0,0,0,False
9924,0,0,0,False
9925,0,0,0,False
9926,0,0,0,False
9927,0,0,3,True
9928,0,0,0,False
9929,0,0,3,True
9930,0,0,0,False
9931,0,0,3,True
9932,0,0,3,True
9933,0,0,0,False
9934,0,0,0,False
9935,0,0,0,False
9936,0,0,0,False
9937,0,0,0,False
9938,0,0,3,True
9939,0,0,3,True
9940,0,0,0,False
9941,0,0,0,False
9942,0,0,0,False
9943,0,0,3,True
9944,0,0,0,False
9945,0,0,3,True
9946,0,0,3,True
9947,0,0,0,False
9948,0,0,0,False
9949,0,0,0,False
9950,0,0,3,True
9951,0,0,3,True
9952,0,0,0,False
9953,0,0,0,False
9954,0,0,3,True
9955,0,0,0,False
9956,0,0,0,False
9957,0,0,3,True
9958,0,0,0,False
9959,0,0,0,False
9960,0,0,3,True
9961,0,0,0,False
9962,0,0,0,False
9963,0,0,3,True
9964,0,0,0,False
9965,0,0,3,True
9966,0,0,0,False
9967,0,0,3,True
9968,0,0,0,False
9969,0,0,0,False
9970,0,0,3,True
9971,0,0,0,False
9972,0,0,0,False
9973,0,0,0,False
9974,0,0,3,True
9975,0,0,0,False
9976,0,0,0,False
9977,0,0,3,True
9978,0,0,3,True
9979,0,0,0,False
9980,0,0,0,False
9981,0,0,0,False
9982,0,0,2,True
9983,0,0,3,True
9984,0,0,3,True
9985,0,0,0,False
9986,0,0,0,False
9987,0,0,0,False
9988,0,0,0,False
9989,0,0,3,True
9990,0,0,0,False
9991,0,0,3,True
9992,0,0,3,True
9993,0,0,0,False
9994,0,0,3,True
9995,0,0,0,False
9996,0,0,3,True
9997,0,0,3,True
9998,0,0,3,True
9999,0,0,0,False
10000,0,0,0,False
10001,0,1,3,False
10002,0,0,3,True
10003,0,0,0,False
10004,0,0,0,False
10005,0,0,3,True
10006,0,0,3,True
10007,0,1,3,False
10008,0,0,0,False
10009,0,0,0,False
10010,0,0,0,False
10011,0,0,3,True
10012,0,0,0,False
10013,0,0,3,True
10014,0,0,0,False
10015,0,0,0,False
10016,0,0,0,False
10017,0,0,3,True
10018,0,0,0,False
10019,0,0,3,True
10020,0,0,3,True
10021,0,0,3,True
10022,0,0,3,True
10023,0,0,3,True
10024,0,0,0,False
10025,0,0,0,False
10026,0,0,2,True
10027,0,0,3,True
10028,0,0,0,False
10029,0,0,0,False
10030,0,0,0,False
10031,0,0,0,False
10032,0,0,3,True
10033,0,0,0,False
10034,0,0,0,False
10035,0,0,0,False
10036,0,0,3,True
10037,0,0,3,True
10038,0,0,3,True
10039,0,0,3,True
10040,0,0,0,False
10041,0,0,0,False
10042,0,0,3,True
10043,0,0,0,False
10044,0,0,0,False
10045,0,0,1,True
10046,0,0,0,False
10047,0,0,0,False
10048,0,0,3,True
10049,0,0,0,False
10050,0,0,0,False
10051,0,0,0,False
10052,0,0,0,False
10053,0,0,0,False
10054,0,0,3,True
10055,0,0,0,False
10056,0,0,0,False
10057,0,0,0,False
10058,0,0,3,True
10059,0,0,3,True
10060,0,0,0,False
10061,0,0,3,True
10062,0,0,3,True
10063,0,0,3,True
10064,0,0,0,False
10065,0,0,0,False
10066,0,0,2,True
10067,0,0,0,False
10068,0,0,0,False
10069,0,0,3,True
10070,0,0,3,True
10071,0,0,0,False
10072,0,0,3,True
10073,0,0,2,True
10074,0,0,0,False
10075,0,0,0,False
10076,0,0,3,True
10077,0,0,3,True
10078,0,0,3,True
10079,0,0,0,False
10080,0,0,2,True
10081,0,0,2,True
10082,0,0,3,True
10083,0,0,0,False
10084,0,0,0,False
10085,0,0,3,True
10086,0,0,3,True
10087,0,0,0,False
10088,0,0,0,False
10089,0,0,0,False
10090,0,0,0,False
10091,0,0,0,False
10092,0,0,0,False
10093,0,0,0,False
10094,0,0,0,False
10095,0,0,0,False
10096,0,0,0,False
10097,0,0,3,True
10098,0,0,0,False
10099,0,0,0,False
10100,0,0,0,False
10101,0,0,3,True
10102,0,0,3,True
10103,0,0,0,False
10104,0,0,0,False
10105,0,0,0,False
10106,0,0,3,True
10107,0,0,3,True
10108,0,0,3,True
10109,0,0,0,False
10110,0,0,3,True
10111,0,0,3,True
10112,0,0,0,False
10113,0,3,3,False
10114,0,0,0,False
10115,0,0,3,True
10116,0,0,0,False
10117,0,0,3,True
10118,0,0,3,True
10119,0,0,3,True
10120,0,0,3,True
10121,0,0,0,False
10122,0,0,0,False
10123,0,0,0,False
10124,0,0,0,False
10125,0,0,3,True
10126,0,0,0,False
10127,0,0,3,True
10128,0,0,3,True
10129,0,0,0,False
10130,0,0,3,True
10131,0,0,0,False
10132,0,0,3,True
10133,0,0,0,False
10134,0,0,3,True
10135,0,0,0,False
10136,0,0,3,True
10137,0,0,3,True
10138,0,0,0,False
10139,0,0,0,False
10140,0,0,3,True
10141,0,0,0,False
10142,0,0,0,False
10143,0,0,3,True
10144,0,0,3,True
10145,0,0,0,False
10146,0,0,3,True
10147,0,0,3,True
10148,0,0,0,False
10149,0,0,0,False
10150,0,0,3,True
10151,0,0,0,False
10152,0,0,0,False
10153,0,0,0,False
10154,0,0,0,False
10155,0,1,3,False
10156,0,0,3,True
10157,0,0,3,True
10158,0,0,3,True
10159,0,0,0,False
10160,0,0,0,False
10161,0,0,0,False
10162,0,0,0,False
10163,0,0,0,False
10164,0,0,0,False
10165,0,0,3,True
10166,0,0,0,False
10167,0,0,0,False
10168,0,0,0,False
10169,0,0,3,True
10170,0,0,0,False
10171,0,0,0,False
10172,0,0,0,False
10173,0,0,0,False
10174,0,0,0,False
10175,0,0,3,True
10176,0,0,0,False
10177,0,0,0,False
10178,0,0,3,True
10179,0,0,0,False
10180,0,0,0,False
10181,0,0,3,True
10182,0,0,0,False
10183,0,0,0,False
10184,0,0,0,False
10185,0,0,0,False
10186,0,0,0,False
10187,0,0,3,True
10188,0,0,0,False
10189,0,0,3,True
10190,0,0,0,False
10191,0,0,0,False
10192,0,0,3,True
10193,0,0,0,False
10194,0,0,0,False
10195,0,0,0,False
10196,0,0,0,False
10197,0,0,3,True
10198,0,0,0,False
10199,0,0,3,True
10200,0,0,3,True
10201,0,0,3,True
10202,0,0,0,False
10203,0,0,0,False
10204,0,0,3,True
10205,0,0,3,True
10206,0,0,0,False
10207,0,0,3,True
10208,0,0,0,False
10209,0,0,0,False
10210,0,0,3,True
10211,0,0,0,False
10212,0,0,0,False
10213,0,0,0,False
10214,0,0,0,False
10215,0,0,0,False
10216,0,0,0,False
10217,0,0,0,False
10218,0,0,0,False
10219,0,0,0,False
10220,0,0,3,True
10221,0,0,0,False
10222,0,0,0,False
10223,0,0,2,True
10224,0,0,0,False
10225,0,0,3,True
10226,0,0,3,True
10227,0,0,3,True
10228,0,0,0,False
10229,0,0,3,True
10230,0,0,3,True
10231,0,0,3,True
10232,0,0,3,True
10233,0,0,3,True
10234,0,0,0,False
10235,0,0,0,False
10236,0,0,0,False
10237,0,0,0,False
10238,0,0,3,True
10239,0,0,0,False
10240,0,0,3,True
10241,0,0,0,False
10242,0,0,0,False
10243,0,0,3,True
10244,0,0,3,True
10245,0,0,0,False
10246,0,0,0,False
10247,0,0,0,False
10248,0,0,3,True
10249,0,0,3,True
10250,0,0,3,True
10251,0,0,3,True
10252,0,0,0,False
10253,0,0,0,False
10254,0,0,3,True
10255,0,0,3,True
10256,0,0,3,True
10257,0,0,0,False
10258,0,0,3,True
10259,0,0,3,True
10260,0,0,0,False
10261,0,0,3,True
10262,0,0,3,True
10263,0,0,3,True
10264,0,0,3,True
10265,0,0,0,False
10266,0,0,0,False
10267,0,0,3,True
10268,0,0,0,False
10269,0,0,0,False
10270,0,0,3,True
10271,0,0,0,False
10272,0,0,3,True
10273,0,0,0,False
10274,0,0,2,True
10275,0,0,0,False
10276,0,0,0,False
10277,0,0,3,True
10278,0,0,0,False
10279,0,0,3,True
10280,0,0,3,True
10281,0,0,0,False
10282,0,0,0,False
10283,0,0,0,False
10284,0,0,0,False
10285,0,0,3,True
10286,0,0,0,False
10287,0,0,3,True
10288,0,0,0,False
10289,0,0,3,True
10290,0,0,3,True
10291,0,0,0,False
10292,0,0,3,True
10293,0,0,0,False
10294,0,0,0,False
10295,0,0,0,False
10296,0,0,0,False
10297,0,0,0,False
10298,0,0,0,False
10299,0,0,3,True
10300,0,0,0,False
10301,0,0,0,False
10302,0,0,0,False
10303,0,0,0,False
10304,0,0,3,True
10305,0,0,0,False
10306,0,0,0,False
10307,0,0,0,False
10308,0,0,3,True
10309,0,0,0,False
10310,0,0,3,True
10311,0,0,3,True
10312,0,0,0,False
10313,0,1,0,False
10314,0,0,0,False
10315,0,0,0,False
10316,0,0,3,True
10317,0,0,0,False
10318,0,0,0,False
10319,0,0,0,False
10320,0,0,0,False
10321,0,0,0,False
10322,0,0,0,False
10323,0,0,0,False
10324,0,0,3,True
10325,0,0,0,False
10326,0,0,3,True
10327,0,0,3,True
10328,0,0,0,False
10329,0,0,3,True
10330,0,0,3,True
10331,0,0,3,True
10332,0,0,3,True
10333,0,0,1,True
10334,0,0,0,False
10335,0,0,0,False
10336,0,0,0,False
10337,0,0,3,True
10338,0,0,0,False
10339,0,0,0,False
10340,0,0,0,False
10341,0,0,3,True
10342,0,0,0,False
10343,0,0,3,True
10344,0,0,0,False
10345,0,0,3,True
10346,0,0,0,False
10347,0,0,0,False
10348,0,0,3,True
10349,0,0,3,True
10350,0,0,0,False
10351,0,0,0,False
10352,0,0,0,False
10353,0,0,3,True
10354,0,0,2,True
10355,0,0,0,False
10356,0,0,0,False
10357,0,0,0,False
10358,0,0,3,True
10359,0,0,0,False
10360,0,0,3,True
10361,0,0,3,True
10362,0,0,3,True
10363,0,0,3,True
10364,0,0,3,True
10365,0,0,0,False
10366,0,0,0,False
10367,0,0,0,False
10368,0,0,0,False
10369,0,0,3,True
10370,0,0,0,False
10371,0,0,3,True
10372,0,0,3,True
10373,0,0,0,False
10374,0,0,0,False
10375,0,0,3,True
10376,0,0,0,False
10377,0,0,3,True
10378,0,0,0,False
10379,0,0,3,True
10380,0,0,0,False
10381,0,0,0,False
10382,0,0,0,False
10383,0,0,0,False
10384,0,0,0,False
10385,0,0,3,True
10386,0,0,0,False
10387,0,0,0,False
10388,0,0,0,False
10389,0,0,3,True
10390,0,0,0,False
10391,0,0,0,False
10392,0,0,3,True
10393,0,0,3,True
10394,0,0,0,False
10395,0,0,3,True
10396,0,0,0,False
10397,0,0,0,False
10398,0,0,0,False
10399,0,0,3,True
10400,0,0,3,True
10401,0,0,0,False
10402,0,0,0,False
10403,0,0,0,False
10404,0,0,3,True
10405,0,0,0,False
10406,0,0,3,True
10407,0,0,3,True
10408,0,0,0,False
10409,0,0,0,False
10410,0,0,0,False
10411,0,0,0,False
10412,0,0,3,True
10413,0,0,3,True
10414,0,0,0,False
10415,0,0,2,True
10416,0,0,0,False
10417,0,0,0,False
10418,0,0,0,False
10419,0,0,0,False
10420,0,0,0,False
10421,0,0,0,False
10422,0,0,0,False
10423,0,0,0,False
10424,0,0,0,False
10425,0,0,3,True
10426,0,0,0,False
10427,0,0,0,False
10428,0,0,3,True
10429,0,0,0,False
10430,0,0,3,True
10431,0,0,0,False
10432,0,0,0,False
10433,0,0,0,False
10434,0,0,0,False
10435,0,0,0,False
10436,0,0,3,True
10437,0,0,0,False
10438,0,0,0,False
10439,0,0,3,True
10440,0,0,0,False
10441,0,0,3,True
10442,0,0,3,True
10443,0,0,0,False
10444,0,0,3,True
10445,0,0,0,False
10446,0,0,3,True
10447,0,0,3,True
10448,0,0,0,False
10449,0,0,0,False
10450,0,0,3,True
10451,0,0,0,False
10452,0,0,0,False
10453,0,0,0,False
10454,0,0,3,True
10455,0,0,0,False
10456,0,0,3,True
10457,0,0,0,False
10458,0,0,0,False
10459,0,0,0,False
10460,0,0,0,False
10461,0,0,0,False
10462,0,0,3,True
10463,0,0,0,False
10464,0,0,3,True
10465,0,0,3,True
10466,0,0,0,False
10467,0,0,3,True
10468,0,0,3,True
10469,0,0,3,True
10470,0,0,0,False
10471,0,0,3,True
10472,0,0,0,False
10473,0,0,0,False
10474,0,0,0,False
10475,0,0,3,True
10476,0,0,3,True
10477,0,0,0,False
10478,0,0,3,True
10479,0,0,3,True
10480,0,0,0,False
10481,0,0,0,False
10482,0,0,3,True
10483,0,0,3,True
10484,0,0,0,False
10485,0,0,3,True
10486,0,0,3,True
10487,0,0,0,False
10488,0,0,0,False
10489,0,0,3,True
10490,0,0,0,False
10491,0,0,0,False
10492,0,0,0,False
10493,0,0,2,True
10494,0,0,3,True
10495,0,0,0,False
10496,0,0,0,False
10497,0,0,0,False
10498,0,0,3,True
10499,0,0,3,True
10500,0,0,0,False
10501,0,0,0,False
10502,0,0,3,True
10503,0,0,0,False
10504,0,0,0,False
10505,0,0,0,False
10506,0,0,0,False
10507,0,0,3,True
10508,0,0,3,True
10509,0,0,3,True
10510,0,0,3,True
10511,0,0,0,False
10512,0,0,3,True
10513,0,0,0,False
10514,0,0,0,False
10515,0,0,3,True
10516,0,0,3,True
10517,0,0,0,False
10518,0,0,3,True
10519,0,0,0,False
10520,0,0,0,False
10521,0,0,0,False
10522,0,0,0,False
10523,0,0,3,True
10524,0,0,3,True
10525,0,0,3,True
10526,0,0,0,False
10527,0,0,2,True
10528,0,0,0,False
10529,0,0,0,False
10530,0,0,0,False
10531,0,0,0,False
10532,0,0,0,False
10533,0,0,3,True
10534,0,0,3,True
10535,0,0,3,True
10536,0,0,0,False
10537,0,0,3,True
10538,0,0,0,False
10539,0,0,3,True
10540,0,0,0,False
10541,0,0,0,False
10542,0,0,3,True
10543,0,0,0,False
10544,0,0,3,True
10545,0,0,3,True
10546,0,0,0,False
10547,0,0,0,False
10548,0,0,0,False
10549,0,0,0,False
10550,0,0,0,False
10551,0,0,0,False
10552,0,0,3,True
10553,0,0,3,True
10554,0,0,0,False
10555,0,0,0,False
10556,0,0,0,False
10557,0,0,3,True
10558,0,0,2,True
10559,0,0,3,True
10560,0,0,3,True
10561,0,0,0,False
10562,0,0,3,True
10563,0,0,3,True
10564,0,0,0,False
10565,0,0,3,True
10566,0,0,3,True
10567,0,0,3,True
10568,0,0,0,False
10569,0,0,0,False
10570,0,0,3,True
10571,0,0,3,True
10572,0,0,3,True
10573,0,0,0,False
10574,0,0,0,False
10575,0,0,3,True
10576,0,0,0,False
10577,0,0,0,False
10578,0,0,0,False
10579,0,0,0,False
10580,0,0,0,False
10581,0,0,3,True
10582,0,0,3,True
10583,0,0,3,True
10584,0,0,0,False
10585,0,0,0,False
10586,0,0,0,False
10587,0,0,0,False
10588,0,0,0,False
10589,0,0,0,False
10590,0,0,2,True
10591,0,0,0,False
10592,0,0,0,False
10593,0,0,0,False
10594,0,0,0,False
10595,0,0,3,True
10596,0,0,0,False
10597,0,0,3,True
10598,0,0,3,True
10599,0,0,0,False
10600,0,0,0,False
10601,0,0,3,True
10602,0,0,3,True
10603,0,0,2,True
10604,0,0,3,True
10605,0,0,0,False
10606,0,0,0,False
10607,0,0,3,True
10608,0,0,0,False
10609,0,0,3,True
10610,0,0,0,False
10611,0,0,0,False
10612,0,0,3,True
10613,0,0,0,False
10614,0,0,3,True
10615,0,0,3,True
10616,0,0,3,True
10617,0,0,0,False
10618,0,0,0,False
10619,0,0,0,False
10620,0,0,0,False
10621,0,0,0,False
10622,0,0,0,False
10623,0,0,3,True
10624,0,0,3,True
10625,0,0,0,False
10626,0,0,3,True
10627,0,0,0,False
10628,0,0,3,True
10629,0,0,0,False
10630,0,0,3,True
10631,0,0,3,True
10632,0,0,3,True
10633,0,0,3,True
10634,0,0,3,True
10635,0,0,0,False
10636,0,0,0,False
10637,0,0,0,False
10638,0,0,0,False
10639,0,0,0,False
10640,0,0,3,True
10641,0,0,3,True
10642,0,0,3,True
10643,0,0,0,False
10644,0,0,0,False
10645,0,0,3,True
10646,0,0,1,True
10647,0,0,0,False
10648,0,0,3,True
10649,0,0,0,False
10650,0,0,0,False
10651,0,0,0,False
10652,0,0,0,False
10653,0,0,0,False
10654,0,0,0,False
10655,0,0,0,False
10656,0,0,3,True
10657,0,0,3,True
10658,0,0,0,False
10659,0,0,0,False
10660,0,0,0,False
10661,0,0,0,False
10662,0,0,3,True
10663,0,0,0,False
10664,0,0,0,False
10665,0,0,2,True
10666,0,0,0,False
10667,0,0,0,False
10668,0,0,3,True
10669,0,0,3,True
10670,0,0,0,False
10671,0,0,3,True
10672,0,0,0,False
10673,0,0,0,False
10674,0,0,3,True
10675,0,0,0,False
10676,0,0,0,False
10677,0,0,0,False
10678,0,0,3,True
10679,0,0,0,False
10680,0,0,3,True
10681,0,0,3,True
10682,0,0,0,False
10683,0,0,0,False
10684,0,0,0,False
10685,0,0,0,False
10686,0,0,3,True
10687,0,0,0,False
10688,0,0,3,True
10689,0,0,3,True
10690,0,0,0,False
10691,0,0,2,True
10692,0,0,2,True
10693,0,0,0,False
10694,0,0,3,True
10695,0,0,3,True
10696,0,0,3,True
10697,0,0,3,True
10698,0,0,0,False
10699,0,0,0,False
10700,0,0,3,True
10701,0,0,3,True
10702,0,0,1,True
10703,0,0,0,False
10704,0,0,3,True
10705,0,0,0,False
10706,0,0,3,True
10707,0,0,2,True
10708,0,0,0,False
10709,0,0,3,True
10710,0,0,3,True
10711,0,0,3,True
10712,0,0,0,False
10713,0,0,2,True
10714,0,0,0,False
10715,0,0,0,False
10716,0,0,0,False
10717,0,0,3,True
10718,0,0,0,False
10719,0,0,0,False
10720,0,0,1,True
10721,0,0,3,True
10722,0,0,3,True
10723,0,0,2,True
10724,0,0,3,True
10725,0,0,0,False
10726,0,0,0,False
10727,0,0,3,True
10728,0,0,0,False
10729,0,0,0,False
10730,0,0,0,False
10731,0,0,3,True
10732,0,0,3,True
10733,0,0,3,True
10734,0,0,0,False
10735,0,0,0,False
10736,0,0,0,False
10737,0,0,3,True
10738,0,0,3,True
10739,0,0,3,True
10740,0,0,0,False
10741,0,0,3,True
10742,0,0,3,True
10743,0,0,0,False
10744,0,0,0,False
10745,0,0,0,False
10746,0,0,0,False
10747,0,0,0,False
10748,0,0,0,False
10749,0,0,0,False
10750,0,0,3,True
10751,0,0,0,False
10752,0,0,3,True
10753,0,0,3,True
10754,0,0,0,False
10755,0,0,3,True
10756,0,0,0,False
10757,0,0,3,True
10758,0,0,3,True
10759,0,0,3,True
10760,0,0,0,False
10761,0,0,3,True
10762,0,0,3,True
10763,0,0,0,False
10764,0,0,3,True
10765,0,0,0,False
10766,0,0,3,True
10767,0,0,0,False
10768,0,0,0,False
10769,0,0,0,False
10770,0,0,0,False
10771,0,0,3,True
10772,0,0,3,True
10773,0,0,3,True
10774,0,0,0,False
10775,0,0,0,False
10776,0,0,0,False
10777,0,0,0,False
10778,0,0,2,True
10779,0,0,0,False
10780,0,0,0,False
10781,0,0,0,False
10782,0,0,0,False
10783,0,0,0,False
10784,0,0,0,False
10785,0,0,3,True
10786,0,0,0,False
10787,0,0,0,False
10788,0,0,3,True
10789,0,0,0,False
10790,0,0,0,False
10791,0,0,3,True
10792,0,0,0,False
10793,0,0,0,False
10794,0,0,0,False
10795,0,0,0,False
10796,0,0,0,False
10797,0,0,0,False
10798,0,0,3,True
10799,0,0,0,False
10800,0,0,3,True
10801,0,0,0,False
10802,0,0,3,True
10803,0,0,0,False
10804,0,0,0,False
10805,0,0,3,True
10806,0,0,3,True
10807,0,0,3,True
10808,0,0,0,False
10809,0,0,3,True
10810,0,0,3,True
10811,0,0,3,True
10812,0,0,3,True
10813,0,0,0,False
10814,0,0,3,True
10815,0,0,0,False
10816,0,0,0,False
10817,0,0,0,False
10818,0,0,0,False
10819,0,0,0,False
10820,0,0,0,False
10821,0,0,0,False
10822,0,0,3,True
10823,0,0,0,False
10824,0,0,0,False
10825,0,0,0,False
10826,0,0,0,False
10827,0,0,3,True
10828,0,0,0,False
10829,0,0,0,False
10830,0,0,2,True
10831,0,0,0,False
10832,0,0,3,True
10833,0,0,3,True
10834,0,0,0,False
10835,0,0,3,True
10836,0,0,3,True
10837,0,0,0,False
10838,0,0,0,False
10839,0,0,3,True
10840,0,0,2,True
10841,0,0,3,True
10842,0,0,0,False
10843,0,0,0,False
10844,0,0,3,True
10845,0,0,0,False
10846,0,0,3,True
10847,0,0,2,True
10848,0,0,0,False
10849,0,0,3,True
10850,0,0,3,True
10851,0,0,0,False
10852,0,0,3,True
10853,0,0,2,True
10854,0,0,0,False
10855,0,0,0,False
10856,0,0,0,False
10857,0,0,3,True
10858,0,0,0,False
10859,0,0,0,False
10860,0,0,0,False
10861,0,0,0,False
10862,0,0,3,True
10863,0,0,0,False
10864,0,0,3,True
10865,0,0,3,True
10866,0,0,0,False
10867,0,0,3,True
10868,0,0,0,False
10869,0,0,3,True
10870,0,0,3,True
10871,0,0,0,False
10872,0,0,0,False
10873,0,0,3,True
10874,0,0,3,True
10875,0,0,0,False
10876,0,0,3,True
10877,0,0,3,True
10878,0,0,3,True
10879,0,0,0,False
10880,0,0,0,False
10881,0,0,3,True
10882,0,0,3,True
10883,0,0,0,False
10884,0,0,3,True
10885,0,0,0,False
10886,0,0,0,False
10887,0,0,3,True
10888,0,0,0,False
10889,0,0,0,False
10890,0,0,0,False
10891,0,0,3,True
10892,0,0,3,True
10893,0,0,0,False
10894,0,0,3,True
10895,0,0,3,True
10896,0,0,3,True
10897,0,0,3,True
10898,0,0,0,False
10899,0,0,0,False
10900,0,0,3,True
10901,0,0,3,True
10902,0,0,3,True
10903,0,0,0,False
10904,0,0,0,False
10905,0,0,0,False
10906,0,0,3,True
10907,0,0,0,False
10908,0,0,0,False
10909,0,0,3,True
10910,0,0,0,False
10911,0,0,3,True
10912,0,0,3,True
10913,0,0,3,True
10914,0,0,3,True
10915,0,0,0,False
10916,0,0,0,False
10917,0,0,0,False
10918,0,0,0,False
10919,0,1,0,False
10920,0,0,3,True
10921,0,0,2,True
10922,0,0,3,True
10923,0,0,3,True
10924,0,0,0,False
10925,0,0,3,True
10926,0,0,0,False
10927,0,0,0,False
10928,0,0,0,False
10929,0,0,3,True
10930,0,0,0,False
10931,0,0,3,True
10932,0,0,0,False
10933,0,1,3,False
10934,0,0,3,True
10935,0,0,3,True
10936,0,0,0,False
10937,0,0,0,False
10938,0,0,0,False
10939,0,0,0,False
10940,0,0,3,True
10941,0,0,0,False
10942,0,0,0,False
10943,0,0,0,False
10944,0,0,0,False
10945,0,0,0,False
10946,0,0,0,False
10947,0,0,0,False
10948,0,0,0,False
10949,0,0,3,True
10950,0,0,0,False
10951,0,0,3,True
10952,0,0,3,True
10953,0,0,0,False
10954,0,0,0,False
10955,0,0,0,False
10956,0,0,0,False
10957,0,0,0,False
10958,0,0,2,True
10959,0,0,3,True
10960,0,0,0,False
10961,0,0,0,False
10962,0,0,3,True
10963,0,0,0,False
10964,0,0,0,False
10965,0,0,3,True
10966,0,0,3,True
10967,0,0,3,True
10968,0,0,0,False
10969,0,0,3,True
10970,0,0,3,True
10971,0,0,0,False
10972,0,0,0,False
10973,0,0,3,True
10974,0,0,0,False
10975,0,0,0,False
10976,0,0,0,False
10977,0,0,3,True
10978,0,0,0,False
10979,0,0,0,False
10980,0,0,0,False
10981,0,0,0,False
10982,0,0,0,False
10983,0,0,3,True
10984,0,0,3,True
10985,0,0,0,False
10986,0,0,0,False
10987,0,0,0,False
10988,0,0,2,True
10989,0,0,0,False
10990,0,0,0,False
10991,0,0,3,True
10992,0,0,3,True
10993,0,0,3,True
10994,0,0,3,True
10995,0,0,0,False
10996,0,0,3,True
10997,0,0,2,True
10998,0,0,0,False
10999,0,0,0,False
11000,0,0,0,False
11001,0,0,0,False
11002,0,0,0,False
11003,0,0,3,True
11004,0,0,0,False
11005,0,0,0,False
11006,0,0,0,False
11007,0,0,0,False
11008,0,0,0,False
11009,0,0,3,True
11010,0,0,3,True
11011,0,0,3,True
11012,0,0,3,True
11013,0,0,0,False
11014,0,0,0,False
11015,0,0,3,True
11016,0,0,3,True
11017,0,0,0,False
11018,0,0,3,True
11019,0,0,0,False
11020,0,0,0,False
11021,0,0,0,False
11022,0,0,3,True
11023,0,0,0,False
11024,0,0,0,False
11025,0,0,0,False
11026,0,0,3,True
11027,0,0,3,True
11028,0,0,3,True
11029,0,0,3,True
11030,0,0,3,True
11031,0,0,0,False
11032,0,0,0,False
11033,0,0,0,False
11034,0,0,3,True
11035,0,0,0,False
11036,0,0,0,False
11037,0,0,3,True
11038,0,0,0,False
11039,0,0,0,False
11040,0,0,0,False
11041,0,0,0,False
11042,0,0,0,False
11043,0,0,0,False
11044,0,0,3,True
11045,0,0,0,False
11046,0,0,3,True
11047,0,0,3,True
11048,0,0,0,False
11049,0,0,3,True
11050,0,0,3,True
11051,0,0,0,False
11052,0,0,3,True
11053,0,0,3,True
11054,0,0,0,False
11055,0,0,0,False
11056,0,0,3,True
11057,0,0,3,True
11058,0,0,0,False
11059,0,0,3,True
11060,0,0,0,False
11061,0,0,0,False
11062,0,1,0,False
11063,0,0,3,True
11064,0,0,2,True
11065,0,0,0,False
11066,0,0,3,True
11067,0,0,0,False
11068,0,0,0,False
11069,0,0,3,True
11070,0,0,3,True
11071,0,0,0,False
11072,0,0,0,False
11073,0,0,0,False
11074,0,0,0,False
11075,0,0,3,True
11076,0,0,0,False
11077,0,0,0,False
11078,0,0,0,False
11079,0,0,0,False
11080,0,0,3,True
11081,0,0,3,True
11082,0,0,0,False
11083,0,0,0,False
11084,0,0,0,False
11085,0,0,0,False
11086,0,0,0,False
11087,0,0,3,True
11088,0,0,3,True
11089,0,0,3,True
11090,0,0,3,True
11091,0,0,0,False
11092,0,0,0,False
11093,0,0,3,True
11094,0,0,0,False
11095,0,0,3,True
11096,0,0,3,True
11097,0,0,2,True
11098,0,0,0,False
11099,0,0,3,True
11100,0,0,0,False
11101,0,0,0,False
11102,0,0,0,False
11103,0,0,0,False
11104,0,0,0,False
11105,0,0,3,True
11106,0,0,0,False
11107,0,0,0,False
11108,0,0,3,True
11109,0,0,0,False
11110,0,0,0,False
11111,0,0,3,True
11112,0,0,0,False
11113,0,0,0,False
11114,0,0,0,False
11115,0,0,3,True
11116,0,0,0,False
11117,0,0,0,False
11118,0,0,2,True
11119,0,0,0,False
11120,0,0,3,True
11121,0,0,0,False
11122,0,0,0,False
11123,0,0,0,False
11124,0,0,0,False
11125,0,0,0,False
11126,0,0,0,False
11127,0,0,0,False
11128,0,0,0,False
11129,0,0,0,False
11130,0,0,0,False
11131,0,0,0,False
11132,0,0,0,False
11133,0,0,3,True
11134,0,0,3,True
11135,0,0,0,False
11136,0,0,3,True
11137,0,0,0,False
11138,0,0,3,True
11139,0,0,0,False
11140,0,0,0,False
11141,0,0,0,False
11142,0,0,0,False
11143,0,0,3,True
11144,0,0,3,True
11145,0,0,3,True
11146,0,0,3,True
11147,0,0,0,False
11148,0,0,0,False
11149,0,0,0,False
11150,0,0,3,True
11151,0,0,3,True
11152,0,0,0,False
11153,0,0,3,True
11154,0,0,0,False
11155,0,0,0,False
11156,0,0,0,False
11157,0,0,0,False
11158,0,0,3,True
11159,0,0,0,False
11160,0,0,0,False
11161,0,0,0,False
11162,0,0,3,True
11163,0,0,3,True
11164,0,0,2,True
11165,0,0,0,False
11166,0,0,0,False
11167,0,0,0,False
11168,0,0,0,False
11169,0,0,3,True
11170,0,0,0,False
11171,0,0,3,True
11172,0,0,3,True
11173,0,0,0,False
11174,0,0,0,False
11175,0,0,0,False
11176,0,0,3,True
11177,0,0,3,True
11178,0,0,0,False
11179,0,0,0,False
11180,0,0,3,True
11181,0,0,3,True
11182,0,0,0,False
11183,0,0,3,True
11184,0,0,0,False
11185,0,0,3,True
11186,0,0,0,False
11187,0,0,0,False
11188,0,0,0,False
11189,0,0,3,True
11190,0,0,0,False
11191,0,0,0,False
11192,0,0,0,False
11193,0,0,3,True
11194,0,0,0,False
11195,0,0,0,False
11196,0,0,0,False
11197,0,0,3,True
11198,0,0,0,False
11199,0,0,0,False
11200,0,0,3,True
11201,0,0,2,True
11202,0,0,3,True
11203,0,0,0,False
11204,0,0,0,False
11205,0,0,3,True
11206,0,0,0,False
11207,0,0,0,False
11208,0,0,3,True
11209,0,0,0,False
11210,0,0,3,True
11211,0,0,3,True
11212,0,0,0,False
11213,0,0,3,True
11214,0,0,0,False
11215,0,0,3,True
11216,0,0,0,False
11217,0,0,3,True
11218,0,0,0,False
11219,0,0,3,True
11220,0,0,0,False
11221,0,0,3,True
11222,0,0,0,False
11223,0,0,3,True
11224,0,0,3,True
11225,0,0,0,False
11226,0,0,3,True
11227,0,0,3,True
11228,0,0,3,True
11229,0,0,3,True
11230,0,0,0,False
11231,0,0,0,False
11232,0,0,3,True
11233,0,0,0,False
11234,0,0,0,False
11235,0,0,0,False
11236,0,0,3,True
11237,0,0,0,False
11238,0,0,3,True
11239,0,0,3,True
11240,0,0,0,False
11241,0,0,3,True
11242,0,0,0,False
11243,0,0,3,True
11244,0,0,3,True
11245,0,0,3,True
11246,0,0,3,True
11247,0,0,3,True
11248,0,0,0,False
11249,0,0,3,True
11250,0,0,3,True
11251,0,0,3,True
11252,0,0,0,False
11253,0,0,0,False
11254,0,0,0,False
11255,0,0,0,False
11256,0,0,3,True
11257,0,0,0,False
11258,0,0,0,False
11259,0,0,0,False
11260,0,0,0,False
11261,0,0,0,False
11262,0,0,0,False
11263,0,0,0,False
11264,0,0,0,False
11265,0,0,3,True
11266,0,0,0,False
11267,0,0,3,True
11268,0,0,0,False
11269,0,0,0,False
11270,0,0,3,True
11271,0,0,1,True
11272,0,0,0,False
11273,0,0,0,False
11274,0,0,0,False
11275,0,0,0,False
11276,0,0,0,False
11277,0,0,2,True
11278,0,0,3,True
11279,0,0,0,False
11280,0,0,3,True
11281,0,0,3,True
11282,0,0,3,True
11283,0,0,0,False
11284,0,0,0,False
11285,0,0,3,True
11286,0,0,0,False
11287,0,0,0,False
11288,0,0,0,False
11289,0,0,0,False
11290,0,0,0,False
11291,0,0,3,True
11292,0,0,0,False
11293,0,0,0,False
11294,0,0,0,False
11295,0,0,3,True
11296,0,0,3,True
11297,0,0,3,True
11298,0,0,0,False
11299,0,0,3,True
11300,0,0,0,False
11301,0,0,3,True
11302,0,0,3,True
11303,0,0,0,False
11304,0,0,0,False
11305,0,0,0,False
11306,0,0,3,True
11307,0,0,0,False
11308,0,0,2,True
11309,0,0,2,True
11310,0,0,0,False
11311,0,0,0,False
11312,0,0,3,True
11313,0,0,0,False
11314,0,0,0,False
11315,0,0,0,False
11316,0,0,3,True
11317,0,0,0,False
11318,0,0,2,True
11319,0,0,0,False
11320,0,0,3,True
11321,0,0,3,True
11322,0,0,3,True
11323,0,0,0,False
11324,0,0,0,False
11325,0,0,0,False
11326,0,0,3,True
11327,0,0,0,False
11328,0,0,0,False
11329,0,0,0,False
11330,0,0,3,True
11331,0,0,0,False
11332,0,0,3,True
11333,0,0,3,True
11334,0,0,3,True
11335,0,0,3,True
11336,0,0,3,True
11337,0,0,0,False
11338,0,0,0,False
11339,0,0,3,True
11340,0,0,0,False
11341,0,0,0,False
11342,0,0,0,False
11343,0,0,0,False
11344,0,0,0,False
11345,0,0,0,False
11346,0,0,0,False
11347,0,0,0,False
11348,0,0,3,True
11349,0,0,0,False
11350,0,0,3,True
11351,0,0,0,False
11352,0,0,0,False
11353,0,0,0,False
11354,0,0,3,True
11355,0,0,3,True
11356,0,0,3,True
11357,0,0,0,False
11358,0,0,0,False
11359,0,0,0,False
11360,0,0,3,True
11361,0,0,0,False
11362,0,0,0,False
11363,0,0,0,False
11364,0,0,3,True
11365,0,0,0,False
11366,0,0,0,False
11367,0,0,0,False
11368,0,0,0,False
11369,0,0,3,True
11370,0,0,3,True
11371,0,0,0,False
11372,0,0,3,True
11373,0,0,3,True
11374,0,0,3,True
11375,0,0,3,True
11376,0,0,3,True
11377,0,0,0,False
11378,0,0,0,False
11379,0,0,3,True
11380,0,0,0,False
11381,0,0,0,False
11382,0,0,0,False
11383,0,0,0,False
11384,0,0,3,True
11385,0,0,3,True
11386,0,0,0,False
11387,0,0,0,False
11388,0,0,3,True
11389,0,0,0,False
11390,0,0,3,True
11391,0,0,0,False
11392,0,0,0,False
11393,0,0,0,False
11394,0,0,3,True
11395,0,0,0,False
11396,0,0,3,True
11397,0,0,0,False
11398,0,0,3,True
11399,0,0,2,True
11400,0,0,0,False
11401,0,0,3,True
11402,0,0,0,False
11403,0,0,3,True
11404,0,0,3,True
11405,0,0,3,True
11406,0,0,3,True
11407,0,0,2,True
11408,0,0,3,True
11409,0,0,3,True
11410,0,0,3,True
11411,0,0,0,False
11412,0,0,0,False
11413,0,0,3,True
11414,0,0,3,True
11415,0,0,0,False
11416,0,0,0,False
11417,0,0,0,False
11418,0,0,0,False
11419,0,0,3,True
11420,0,0,3,True
11421,0,0,3,True
11422,0,0,0,False
11423,0,0,0,False
11424,0,0,3,True
11425,0,0,0,False
11426,0,0,3,True
11427,0,0,3,True
11428,0,0,0,False
11429,0,0,0,False
11430,0,0,3,True
11431,0,0,0,False
11432,0,0,3,True
11433,0,0,0,False
11434,0,0,0,False
11435,0,0,0,False
11436,0,0,3,True
11437,0,0,3,True
11438,0,0,0,False
11439,0,0,0,False
11440,0,0,3,True
11441,0,0,3,True
11442,0,0,0,False
11443,0,0,0,False
11444,0,0,0,False
11445,0,0,0,False
11446,0,0,3,True
11447,0,0,3,True
11448,0,0,3,True
11449,0,0,0,False
11450,0,0,3,True
11451,0,0,3,True
11452,0,0,0,False
11453,0,0,0,False
11454,0,0,2,True
11455,0,0,3,True
11456,0,0,3,True
11457,0,0,0,False
11458,0,0,0,False
11459,0,0,3,True
11460,0,0,2,True
11461,0,0,0,False
11462,0,0,0,False
11463,0,0,0,False
11464,0,0,3,True
11465,0,0,0,False
11466,0,0,0,False
11467,0,0,0,False
11468,0,0,0,False
11469,0,0,0,False
11470,0,0,0,False
11471,0,0,0,False
11472,0,0,0,False
11473,0,0,3,True
11474,0,0,3,True
11475,0,0,3,True
11476,0,0,0,False
11477,0,0,0,False
11478,0,0,0,False
11479,0,0,0,False
11480,0,0,3,True
11481,0,0,0,False
11482,0,0,0,False
11483,0,0,0,False
11484,0,0,0,False
11485,0,0,3,True
11486,0,0,0,False
11487,0,0,0,False
11488,0,0,0,False
11489,0,0,0,False
11490,0,0,0,False
11491,0,0,0,False
11492,0,0,3,True
11493,0,0,3,True
11494,0,0,3,True
11495,0,0,0,False
11496,0,0,3,True
11497,0,0,3,True
11498,0,0,2,True
11499,0,0,3,True
11500,0,0,0,False
11501,0,0,2,True
11502,0,0,0,False
11503,0,0,3,True
11504,0,0,0,False
11505,0,0,3,True
11506,0,0,0,False
11507,0,0,0,False
11508,0,0,3,True
11509,0,0,2,True
11510,0,0,3,True
11511,0,0,0,False
11512,0,0,3,True
11513,0,0,0,False
11514,0,0,0,False
11515,0,0,0,False
11516,0,0,0,False
11517,0,0,0,False
11518,0,0,0,False
11519,0,0,0,False
11520,0,0,3,True
11521,0,0,3,True
11522,0,0,0,False
11523,0,0,2,True
11524,0,0,0,False
11525,0,0,0,False
11526,0,0,3,True
11527,0,0,0,False
11528,0,0,0,False
11529,0,0,0,False
11530,0,0,0,False
11531,0,0,0,False
11532,0,0,0,False
11533,0,0,0,False
11534,0,0,0,False
11535,0,0,0,False
11536,0,0,0,False
11537,0,0,0,False
11538,0,0,3,True
11539,0,0,0,False
11540,0,0,3,True
11541,0,0,3,True
11542,0,0,0,False
11543,0,0,0,False
11544,0,0,0,False
11545,0,0,0,False
11546,0,0,0,False
11547,0,0,0,False
11548,0,0,0,False
11549,0,0,0,False
11550,0,0,0,False
11551,0,0,0,False
11552,0,0,0,False
11553,0,0,0,False
11554,0,0,3,True
11555,0,0,0,False
11556,0,0,3,True
11557,0,0,3,True
11558,0,0,3,True
11559,0,0,3,True
11560,0,0,3,True
11561,0,0,0,False
11562,0,0,3,True
11563,0,0,0,False
11564,0,0,0,False
11565,0,0,0,False
11566,0,0,2,True
11567,0,0,3,True
11568,0,0,3,True
11569,0,0,3,True
11570,0,0,0,False
11571,0,0,3,True
11572,0,0,0,False
11573,0,0,3,True
11574,0,0,0,False
11575,0,0,3,True
11576,0,0,0,False
11577,0,0,2,True
11578,0,0,0,False
11579,0,0,3,True
11580,0,0,3,True
11581,0,0,0,False
11582,0,0,3,True
11583,0,0,0,False
11584,0,0,3,True
11585,0,0,3,True
11586,0,0,0,False
11587,0,0,2,True
11588,0,0,0,False
11589,0,0,0,False
11590,0,0,0,False
11591,0,0,3,True
11592,0,0,3,True
11593,0,0,0,False
11594,0,0,0,False
11595,0,0,0,False
11596,0,0,0,False
11597,0,0,0,False
11598,0,0,0,False
11599,0,0,0,False
11600,0,0,0,False
11601,0,0,0,False
11602,0,0,0,False
11603,0,0,0,False
11604,0,0,3,True
11605,0,0,0,False
11606,0,0,0,False
11607,0,0,0,False
11608,0,0,0,False
11609,0,0,0,False
11610,0,0,3,True
11611,0,0,3,True
11612,0,0,0,False
11613,0,0,0,False
11614,0,0,3,True
11615,0,0,0,False
11616,0,0,3,True
11617,0,0,3,True
11618,0,0,3,True
11619,0,0,0,False
11620,0,0,0,False
11621,0,0,0,False
11622,0,0,0,False
11623,0,0,0,False
11624,0,0,3,True
11625,0,0,0,False
11626,0,0,0,False
11627,0,0,3,True
11628,0,0,0,False
11629,0,0,0,False
11630,0,0,0,False
11631,0,0,0,False
11632,0,0,0,False
11633,0,0,0,False
11634,0,0,1,True
11635,0,0,3,True
11636,0,0,0,False
11637,0,0,0,False
11638,0,0,3,True
11639,0,0,3,True
11640,0,0,0,False
11641,0,0,3,True
11642,0,0,3,True
11643,0,0,3,True
11644,0,0,0,False
11645,0,0,3,True
11646,0,0,3,True
11647,0,0,0,False
11648,0,0,3,True
11649,0,0,3,True
11650,0,0,0,False
11651,0,0,0,False
11652,0,0,3,True
11653,0,0,3,True
11654,0,0,3,True
11655,0,0,0,False
11656,0,0,3,True
11657,0,0,3,True
11658,0,0,3,True
11659,0,0,3,True
11660,0,0,0,False
11661,0,0,0,False
11662,0,0,3,True
11663,0,0,3,True
11664,0,0,0,False
11665,0,0,3,True
11666,0,0,0,False
11667,0,0,3,True
11668,0,0,0,False
11669,0,0,0,False
11670,0,0,3,True
11671,0,0,3,True
11672,0,3,3,False
11673,0,0,0,False
11674,0,0,3,True
11675,0,0,3,True
11676,0,0,3,True
11677,0,0,3,True
11678,0,0,0,False
11679,0,0,0,False
11680,0,0,0,False
11681,0,0,0,False
11682,0,0,3,True
11683,0,0,3,True
11684,0,0,0,False
11685,0,0,3,True
11686,0,0,0,False
11687,0,0,3,True
11688,0,0,0,False
11689,0,0,3,True
11690,0,0,0,False
11691,0,0,0,False
11692,0,0,0,False
11693,0,0,0,False
11694,0,0,3,True
11695,0,0,2,True
11696,0,0,3,True
11697,0,0,0,False
11698,0,0,3,True
11699,0,0,3,True
11700,0,0,3,True
11701,0,0,3,True
11702,0,0,0,False
11703,0,0,2,True
11704,0,0,0,False
11705,0,0,3,True
11706,0,0,2,True
11707,0,0,2,True
11708,0,0,3,True
11709,0,0,0,False
11710,0,0,0,False
11711,0,0,0,False
11712,0,0,0,False
11713,0,0,0,False
11714,0,0,3,True
11715,0,0,3,True
11716,0,0,0,False
11717,0,0,3,True
11718,0,0,3,True
11719,0,0,0,False
11720,0,0,0,False
11721,0,0,3,True
11722,0,0,0,False
11723,0,0,3,True
11724,0,0,3,True
11725,0,0,3,True
11726,0,0,0,False
11727,0,0,3,True
11728,0,0,3,True
11729,0,0,0,False
11730,0,0,0,False
11731,0,0,3,True
11732,0,0,0,False
11733,0,0,3,True
11734,0,0,0,False
11735,0,0,3,True
11736,0,0,3,True
11737,0,0,0,False
11738,0,0,3,True
11739,0,0,3,True
11740,0,0,3,True
11741,0,0,0,False
11742,0,0,3,True
11743,0,0,3,True
11744,0,0,3,True
11745,0,0,3,True
11746,0,0,0,False
11747,0,0,0,False
11748,0,0,0,False
11749,0,0,0,False
11750,0,0,3,True
11751,0,0,0,False
11752,0,0,0,False
11753,0,0,0,False
11754,0,0,0,False
11755,0,0,0,False
11756,0,0,0,False
11757,0,0,3,True
11758,0,0,0,False
11759,0,0,3,True
11760,0,0,0,False
11761,0,0,0,False
11762,0,0,3,True
11763,0,0,3,True
11764,0,0,3,True
11765,0,0,0,False
11766,0,0,0,False
11767,0,0,3,True
11768,0,0,0,False
11769,0,0,0,False
11770,0,0,0,False
11771,0,0,0,False
11772,0,0,0,False
11773,0,0,0,False
11774,0,0,0,False
11775,0,0,3,True
11776,0,0,3,True
11777,0,0,3,True
11778,0,0,0,False
11779,0,0,0,False
11780,0,0,0,False
11781,0,0,0,False
11782,0,0,3,True
11783,0,0,0,False
11784,0,0,2,True
11785,0,0,3,True
11786,0,0,0,False
11787,0,0,0,False
11788,0,0,3,True
11789,0,0,0,False
11790,0,0,3,True
11791,0,0,0,False
11792,0,0,3,True
11793,0,0,0,False
11794,0,0,3,True
11795,0,0,0,False
11796,0,0,3,True
11797,0,0,0,False
11798,0,0,0,False
11799,0,0,0,False
11800,0,0,0,False
11801,0,0,0,False
11802,0,0,0,False
11803,0,0,3,True
11804,0,0,0,False
11805,0,0,3,True
11806,0,0,0,False
11807,0,0,0,False
11808,0,0,3,True
11809,0,0,0,False
11810,0,0,3,True
11811,0,0,2,True
11812,0,0,1,True
11813,0,0,3,True
11814,0,0,0,False
11815,0,0,0,False
11816,0,0,0,False
11817,0,0,3,True
11818,0,0,3,True
11819,0,0,0,False
11820,0,0,3,True
11821,0,0,0,False
11822,0,0,0,False
11823,0,0,3,True
11824,0,0,0,False
11825,0,0,3,True
11826,0,0,0,False
11827,0,0,0,False
11828,0,0,0,False
11829,0,0,0,False
11830,0,0,0,False
11831,0,0,3,True
11832,0,0,0,False
11833,0,0,3,True
11834,0,0,0,False
11835,0,0,0,False
11836,0,0,3,True
11837,0,0,0,False
11838,0,0,3,True
11839,0,0,0,False
11840,0,0,0,False
11841,0,0,0,False
11842,0,0,0,False
11843,0,0,0,False
11844,0,0,0,False
11845,0,0,0,False
11846,0,0,3,True
11847,0,0,0,False
11848,0,0,0,False
11849,0,0,0,False
11850,0,0,0,False
11851,0,0,0,False
11852,0,0,3,True
11853,0,0,3,True
11854,0,0,0,False
11855,0,0,3,True
11856,0,0,3,True
11857,0,0,3,True
11858,0,0,0,False
11859,0,0,0,False
11860,0,0,0,False
11861,0,0,0,False
11862,0,0,3,True
11863,0,0,0,False
11864,0,0,3,True
11865,0,0,0,False
11866,0,0,0,False
11867,0,0,3,True
11868,0,0,0,False
11869,0,0,3,True
11870,0,0,0,False
11871,0,0,0,False
11872,0,0,0,False
11873,0,0,0,False
11874,0,0,0,False
11875,0,0,0,False
11876,0,0,0,False
11877,0,0,3,True
11878,0,0,3,True
11879,0,0,3,True
11880,0,0,0,False
11881,0,0,3,True
11882,0,0,3,True
11883,0,0,0,False
11884,0,0,0,False
11885,0,0,0,False
11886,0,0,3,True
11887,0,0,0,False
11888,0,0,0,False
11889,0,0,3,True
11890,0,0,0,False
11891,0,0,3,True
11892,0,0,0,False
11893,0,0,3,True
11894,0,0,0,False
11895,0,0,2,True
11896,0,0,0,False
11897,0,0,0,False
11898,0,0,3,True
11899,0,0,3,True
11900,0,0,3,True
11901,0,0,0,False
11902,0,0,3,True
11903,0,0,0,False
11904,0,0,3,True
11905,0,0,0,False
11906,0,0,3,True
11907,0,0,0,False
11908,0,0,3,True
11909,0,0,0,False
11910,0,0,0,False
11911,0,0,0,False
11912,0,0,3,True
11913,0,0,0,False
11914,0,0,3,True
11915,0,0,0,False
11916,0,0,3,True
11917,0,0,3,True
11918,0,0,0,False
11919,0,0,3,True
11920,0,0,0,False
11921,0,0,0,False
11922,0,0,3,True
11923,0,0,0,False
11924,0,0,0,False
11925,0,0,3,True
11926,0,0,0,False
11927,0,0,0,False
11928,0,0,3,True
11929,0,0,0,False
11930,0,0,0,False
11931,0,0,3,True
11932,0,0,3,True
11933,0,0,3,True
11934,0,0,0,False
11935,0,0,0,False
11936,0,0,0,False
11937,0,0,3,True
11938,0,0,0,False
11939,0,0,3,True
11940,0,0,0,False
11941,0,0,3,True
11942,0,0,0,False
11943,0,0,0,False
11944,0,0,0,False
11945,0,0,0,False
11946,0,0,3,True
11947,0,0,0,False
11948,0,0,3,True
11949,0,0,0,False
11950,0,0,0,False
11951,0,0,3,True
11952,0,0,0,False
11953,0,0,0,False
11954,0,0,3,True
11955,0,0,3,True
11956,0,0,0,False
11957,0,0,2,True
11958,0,0,0,False
11959,0,0,3,True
11960,0,0,3,True
11961,0,0,3,True
11962,0,0,3,True
11963,0,0,0,False
11964,0,0,0,False
11965,0,0,3,True
11966,0,0,0,False
11967,0,0,0,False
11968,0,0,0,False
11969,0,0,3,True
11970,0,0,0,False
11971,0,0,0,False
11972,0,0,3,True
11973,0,0,0,False
11974,0,0,0,False
11975,0,0,3,True
11976,0,0,3,True
11977,0,0,0,False
11978,0,0,0,False
11979,0,0,0,False
11980,0,0,0,False
11981,0,0,3,True
11982,0,0,3,True
11983,0,0,3,True
11984,0,0,3,True
11985,0,0,0,False
11986,0,0,3,True
11987,0,0,3,True
11988,0,0,0,False
11989,0,0,3,True
11990,0,0,3,True
11991,0,0,0,False
11992,0,0,0,False
11993,0,0,3,True
11994,0,0,0,False
11995,0,0,0,False
11996,0,1,3,False
11997,0,0,0,False
11998,0,0,0,False
11999,0,0,3,True
12000,0,0,0,False
12001,0,0,0,False
12002,0,0,0,False
12003,0,0,0,False
12004,0,0,3,True
12005,0,0,0,False
12006,0,0,3,True
12007,0,0,3,True
12008,0,0,0,False
12009,0,0,0,False
12010,0,0,0,False
12011,0,0,3,True
12012,0,0,3,True
12013,0,0,0,False
12014,0,0,0,False
12015,0,0,0,False
12016,0,0,0,False
12017,0,0,3,True
12018,0,0,3,True
12019,0,0,0,False
12020,0,0,0,False
12021,0,0,0,False
12022,0,0,0,False
12023,0,0,0,False
12024,0,0,0,False
12025,0,0,0,False
12026,0,0,0,False
12027,0,0,3,True
12028,0,0,0,False
12029,0,0,3,True
12030,0,0,0,False
12031,0,0,2,True
12032,0,0,0,False
12033,0,0,3,True
12034,0,0,0,False
12035,0,0,0,False
12036,0,0,3,True
12037,0,0,3,True
12038,0,0,0,False
12039,0,0,3,True
12040,0,0,3,True
12041,0,0,0,False
12042,0,0,0,False
12043,0,0,0,False
12044,0,0,0,False
12045,0,0,3,True
12046,0,0,0,False
12047,0,0,0,False
12048,0,0,0,False
12049,0,0,0,False
12050,0,0,0,False
12051,0,0,0,False
12052,0,0,0,False
12053,0,0,0,False
12054,0,0,0,False
12055,0,0,0,False
12056,0,0,0,False
12057,0,0,3,True
12058,0,0,0,False
12059,0,0,0,False
12060,0,0,3,True
12061,0,0,0,False
12062,0,0,0,False
12063,0,0,0,False
12064,0,0,0,False
12065,0,0,3,True
12066,0,0,3,True
12067,0,0,0,False
12068,0,0,0,False
12069,0,0,3,True
12070,0,0,0,False
12071,0,0,0,False
12072,0,0,0,False
12073,0,2,3,False
12074,0,0,3,True
12075,0,0,0,False
12076,0,0,3,True
12077,0,0,3,True
12078,0,0,1,True
12079,0,0,0,False
12080,0,0,3,True
12081,0,0,0,False
12082,0,0,0,False
12083,0,0,0,False
12084,0,0,0,False
12085,0,0,0,False
12086,0,0,0,False
12087,0,0,0,False
12088,0,0,3,True
12089,0,0,0,False
12090,0,0,3,True
12091,0,0,3,True
12092,0,0,0,False
12093,0,0,0,False
12094,0,0,0,False
12095,0,0,3,True
12096,0,0,0,False
12097,0,0,0,False
12098,0,0,0,False
12099,0,0,3,True
12100,0,0,0,False
12101,0,0,3,True
12102,0,0,0,False
12103,0,0,3,True
12104,0,0,0,False
12105,0,0,3,True
12106,0,0,3,True
12107,0,0,0,False
12108,0,0,0,False
12109,0,0,0,False
12110,0,0,3,True
12111,0,0,3,True
12112,0,0,3,True
12113,0,0,3,True
12114,0,0,3,True
12115,0,0,0,False
12116,0,0,3,True
12117,0,0,3,True
12118,0,0,0,False
12119,0,0,3,True
12120,0,0,3,True
12121,0,0,0,False
12122,0,0,0,False
12123,0,0,0,False
12124,0,0,0,False
12125,0,0,2,True
12126,0,0,3,True
12127,0,0,0,False
12128,0,0,3,True
12129,0,0,0,False
12130,0,0,0,False
12131,0,0,0,False
12132,0,0,0,False
12133,0,0,0,False
12134,0,0,0,False
12135,0,0,0,False
12136,0,0,3,True
12137,0,0,0,False
12138,0,0,3,True
12139,0,0,3,True
12140,0,0,0,False
12141,0,0,0,False
12142,0,0,0,False
12143,0,0,0,False
12144,0,0,0,False
12145,0,0,3,True
12146,0,0,3,True
12147,0,0,0,False
12148,0,0,0,False
12149,0,0,3,True
12150,0,0,3,True
12151,0,0,3,True
12152,0,0,3,True
12153,0,0,0,False
12154,0,0,0,False
12155,0,0,0,False
12156,0,0,0,False
12157,0,0,0,False
12158,0,0,3,True
12159,0,0,3,True
12160,0,0,0,False
12161,0,0,0,False
12162,0,0,0,False
12163,0,0,0,False
12164,0,0,3,True
12165,0,0,3,True
12166,0,0,3,True
12167,0,0,0,False
12168,0,0,3,True
12169,0,0,3,True
12170,0,0,3,True
12171,0,0,0,False
12172,0,0,0,False
12173,0,0,0,False
12174,0,0,3,True
12175,0,0,0,False
12176,0,0,0,False
12177,0,0,3,True
12178,0,0,3,True
12179,0,0,3,True
12180,0,0,3,True
12181,0,0,0,False
12182,0,0,3,True
12183,0,0,0,False
12184,0,0,0,False
12185,0,0,3,True
12186,0,0,0,False
12187,0,0,0,False
12188,0,0,0,False
12189,0,0,0,False
12190,0,0,0,False
12191,0,0,0,False
12192,0,0,0,False
12193,0,0,0,False
12194,0,0,0,False
12195,0,0,0,False
12196,0,0,0,False
12197,0,0,3,True
12198,0,0,3,True
12199,0,0,3,True
12200,0,0,3,True
12201,0,0,0,False
12202,0,0,0,False
12203,0,0,0,False
12204,0,0,0,False
12205,0,0,3,True
12206,0,0,0,False
12207,0,0,0,False
12208,0,0,2,True
12209,0,0,3,True
12210,0,0,3,True
12211,0,0,3,True
12212,0,0,0,False
12213,0,0,0,False
12214,0,0,0,False
12215,0,0,3,True
12216,0,0,3,True
12217,0,0,0,False
12218,0,0,3,True
12219,0,0,0,False
12220,0,0,0,False
12221,0,0,0,False
12222,0,0,3,True
12223,0,0,3,True
12224,0,0,3,True
12225,0,0,0,False
12226,0,0,0,False
12227,0,0,0,False
12228,0,0,0,False
12229,0,0,3,True
12230,0,0,3,True
12231,0,0,0,False
12232,0,0,3,True
12233,0,0,0,False
12234,0,0,0,False
12235,0,0,0,False
12236,0,0,0,False
12237,0,0,3,True
12238,0,0,0,False
12239,0,0,0,False
12240,0,0,3,True
12241,0,0,0,False
12242,0,0,0,False
12243,0,0,0,False
12244,0,0,3,True
12245,0,0,3,True
12246,0,0,3,True
12247,0,0,3,True
12248,0,0,0,False
12249,0,0,0,False
12250,0,0,0,False
12251,0,0,0,False
12252,0,0,0,False
12253,0,0,0,False
12254,0,0,0,False
12255,0,0,0,False
12256,0,0,0,False
12257,0,0,0,False
12258,0,0,3,True
12259,0,0,0,False
12260,0,0,3,True
12261,0,0,3,True
12262,0,0,0,False
12263,0,0,0,False
12264,0,0,0,False
12265,0,0,3,True
12266,0,0,3,True
12267,0,0,0,False
12268,0,0,3,True
12269,0,0,3,True
12270,0,0,3,True
12271,0,0,3,True
12272,0,0,0,False
12273,0,0,3,True
12274,0,0,0,False
12275,0,0,0,False
12276,0,0,0,False
12277,0,0,0,False
12278,0,0,3,True
12279,0,0,0,False
12280,0,0,0,False
12281,0,0,3,True
12282,0,0,3,True
12283,0,0,3,True
12284,0,0,0,False
12285,0,0,3,True
12286,0,0,3,True
12287,0,0,0,False
12288,0,0,0,False
12289,0,0,3,True
12290,0,0,0,False
12291,0,0,0,False
12292,0,0,3,True
12293,0,0,3,True
12294,0,0,0,False
12295,0,0,3,True
12296,0,0,3,True
12297,0,0,0,False
12298,0,0,3,True
12299,0,0,3,True
12300,0,0,2,True
12301,0,0,0,False
12302,0,0,3,True
12303,0,0,0,False
12304,0,0,0,False
12305,0,0,3,True
12306,0,0,0,False
12307,0,0,3,True
12308,0,0,0,False
12309,0,0,3,True
12310,0,0,0,False
12311,0,0,0,False
12312,0,0,0,False
12313,0,0,0,False
12314,0,0,0,False
12315,0,0,0,False
12316,0,0,3,True
12317,0,0,0,False
12318,0,0,3,True
12319,0,0,3,True
12320,0,0,0,False
12321,0,0,0,False
12322,0,0,0,False
12323,0,0,3,True
12324,0,0,0,False
12325,0,0,1,True
12326,0,0,3,True
12327,0,0,3,True
12328,0,0,0,False
12329,0,0,0,False
12330,0,0,3,True
12331,0,0,0,False
12332,0,0,0,False
12333,0,0,3,True
12334,0,0,0,False
12335,0,0,0,False
12336,0,0,3,True
12337,0,0,0,False
12338,0,0,0,False
12339,0,0,2,True
12340,0,0,0,False
12341,0,0,0,False
12342,0,0,0,False
12343,0,0,3,True
12344,0,0,0,False
12345,0,0,0,False
12346,0,0,0,False
12347,0,0,0,False
12348,0,0,3,True
12349,0,0,3,True
12350,0,0,0,False
12351,0,0,0,False
12352,0,0,3,True
12353,0,0,3,True
12354,0,0,0,False
12355,0,0,0,False
12356,0,0,0,False
12357,0,0,0,False
12358,0,0,0,False
12359,0,0,0,False
12360,0,0,0,False
12361,0,0,3,True
12362,0,0,0,False
12363,0,0,3,True
12364,0,0,0,False
12365,0,0,0,False
12366,0,0,0,False
12367,0,0,0,False
12368,0,0,3,True
12369,0,0,0,False
12370,0,0,0,False
12371,0,0,3,True
12372,0,0,0,False
12373,0,0,0,False
12374,0,0,3,True
12375,0,0,0,False
12376,0,0,0,False
12377,0,0,3,True
12378,0,0,0,False
12379,0,0,3,True
12380,0,0,3,True
12381,0,0,3,True
12382,0,0,0,False
12383,0,0,0,False
12384,0,0,3,True
12385,0,0,0,False
12386,0,0,0,False
12387,0,0,0,False
12388,0,0,3,True
12389,0,0,3,True
12390,0,0,0,False
12391,0,0,3,True
12392,0,0,0,False
12393,0,0,3,True
12394,0,0,0,False
12395,0,0,3,True
12396,0,0,3,True
12397,0,0,0,False
12398,0,0,0,False
12399,0,0,0,False
12400,0,0,3,True
12401,0,0,0,False
12402,0,0,0,False
12403,0,0,0,False
12404,0,0,0,False
12405,0,0,0,False
12406,0,0,0,False
12407,0,0,0,False
12408,0,1,0,False
12409,0,0,2,True
12410,0,0,0,False
12411,0,0,0,False
12412,0,0,3,True
12413,0,0,0,False
12414,0,0,0,False
12415,0,0,0,False
12416,0,0,0,False
12417,0,0,3,True
12418,0,0,0,False
12419,0,0,3,True
12420,0,0,0,False
12421,0,0,3,True
12422,0,0,0,False
12423,0,0,3,True
12424,0,0,2,True
12425,0,0,3,True
12426,0,0,0,False
12427,0,0,0,False
12428,0,0,0,False
12429,0,0,3,True
12430,0,0,3,True
12431,0,0,3,True
12432,0,0,0,False
12433,0,0,0,False
12434,0,0,3,True
12435,0,0,3,True
12436,0,0,0,False
12437,0,0,0,False
12438,0,0,3,True
12439,0,0,0,False
12440,0,0,3,True
12441,0,0,0,False
12442,0,0,0,False
12443,0,0,0,False
12444,0,0,3,True
12445,0,0,3,True
12446,0,0,3,True
12447,0,0,0,False
12448,0,0,0,False
12449,0,0,0,False
12450,0,0,3,True
12451,0,0,0,False
12452,0,0,3,True
12453,0,0,3,True
12454,0,0,3,True
12455,0,0,3,True
12456,0,0,0,False
12457,0,0,3,True
12458,0,0,0,False
12459,0,0,3,True
12460,0,0,0,False
12461,0,0,3,True
12462,0,0,3,True
12463,0,0,0,False
12464,0,0,0,False
12465,0,0,3,True
12466,0,0,3,True
12467,0,0,0,False
12468,0,0,0,False
12469,0,0,0,False
12470,0,0,3,True
12471,0,0,0,False
12472,0,0,0,False
12473,0,0,0,False
12474,0,0,3,True
12475,0,0,0,False
12476,0,0,3,True
12477,0,0,3,True
12478,0,0,3,True
12479,0,0,0,False
12480,0,0,3,True
12481,0,0,3,True
12482,0,0,0,False
12483,0,0,0,False
12484,0,0,0,False
12485,0,0,3,True
12486,0,0,0,False
12487,0,0,3,True
12488,0,0,0,False
12489,0,0,0,False
12490,0,0,0,False
12491,0,0,2,True
12492,0,0,0,False
12493,0,0,0,False
12494,0,0,0,False
12495,0,0,3,True
12496,0,0,0,False
12497,0,0,3,True
12498,0,0,0,False
12499,0,0,0,False
12500,0,0,3,True
12501,0,0,0,False
12502,0,0,3,True
12503,0,0,0,False
12504,0,0,3,True
12505,0,0,3,True
12506,0,0,0,False
12507,0,0,0,False
12508,0,0,3,True
12509,0,0,0,False
12510,0,0,0,False
12511,0,0,0,False
12512,0,0,3,True
12513,0,0,0,False
12514,0,0,3,True
12515,0,0,0,False
12516,0,0,0,False
12517,0,0,3,True
12518,0,0,3,True
12519,0,0,0,False
12520,0,0,0,False
12521,0,0,0,False
12522,0,0,0,False
12523,0,0,0,False
12524,0,0,3,True
12525,0,0,0,False
12526,0,0,3,True
12527,0,0,3,True
12528,0,0,0,False
12529,0,0,0,False
12530,0,0,3,True
12531,0,0,3,True
12532,0,0,0,False
12533,0,0,3,True
12534,0,0,0,False
12535,0,0,3,True
12536,0,0,3,True
12537,0,0,0,False
12538,0,0,3,True
12539,0,0,3,True
12540,0,0,3,True
12541,0,0,3,True
12542,0,0,3,True
12543,0,0,3,True
12544,0,0,0,False
12545,0,0,3,True
12546,0,0,2,True
12547,0,0,3,True
12548,0,0,0,False
12549,0,0,0,False
12550,0,0,0,False
12551,0,0,0,False
12552,0,0,0,False
12553,0,0,0,False
12554,0,0,3,True
12555,0,0,3,True
12556,0,0,0,False
12557,0,0,3,True
12558,0,0,0,False
12559,0,0,0,False
12560,0,0,2,True
12561,0,0,0,False
12562,0,0,0,False
12563,0,0,0,False
12564,0,0,0,False
12565,0,0,0,False
12566,0,0,3,True
12567,0,0,0,False
12568,0,0,0,False
12569,0,0,0,False
12570,0,0,3,True
12571,0,0,0,False
12572,0,0,0,False
12573,0,0,2,True
12574,0,0,3,True
12575,0,0,0,False
12576,0,0,0,False
12577,0,0,3,True
12578,0,0,0,False
12579,0,0,0,False
12580,0,0,0,False
12581,0,0,0,False
12582,0,0,0,False
12583,0,0,3,True
12584,0,0,0,False
12585,0,0,3,True
12586,0,0,3,True
12587,0,0,3,True
12588,0,0,3,True
12589,0,0,0,False
12590,0,0,3,True
12591,0,0,3,True
12592,0,0,0,False
12593,0,0,0,False
12594,0,0,0,False
12595,0,0,0,False
12596,0,0,0,False
12597,0,0,0,False
12598,0,0,3,True
12599,0,0,0,False
12600,0,0,3,True
12601,0,0,0,False
12602,0,0,0,False
12603,0,0,0,False
12604,0,0,0,False
12605,0,0,3,True
12606,0,0,3,True
12607,0,0,0,False
12608,0,0,0,False
12609,0,0,3,True
12610,0,0,0,False
12611,0,0,3,True
12612,0,0,0,False
12613,0,0,0,False
12614,0,0,0,False
12615,0,0,0,False
12616,0,0,3,True
12617,0,0,3,True
12618,0,0,0,False
12619,0,0,0,False
12620,0,0,0,False
12621,0,0,0,False
12622,0,0,0,False
12623,0,0,0,False
12624,0,0,0,False
12625,0,0,0,False
12626,0,0,3,True
12627,0,0,0,False
12628,0,0,0,False
12629,0,0,0,False
12630,0,0,3,True
12631,0,0,3,True
12632,0,0,0,False
12633,0,0,0,False
12634,0,0,0,False
12635,0,0,0,False
12636,0,0,0,False
12637,0,0,3,True
12638,0,0,3,True
12639,0,0,0,False
12640,0,0,3,True
12641,0,0,0,False
12642,0,0,0,False
12643,0,0,0,False
12644,0,0,0,False
12645,0,0,3,True
12646,0,0,0,False
12647,0,0,2,True
12648,0,0,3,True
12649,0,0,0,False
12650,0,0,0,False
12651,0,0,0,False
12652,0,0,0,False
12653,0,0,3,True
12654,0,0,3,True
12655,0,0,0,False
12656,0,0,3,True
12657,0,0,0,False
12658,0,0,3,True
12659,0,0,2,True
12660,0,0,0,False
12661,0,0,0,False
12662,0,0,3,True
12663,0,0,3,True
12664,0,0,3,True
12665,0,0,0,False
12666,0,0,0,False
12667,0,0,3,True
12668,0,0,3,True
12669,0,0,3,True
12670,0,0,0,False
12671,0,0,3,True
12672,0,0,0,False
12673,0,0,3,True
12674,0,0,0,False
12675,0,0,0,False
12676,0,0,0,False
12677,0,0,0,False
12678,0,0,0,False
12679,0,0,0,False
12680,0,0,0,False
12681,0,0,0,False
12682,0,0,3,True
12683,0,0,3,True
12684,0,0,0,False
12685,0,0,0,False
12686,0,0,0,False
12687,0,0,3,True
12688,0,0,0,False
12689,0,0,0,False
12690,0,0,0,False
12691,0,0,0,False
12692,0,0,0,False
12693,0,0,0,False
12694,0,0,0,False
12695,0,0,0,False
12696,0,0,0,False
12697,0,0,3,True
12698,0,0,0,False
12699,0,0,0,False
12700,0,0,0,False
12701,0,0,0,False
12702,0,0,3,True
12703,0,0,3,True
12704,0,0,3,True
12705,0,0,0,False
12706,0,0,0,False
12707,0,0,3,True
12708,0,0,0,False
12709,0,0,3,True
12710,0,0,3,True
12711,0,0,0,False
12712,0,0,0,False
12713,0,0,0,False
12714,0,0,0,False
12715,0,0,0,False
12716,0,0,0,False
12717,0,0,0,False
12718,0,0,0,False
12719,0,0,0,False
12720,0,0,0,False
12721,0,0,0,False
12722,0,0,0,False
12723,0,0,3,True
12724,0,0,0,False
12725,0,0,3,True
12726,0,0,0,False
12727,0,0,0,False
12728,0,0,0,False
12729,0,0,0,False
12730,0,0,0,False
12731,0,0,0,False
12732,0,0,3,True
12733,0,0,3,True
12734,0,0,3,True
12735,0,0,3,True
12736,0,0,0,False
12737,0,0,0,False
12738,0,0,0,False
12739,0,0,3,True
12740,0,0,0,False
12741,0,0,0,False
12742,0,0,3,True
12743,0,0,0,False
12744,0,0,0,False
12745,0,0,3,True
12746,0,0,3,True
12747,0,0,0,False
12748,0,0,0,False
12749,0,0,3,True
12750,0,0,3,True
12751,0,0,3,True
12752,0,0,3,True
12753,0,0,3,True
12754,0,0,0,False
12755,0,0,3,True
12756,0,0,0,False
12757,0,0,0,False
12758,0,0,3,True
12759,0,0,0,False
12760,0,0,3,True
12761,0,0,0,False
12762,0,0,3,True
12763,0,0,3,True
12764,0,0,0,False
12765,0,0,3,True
12766,0,0,0,False
12767,0,0,3,True
12768,0,0,0,False
12769,0,0,3,True
12770,0,0,0,False
12771,0,0,0,False
12772,0,0,0,False
12773,0,0,3,True
12774,0,0,1,True
12775,0,0,0,False
12776,0,0,0,False
12777,0,0,0,False
12778,0,0,3,True
12779,0,0,3,True
12780,0,0,1,True
12781,0,0,0,False
12782,0,0,3,True
12783,0,0,3,True
12784,0,0,3,True
12785,0,0,3,True
12786,0,0,3,True
12787,0,0,0,False
12788,0,0,0,False
12789,0,0,0,False
12790,0,0,0,False
12791,0,0,3,True
12792,0,0,0,False
12793,0,0,0,False
12794,0,0,0,False
12795,0,0,0,False
12796,0,0,3,True
12797,0,0,3,True
12798,0,0,0,False
12799,0,0,3,True
12800,0,0,0,False
12801,0,0,3,True
12802,0,0,0,False
12803,0,0,0,False
12804,0,0,3,True
12805,0,0,3,True
12806,0,0,3,True
12807,0,0,0,False
12808,0,0,0,False
12809,0,0,0,False
12810,0,0,0,False
12811,0,0,3,True
12812,0,0,3,True
12813,0,0,3,True
12814,0,0,0,False
12815,0,0,3,True
12816,0,0,0,False
12817,0,0,0,False
12818,0,0,0,False
12819,0,0,0,False
12820,0,0,3,True
12821,0,0,3,True
12822,0,0,3,True
12823,0,0,0,False
12824,0,0,3,True
12825,0,0,3,True
12826,0,0,0,False
12827,0,0,3,True
12828,0,0,3,True
12829,0,0,0,False
12830,0,0,3,True
12831,0,0,0,False
12832,0,0,0,False
12833,0,0,0,False
12834,0,0,0,False
12835,0,0,0,False
12836,0,0,0,False
12837,0,0,3,True
12838,0,0,0,False
12839,0,0,0,False
12840,0,0,3,True
12841,0,0,0,False
12842,0,0,0,False
12843,0,0,0,False
12844,0,0,0,False
12845,0,0,3,True
12846,0,0,3,True
12847,0,0,3,True
12848,0,0,0,False
12849,0,0,3,True
12850,0,0,3,True
12851,0,0,0,False
12852,0,0,3,True
12853,0,0,3,True
12854,0,0,0,False
12855,0,0,3,True
12856,0,0,3,True
12857,0,0,0,False
12858,0,0,0,False
12859,0,0,3,True
12860,0,0,3,True
12861,0,0,0,False
12862,0,0,0,False
12863,0,0,0,False
12864,0,0,0,False
12865,0,0,0,False
12866,0,0,0,False
12867,0,0,3,True
12868,0,0,3,True
12869,0,0,0,False
12870,0,0,3,True
12871,0,0,3,True
12872,0,0,3,True
12873,0,0,3,True
12874,0,0,0,False
12875,0,0,0,False
12876,0,0,3,True
12877,0,0,0,False
12878,0,0,0,False
12879,0,0,3,True
12880,0,0,0,False
12881,0,0,3,True
12882,0,0,3,True
12883,0,0,0,False
12884,0,0,0,False
12885,0,0,0,False
12886,0,0,3,True
12887,0,0,0,False
12888,0,0,3,True
12889,0,0,0,False
12890,0,0,3,True
12891,0,0,0,False
12892,0,0,3,True
12893,0,0,3,True
12894,0,0,3,True
12895,0,0,3,True
12896,0,0,0,False
12897,0,0,3,True
12898,0,0,0,False
12899,0,0,3,True
12900,0,0,0,False
12901,0,0,0,False
12902,0,0,3,True
12903,0,0,0,False
12904,0,0,3,True
12905,0,0,3,True
12906,0,0,0,False
12907,0,0,0,False
12908,0,0,0,False
12909,0,0,0,False
12910,0,0,0,False
12911,0,0,0,False
12912,0,0,0,False
12913,0,0,3,True
12914,0,0,3,True
12915,0,0,0,False
12916,0,0,1,True
12917,0,0,1,True
12918,0,0,0,False
12919,0,0,0,False
12920,0,0,3,True
12921,0,0,3,True
12922,0,0,0,False
12923,0,0,0,False
12924,0,0,3,True
12925,0,0,3,True
12926,0,0,3,True
12927,0,0,0,False
12928,0,0,0,False
12929,0,0,0,False
12930,0,0,3,True
12931,0,0,3,True
12932,0,0,0,False
12933,0,0,0,False
12934,0,0,0,False
12935,0,0,3,True
12936,0,0,0,False
12937,0,0,0,False
12938,0,0,3,True
12939,0,0,0,False
12940,0,0,0,False
12941,0,0,0,False
12942,0,0,3,True
12943,0,0,0,False
12944,0,0,3,True
12945,0,0,3,True
12946,0,0,0,False
12947,0,0,3,True
12948,0,0,3,True
12949,0,0,0,False
12950,0,0,0,False
12951,0,0,2,True
12952,0,0,0,False
12953,0,0,3,True
12954,0,0,0,False
12955,0,0,0,False
12956,0,0,3,True
12957,0,0,3,True
12958,0,0,3,True
12959,0,0,0,False
12960,0,0,3,True
12961,0,0,0,False
12962,0,0,3,True
12963,0,0,3,True
12964,0,0,3,True
12965,0,0,0,False
12966,0,0,0,False
12967,0,0,0,False
12968,0,0,3,True
12969,0,0,3,True
12970,0,0,0,False
12971,0,0,0,False
12972,0,0,0,False
12973,0,0,0,False
12974,0,0,3,True
12975,0,0,3,True
12976,0,0,0,False
12977,0,0,0,False
12978,0,0,0,False
12979,0,0,3,True
12980,0,0,3,True
12981,0,0,0,False
12982,0,0,0,False
12983,0,0,3,True
12984,0,0,3,True
12985,0,0,0,False
12986,0,0,3,True
12987,0,3,3,False
12988,0,0,0,False
12989,0,0,0,False
12990,0,0,3,True
12991,0,0,0,False
12992,0,0,0,False
12993,0,0,3,True
12994,0,0,0,False
12995,0,0,3,True
12996,0,0,3,True
12997,0,0,3,True
12998,0,0,3,True
12999,0,0,0,False
13000,0,0,3,True
13001,0,0,3,True
13002,0,0,3,True
13003,0,0,0,False
13004,0,0,0,False
13005,0,0,3,True
13006,0,0,0,False
13007,0,0,3,True
13008,0,0,0,False
13009,0,0,0,False
13010,0,0,0,False
13011,0,0,0,False
13012,0,0,3,True
13013,0,0,0,False
13014,0,0,0,False
13015,0,0,3,True
13016,0,0,0,False
13017,0,0,0,False
13018,0,0,0,False
13019,0,0,0,False
13020,0,0,3,True
13021,0,0,0,False
13022,0,0,0,False
13023,0,0,3,True
13024,0,0,3,True
13025,0,0,0,False
13026,0,0,3,True
13027,0,0,3,True
13028,0,0,0,False
13029,0,0,0,False
13030,0,0,0,False
13031,0,0,3,True
13032,0,0,0,False
13033,0,0,3,True
13034,0,0,0,False
13035,0,0,3,True
13036,0,0,0,False
13037,0,0,3,True
13038,0,0,3,True
13039,0,0,3,True
13040,0,0,3,True
13041,0,0,3,True
13042,0,0,0,False
13043,0,0,3,True
13044,0,0,0,False
13045,0,0,0,False
13046,0,0,3,True
13047,0,0,0,False
13048,0,0,0,False
13049,0,0,1,True
13050,0,0,3,True
13051,0,0,0,False
13052,0,0,0,False
13053,0,0,3,True
13054,0,0,3,True
13055,0,0,3,True
13056,0,0,3,True
13057,0,0,0,False
13058,0,0,0,False
13059,0,0,0,False
13060,0,0,0,False
13061,0,0,3,True
13062,0,0,3,True
13063,0,0,3,True
13064,0,0,0,False
13065,0,0,0,False
13066,0,0,3,True
13067,0,0,0,False
13068,0,0,3,True
13069,0,0,0,False
13070,0,0,3,True
13071,0,0,0,False
13072,0,0,0,False
13073,0,0,3,True
13074,0,0,0,False
13075,0,0,0,False
13076,0,0,0,False
13077,0,0,0,False
13078,0,0,3,True
13079,0,0,0,False
13080,0,0,0,False
13081,0,0,0,False
13082,0,0,3,True
13083,0,0,0,False
13084,0,0,0,False
13085,0,0,0,False
13086,0,0,0,False
13087,0,0,0,False
13088,0,0,0,False
13089,0,0,0,False
13090,0,0,2,True
13091,0,0,0,False
13092,0,0,3,True
13093,0,0,0,False
13094,0,0,0,False
13095,0,0,0,False
13096,0,0,0,False
13097,0,0,3,True
13098,0,0,0,False
13099,0,0,3,True
13100,0,0,3,True
13101,0,0,0,False
13102,0,0,0,False
13103,0,0,0,False
13104,0,0,0,False
13105,0,0,0,False
13106,0,0,3,True
13107,0,0,0,False
13108,0,0,3,True
13109,0,0,0,False
13110,0,0,3,True
13111,0,0,0,False
13112,0,0,0,False
13113,0,0,3,True
13114,0,0,3,True
13115,0,0,0,False
13116,0,0,0,False
13117,0,0,0,False
13118,0,0,3,True
13119,0,0,3,True
13120,0,0,0,False
13121,0,0,0,False
13122,0,0,3,True
13123,0,0,0,False
13124,0,0,3,True
13125,0,0,3,True
13126,0,0,0,False
13127,0,0,3,True
13128,0,0,3,True
13129,0,0,0,False
13130,0,0,0,False
13131,0,0,3,True
13132,0,0,0,False
13133,0,0,0,False
13134,0,0,3,True
13135,0,0,3,True
13136,0,0,0,False
13137,0,0,0,False
13138,0,0,3,True
13139,0,0,3,True
13140,0,0,0,False
13141,0,0,0,False
13142,0,0,0,False
13143,0,0,3,True
13144,0,0,3,True
13145,0,0,0,False
13146,0,0,3,True
13147,0,0,3,True
13148,0,0,3,True
13149,0,0,3,True
13150,0,0,0,False
13151,0,0,0,False
13152,0,0,3,True
13153,0,0,0,False
13154,0,0,3,True
13155,0,0,3,True
13156,0,0,1,True
13157,0,0,3,True
13158,0,0,0,False
13159,0,0,0,False
13160,0,0,3,True
13161,0,0,0,False
13162,0,0,3,True
13163,0,0,0,False
13164,0,0,0,False
13165,0,0,2,True
13166,0,0,3,True
13167,0,0,0,False
13168,0,0,3,True
13169,0,0,3,True
13170,0,0,0,False
13171,0,0,0,False
13172,0,0,3,True
13173,0,0,0,False
13174,0,0,0,False
13175,0,0,0,False
13176,0,0,0,False
13177,0,0,3,True
13178,0,0,3,True
13179,0,0,0,False
13180,0,0,0,False
13181,0,0,0,False
13182,0,0,0,False
13183,0,0,0,False
13184,0,0,3,True
13185,0,0,0,False
13186,0,0,0,False
13187,0,0,0,False
13188,0,0,3,True
13189,0,0,3,True
13190,0,0,0,False
13191,0,0,3,True
13192,0,0,3,True
13193,0,0,3,True
13194,0,0,0,False
13195,0,0,3,True
13196,0,0,3,True
13197,0,0,0,False
13198,0,0,0,False
13199,0,0,3,True
13200,0,0,3,True
13201,0,0,0,False
13202,0,0,3,True
13203,0,0,0,False
13204,0,0,0,False
13205,0,0,0,False
13206,0,0,0,False
13207,0,0,0,False
13208,0,0,0,False
13209,0,0,0,False
13210,0,0,0,False
13211,0,0,0,False
13212,0,0,0,False
13213,0,0,3,True
13214,0,0,3,True
13215,0,0,0,False
13216,0,0,0,False
13217,0,0,0,False
13218,0,0,3,True
13219,0,0,3,True
13220,0,0,0,False
13221,0,0,0,False
13222,0,0,0,False
13223,0,0,3,True
13224,0,0,3,True
13225,0,0,0,False
13226,0,0,0,False
13227,0,0,2,True
13228,0,0,3,True
13229,0,0,0,False
13230,0,0,0,False
13231,0,0,2,True
13232,0,0,0,False
13233,0,0,2,True
13234,0,0,0,False
13235,0,0,0,False
13236,0,0,0,False
13237,0,0,0,False
13238,0,0,3,True
13239,0,0,3,True
13240,0,0,3,True
13241,0,0,3,True
13242,0,0,3,True
13243,0,0,3,True
13244,0,0,0,False
13245,0,0,3,True
13246,0,0,0,False
13247,0,0,0,False
13248,0,0,0,False
13249,0,0,0,False
13250,0,0,0,False
13251,0,0,3,True
13252,0,0,3,True
13253,0,0,0,False
13254,0,0,0,False
13255,0,0,1,True
13256,0,0,3,True
13257,0,0,3,True
13258,0,0,0,False
13259,0,0,3,True
13260,0,0,3,True
13261,0,0,0,False
13262,0,0,0,False
13263,0,0,0,False
13264,0,0,3,True
13265,0,0,0,False
13266,0,0,0,False
13267,0,0,3,True
13268,0,0,0,False
13269,0,0,0,False
13270,0,0,0,False
13271,0,0,3,True
13272,0,0,3,True
13273,0,0,3,True
13274,0,0,0,False
13275,0,0,3,True
13276,0,0,3,True
13277,0,0,0,False
13278,0,0,0,False
13279,0,0,3,True
13280,0,0,0,False
13281,0,0,0,False
13282,0,0,3,True
13283,0,0,0,False
13284,0,0,0,False
13285,0,0,0,False
13286,0,0,0,False
13287,0,0,3,True
13288,0,0,0,False
13289,0,0,3,True
13290,0,0,3,True
13291,0,0,3,True
13292,0,0,0,False
13293,0,0,0,False
13294,0,0,0,False
13295,0,0,0,False
13296,0,0,3,True
13297,0,0,0,False
13298,0,0,0,False
13299,0,0,0,False
13300,0,0,3,True
13301,0,0,0,False
13302,0,0,3,True
13303,0,0,0,False
13304,0,0,3,True
13305,0,0,0,False
13306,0,0,0,False
13307,0,0,0,False
13308,0,0,0,False
13309,0,0,0,False
13310,0,0,3,True
13311,0,0,0,False
13312,0,0,0,False
13313,0,0,3,True
13314,0,0,0,False
13315,0,0,0,False
13316,0,0,0,False
13317,0,0,0,False
13318,0,0,3,True
13319,0,0,0,False
13320,0,0,0,False
13321,0,0,0,False
13322,0,0,0,False
13323,0,0,3,True
13324,0,0,0,False
13325,0,0,0,False
13326,0,0,3,True
13327,0,0,0,False
13328,0,0,0,False
13329,0,0,0,False
13330,0,0,0,False
13331,0,0,3,True
13332,0,0,3,True
13333,0,0,0,False
13334,0,0,0,False
13335,0,0,3,True
13336,0,0,3,True
13337,0,0,0,False
13338,0,0,3,True
13339,0,0,3,True
13340,0,0,3,True
13341,0,0,0,False
13342,0,0,0,False
13343,0,0,0,False
13344,0,0,3,True
13345,0,0,0,False
13346,0,0,0,False
13347,0,0,3,True
13348,0,0,3,True
13349,0,0,0,False
13350,0,0,0,False
13351,0,0,3,True
13352,0,0,0,False
13353,0,0,3,True
13354,0,0,3,True
13355,0,0,0,False
13356,0,0,0,False
13357,0,0,3,True
13358,0,0,3,True
13359,0,0,0,False
13360,0,0,0,False
13361,0,0,3,True
13362,0,0,3,True
13363,0,0,0,False
13364,0,0,3,True
13365,0,0,2,True
13366,0,0,0,False
13367,0,0,0,False
13368,0,0,0,False
13369,0,0,2,True
13370,0,0,1,True
13371,0,0,0,False
13372,0,0,0,False
13373,0,0,3,True
13374,0,0,3,True
13375,0,0,0,False
13376,0,0,0,False
13377,0,0,0,False
13378,0,0,0,False
13379,0,0,0,False
13380,0,0,0,False
13381,0,0,0,False
13382,0,0,3,True
13383,0,0,0,False
13384,0,0,3,True
13385,0,0,3,True
13386,0,0,3,True
13387,0,0,0,False
13388,0,0,0,False
13389,0,0,3,True
13390,0,0,3,True
13391,0,0,3,True
13392,0,0,2,True
13393,0,0,0,False
13394,0,0,0,False
13395,0,0,0,False
13396,0,0,3,True
13397,0,0,0,False
13398,0,0,0,False
13399,0,0,3,True
13400,0,0,3,True
13401,0,0,0,False
13402,0,0,3,True
13403,0,0,3,True
13404,0,0,0,False
13405,0,0,0,False
13406,0,0,0,False
13407,0,0,3,True
13408,0,0,0,False
13409,0,0,3,True
13410,0,0,0,False
13411,0,0,0,False
13412,0,0,0,False
13413,0,0,0,False
13414,0,0,0,False
13415,0,0,3,True
13416,0,0,3,True
13417,0,0,3,True
13418,0,0,3,True
13419,0,0,0,False
13420,0,0,3,True
13421,0,0,0,False
13422,0,0,3,True
13423,0,0,0,False
13424,0,0,3,True
13425,0,0,3,True
13426,0,0,0,False
13427,0,0,0,False
13428,0,0,0,False
13429,0,0,0,False
13430,0,0,0,False
13431,0,0,0,False
13432,0,0,0,False
13433,0,0,0,False
13434,0,0,3,True
13435,0,0,0,False
13436,0,0,1,True
13437,0,0,0,False
13438,0,0,3,True
13439,0,0,0,False
13440,0,0,0,False
13441,0,0,0,False
13442,0,0,0,False
13443,0,0,3,True
13444,0,0,3,True
13445,0,0,3,True
13446,0,0,0,False
13447,0,0,0,False
13448,0,1,3,False
13449,0,0,0,False
13450,0,0,0,False
13451,0,0,3,True
13452,0,0,3,True
13453,0,0,3,True
13454,0,0,3,True
13455,0,0,3,True
13456,0,0,0,False
13457,0,0,0,False
13458,0,0,3,True
13459,0,0,0,False
13460,0,0,3,True
13461,0,0,3,True
13462,0,0,0,False
13463,0,0,2,True
13464,0,0,3,True
13465,0,0,0,False
13466,0,0,3,True
13467,0,0,0,False
13468,0,0,0,False
13469,0,0,0,False
13470,0,0,0,False
13471,0,0,0,False
13472,0,0,0,False
13473,0,0,3,True
13474,0,0,0,False
13475,0,0,3,True
13476,0,0,0,False
13477,0,0,3,True
13478,0,0,0,False
13479,0,0,0,False
13480,0,0,3,True
13481,0,0,0,False
13482,0,0,0,False
13483,0,0,0,False
13484,0,0,3,True
13485,0,0,0,False
13486,0,0,0,False
13487,0,0,3,True
13488,0,0,3,True
13489,0,0,0,False
13490,0,0,0,False
13491,0,0,3,True
13492,0,0,3,True
13493,0,0,3,True
13494,0,0,0,False
13495,0,0,0,False
13496,0,0,3,True
13497,0,0,0,False
13498,0,0,3,True
13499,0,0,3,True
13500,0,0,3,True
13501,0,0,0,False
13502,0,0,3,True
13503,0,0,0,False
13504,0,0,3,True
13505,0,0,0,False
13506,0,0,0,False
13507,0,0,2,True
13508,0,0,0,False
13509,0,0,0,False
13510,0,0,0,False
13511,0,0,3,True
13512,0,0,0,False
13513,0,0,0,False
13514,0,0,0,False
13515,0,0,0,False
13516,0,0,3,True
13517,0,0,0,False
13518,0,0,0,False
13519,0,0,0,False
13520,0,0,3,True
13521,0,0,0,False
13522,0,0,0,False
13523,0,0,3,True
13524,0,0,0,False
13525,0,0,0,False
13526,0,0,0,False
13527,0,0,3,True
13528,0,0,0,False
13529,0,0,0,False
13530,0,0,3,True
13531,0,0,3,True
13532,0,0,0,False
13533,0,0,3,True
13534,0,0,0,False
13535,0,0,0,False
13536,0,0,0,False
13537,0,0,0,False
13538,0,0,0,False
13539,0,0,3,True
13540,0,0,0,False
13541,0,0,0,False
13542,0,0,0,False
13543,0,0,3,True
13544,0,0,0,False
13545,0,0,3,True
13546,0,0,3,True
13547,0,0,0,False
13548,0,0,0,False
13549,0,0,3,True
13550,0,0,3,True
13551,0,0,0,False
13552,0,0,3,True
13553,0,0,3,True
13554,0,0,3,True
13555,0,0,0,False
13556,0,0,0,False
13557,0,0,0,False
13558,0,0,3,True
13559,0,0,3,True
13560,0,0,3,True
13561,0,0,0,False
13562,0,0,3,True
13563,0,0,0,False
13564,0,0,3,True
13565,0,0,0,False
13566,0,0,0,False
13567,0,0,3,True
13568,0,0,0,False
13569,0,0,0,False
13570,0,0,0,False
13571,0,0,3,True
13572,0,0,0,False
13573,0,0,0,False
13574,0,0,3,True
13575,0,0,3,True
13576,0,0,3,True
13577,0,0,0,False
13578,0,0,3,True
13579,0,0,0,False
13580,0,0,0,False
13581,0,0,0,False
13582,0,0,3,True
13583,0,0,3,True
13584,0,0,3,True
13585,0,0,0,False
13586,0,0,0,False
13587,0,0,3,True
13588,0,0,0,False
13589,0,0,0,False
13590,0,0,0,False
13591,0,0,0,False
13592,0,0,0,False
13593,0,0,0,False
13594,0,0,3,True
13595,0,0,0,False
13596,0,0,0,False
13597,0,0,0,False
13598,0,0,3,True
13599,0,0,3,True
13600,0,0,3,True
13601,0,0,0,False
13602,0,0,0,False
13603,0,0,0,False
13604,0,0,0,False
13605,0,0,3,True
13606,0,0,0,False
13607,0,0,0,False
13608,0,0,0,False
13609,0,0,0,False
13610,0,0,0,False
13611,0,0,0,False
13612,0,0,3,True
13613,0,0,3,True
13614,0,0,3,True
13615,0,0,0,False
13616,0,0,0,False
13617,0,0,0,False
13618,0,0,3,True
13619,0,0,2,True
13620,0,0,3,True
13621,0,0,0,False
13622,0,0,0,False
13623,0,0,0,False
13624,0,0,3,True
13625,0,0,3,True
13626,0,0,0,False
13627,0,0,0,False
13628,0,0,3,True
13629,0,0,0,False
13630,0,0,3,True
13631,0,0,3,True
13632,0,0,3,True
13633,0,0,0,False
13634,0,0,3,True
13635,0,0,0,False
13636,0,0,0,False
13637,0,0,0,False
13638,0,0,0,False
13639,0,0,0,False
13640,0,0,3,True
13641,0,0,0,False
13642,0,0,0,False
13643,0,0,0,False
13644,0,0,3,True
13645,0,0,0,False
13646,0,0,0,False
13647,0,0,0,False
13648,0,0,0,False
13649,0,0,0,False
13650,0,0,3,True
13651,0,0,3,True
13652,0,0,0,False
13653,0,0,0,False
13654,0,0,0,False
13655,0,0,0,False
13656,0,0,3,True
13657,0,0,3,True
13658,0,0,0,False
13659,0,0,0,False
13660,0,0,0,False
13661,0,0,3,True
13662,0,0,3,True
13663,0,0,0,False
13664,0,0,0,False
13665,0,0,3,True
13666,0,0,0,False
13667,0,0,3,True
13668,0,0,0,False
13669,0,0,0,False
13670,0,0,0,False
13671,0,0,3,True
13672,0,0,0,False
13673,0,0,0,False
13674,0,0,2,True
13675,0,0,0,False
13676,0,0,0,False
13677,0,0,0,False
13678,0,0,0,False
13679,0,0,0,False
13680,0,0,0,False
13681,0,0,0,False
13682,0,0,3,True
13683,0,0,0,False
13684,0,0,3,True
13685,0,0,3,True
13686,0,0,3,True
13687,0,0,3,True
13688,0,0,0,False
13689,0,0,0,False
13690,0,0,0,False
13691,0,0,0,False
13692,0,0,0,False
13693,0,0,3,True
13694,0,0,3,True
13695,0,0,3,True
13696,0,0,0,False
13697,0,0,0,False
13698,0,0,0,False
13699,0,0,3,True
13700,0,0,0,False
13701,0,0,0,False
13702,0,0,0,False
13703,0,0,0,False
13704,0,0,0,False
13705,0,0,3,True
13706,0,0,3,True
13707,0,0,3,True
13708,0,0,0,False
13709,0,0,0,False
13710,0,0,3,True
13711,0,0,3,True
13712,0,0,0,False
13713,0,0,0,False
13714,0,0,0,False
13715,0,0,0,False
13716,0,0,3,True
13717,0,0,0,False
13718,0,0,3,True
13719,0,0,3,True
13720,0,0,0,False
13721,0,0,0,False
13722,0,0,0,False
13723,0,0,3,True
13724,0,0,3,True
13725,0,0,0,False
13726,0,0,0,False
13727,0,0,2,True
13728,0,0,0,False
13729,0,0,0,False
13730,0,0,0,False
13731,0,0,3,True
13732,0,0,3,True
13733,0,0,0,False
13734,0,0,0,False
13735,0,0,3,True
13736,0,0,0,False
13737,0,0,0,False
13738,0,0,3,True
13739,0,0,3,True
13740,0,0,0,False
13741,0,0,0,False
13742,0,0,3,True
13743,0,0,0,False
13744,0,0,3,True
13745,0,0,0,False
13746,0,0,3,True
13747,0,0,3,True
13748,0,0,3,True
13749,0,0,0,False
13750,0,0,3,True
13751,0,0,0,False
13752,0,0,0,False
13753,0,0,0,False
13754,0,0,0,False
13755,0,0,0,False
13756,0,0,0,False
13757,0,0,0,False
13758,0,0,0,False
13759,0,0,0,False
13760,0,0,3,True
13761,0,0,3,True
13762,0,0,0,False
13763,0,0,0,False
13764,0,0,0,False
13765,0,0,0,False
13766,0,0,0,False
13767,0,0,0,False
13768,0,0,0,False
13769,0,0,0,False
13770,0,0,0,False
13771,0,0,0,False
13772,0,0,0,False
13773,0,0,3,True
13774,0,0,3,True
13775,0,0,3,True
13776,0,0,3,True
13777,0,0,0,False
13778,0,0,0,False
13779,0,0,3,True
13780,0,0,0,False
13781,0,0,0,False
13782,0,0,3,True
13783,0,0,3,True
13784,0,0,3,True
13785,0,0,0,False
13786,0,0,0,False
13787,0,0,3,True
13788,0,0,0,False
13789,0,0,3,True
13790,0,0,0,False
13791,0,0,3,True
13792,0,0,3,True
13793,0,0,0,False
13794,0,0,3,True
13795,0,0,0,False
13796,0,0,0,False
13797,0,0,3,True
13798,0,0,0,False
13799,0,0,3,True
13800,0,0,3,True
13801,0,0,0,False
13802,0,0,3,True
13803,0,0,0,False
13804,0,0,0,False
13805,0,0,0,False
13806,0,0,0,False
13807,0,0,0,False
13808,0,0,3,True
13809,0,0,0,False
13810,0,0,0,False
13811,0,0,0,False
13812,0,0,3,True
13813,0,0,3,True
13814,0,0,3,True
13815,0,0,0,False
13816,0,0,0,False
13817,0,0,3,True
13818,0,0,0,False
13819,0,0,1,True
13820,0,0,3,True
13821,0,0,0,False
13822,0,0,0,False
13823,0,0,0,False
13824,0,0,0,False
13825,0,0,0,False
13826,0,0,0,False
13827,0,0,0,False
13828,0,0,0,False
13829,0,0,3,True
13830,0,0,3,True
13831,0,0,2,True
13832,0,0,0,False
13833,0,0,0,False
13834,0,0,0,False
13835,0,0,3,True
13836,0,0,0,False
13837,0,0,0,False
13838,0,0,3,True
13839,0,0,2,True
13840,0,0,0,False
13841,0,0,0,False
13842,0,0,0,False
13843,0,0,0,False
13844,0,0,1,True
13845,0,0,3,True
13846,0,0,3,True
13847,0,0,3,True
13848,0,0,0,False
13849,0,0,0,False
13850,0,0,0,False
13851,0,0,3,True
13852,0,0,0,False
13853,0,0,3,True
13854,0,0,0,False
13855,0,0,0,False
13856,0,0,0,False
13857,0,0,0,False
13858,0,0,0,False
13859,0,0,0,False
13860,0,0,3,True
13861,0,0,0,False
13862,0,0,0,False
13863,0,0,0,False
13864,0,0,0,False
13865,0,0,3,True
13866,0,0,0,False
13867,0,0,3,True
13868,0,0,0,False
13869,0,0,3,True
13870,0,0,3,True
13871,0,0,3,True
13872,0,0,3,True
13873,0,0,0,False
13874,0,0,3,True
13875,0,0,0,False
13876,0,0,0,False
13877,0,0,0,False
13878,0,0,3,True
13879,0,0,3,True
13880,0,0,0,False
13881,0,0,0,False
13882,0,0,3,True
13883,0,0,0,False
13884,0,0,3,True
13885,0,0,0,False
13886,0,0,3,True
13887,0,0,3,True
13888,0,0,3,True
13889,0,0,0,False
13890,0,0,3,True
13891,0,0,0,False
13892,0,0,0,False
13893,0,0,0,False
13894,0,0,0,False
13895,0,0,3,True
13896,0,0,0,False
13897,0,0,3,True
13898,0,0,3,True
13899,0,0,0,False
13900,0,0,3,True
13901,0,0,3,True
13902,0,0,0,False
13903,0,0,3,True
13904,0,0,0,False
13905,0,0,3,True
13906,0,0,3,True
13907,0,0,3,True
13908,0,0,3,True
13909,0,0,3,True
13910,0,0,3,True
13911,0,0,0,False
13912,0,0,0,False
13913,0,0,3,True
13914,0,0,3,True
13915,0,0,3,True
13916,0,0,0,False
13917,0,0,0,False
13918,0,0,0,False
13919,0,0,0,False
13920,0,0,0,False
13921,0,0,0,False
13922,0,0,0,False
13923,0,0,3,True
13924,0,0,0,False
13925,0,0,3,True
13926,0,0,2,True
13927,0,0,0,False
13928,0,0,0,False
13929,0,0,3,True
13930,0,0,3,True
13931,0,0,0,False
13932,0,0,3,True
13933,0,0,0,False
13934,0,0,3,True
13935,0,0,0,False
13936,0,0,3,True
13937,0,0,0,False
13938,0,0,2,True
13939,0,0,0,False
13940,0,0,1,True
13941,0,0,0,False
13942,0,0,3,True
13943,0,0,3,True
13944,0,0,0,False
13945,0,0,0,False
13946,0,0,3,True
13947,0,0,0,False
13948,0,0,3,True
13949,0,0,0,False
13950,0,0,0,False
13951,0,0,3,True
13952,0,0,3,True
13953,0,0,3,True
13954,0,0,0,False
13955,0,0,3,True
13956,0,0,3,True
13957,0,0,0,False
13958,0,0,3,True
13959,0,0,0,False
13960,0,0,0,False
13961,0,0,3,True
13962,0,0,3,True
13963,0,0,0,False
13964,0,0,0,False
13965,0,0,0,False
13966,0,0,3,True
13967,0,0,0,False
13968,0,0,3,True
13969,0,0,3,True
13970,0,0,0,False
13971,0,0,3,True
13972,0,0,3,True
13973,0,0,3,True
13974,0,0,2,True
13975,0,0,0,False
13976,0,0,0,False
13977,0,0,0,False
13978,0,0,0,False
13979,0,0,0,False
13980,0,0,3,True
13981,0,0,0,False
13982,0,0,0,False
13983,0,0,0,False
13984,0,0,0,False
13985,0,0,3,True
13986,0,0,0,False
13987,0,0,0,False
13988,0,0,3,True
13989,0,0,0,False
13990,0,0,3,True
13991,0,0,0,False
13992,0,0,0,False
13993,0,0,0,False
13994,0,0,3,True
13995,0,0,0,False
13996,0,0,3,True
13997,0,0,0,False
13998,0,0,0,False
13999,0,0,1,True
14000,0,0,2,True
14001,0,0,0,False
14002,0,0,0,False
14003,0,0,3,True
14004,0,0,3,True
14005,0,0,3,True
14006,0,0,3,True
14007,0,0,3,True
14008,0,0,3,True
14009,0,0,3,True
14010,0,0,2,True
14011,0,0,0,False
14012,0,0,3,True
14013,0,0,3,True
14014,0,0,0,False
14015,0,0,3,True
14016,0,0,3,True
14017,0,0,3,True
14018,0,0,0,False
14019,0,0,0,False
14020,0,0,3,True
14021,0,0,3,True
14022,0,0,0,False
14023,0,0,0,False
14024,0,0,0,False
14025,0,0,0,False
14026,0,0,0,False
14027,0,0,3,True
14028,0,0,3,True
14029,0,0,0,False
14030,0,0,0,False
14031,0,0,0,False
14032,0,0,3,True
14033,0,0,0,False
14034,0,0,0,False
14035,0,0,3,True
14036,0,0,3,True
14037,0,0,3,True
14038,0,0,2,True
14039,0,0,0,False
14040,0,0,3,True
14041,0,0,0,False
14042,0,0,3,True
14043,0,0,0,False
14044,0,0,0,False
14045,0,0,0,False
14046,0,0,0,False
14047,0,0,3,True
14048,0,0,3,True
14049,0,0,3,True
14050,0,0,0,False
14051,0,0,0,False
14052,0,0,0,False
14053,0,0,3,True
14054,0,0,0,False
14055,0,0,0,False
14056,0,0,0,False
14057,0,0,0,False
14058,0,0,0,False
14059,0,0,0,False
14060,0,0,3,True
14061,0,0,0,False
14062,0,0,0,False
14063,0,0,0,False
14064,0,0,0,False
14065,0,0,3,True
14066,0,0,3,True
14067,0,0,0,False
14068,0,0,3,True
14069,0,0,3,True
14070,0,0,3,True
14071,0,0,0,False
14072,0,0,3,True
14073,0,0,3,True
14074,0,0,3,True
14075,0,0,3,True
14076,0,0,0,False
14077,0,0,3,True
14078,0,0,3,True
14079,0,0,0,False
14080,0,0,2,True
14081,0,0,0,False
14082,0,0,3,True
14083,0,0,3,True
14084,0,0,3,True
14085,0,0,0,False
14086,0,0,0,False
14087,0,0,3,True
14088,0,0,2,True
14089,0,0,3,True
14090,0,0,3,True
14091,0,0,0,False
14092,0,0,0,False
14093,0,0,3,True
14094,0,0,3,True
14095,0,0,2,True
14096,0,0,3,True
14097,0,0,0,False
14098,0,0,3,True
14099,0,0,3,True
14100,0,0,0,False
14101,0,0,0,False
14102,0,0,3,True
14103,0,0,0,False
14104,0,0,0,False
14105,0,0,0,False
14106,0,0,0,False
14107,0,0,3,True
14108,0,0,3,True
14109,0,0,3,True
14110,0,0,0,False
14111,0,0,0,False
14112,0,0,3,True
14113,0,0,0,False
14114,0,0,0,False
14115,0,0,3,True
14116,0,0,3,True
14117,0,0,0,False
14118,0,0,0,False
14119,0,0,0,False
14120,0,0,0,False
14121,0,0,0,False
14122,0,0,0,False
14123,0,0,0,False
14124,0,0,0,False
14125,0,0,3,True
14126,0,0,3,True
14127,0,0,3,True
14128,0,0,0,False
14129,0,0,3,True
14130,0,0,3,True
14131,0,0,0,False
14132,0,0,0,False
14133,0,0,0,False
14134,0,0,3,True
14135,0,0,3,True
14136,0,0,2,True
14137,0,0,0,False
14138,0,0,0,False
14139,0,0,3,True
14140,0,0,0,False
14141,0,0,3,True
14142,0,0,2,True
14143,0,0,0,False
14144,0,0,3,True
14145,0,0,0,False
14146,0,0,0,False
14147,0,0,3,True
14148,0,0,3,True
14149,0,0,3,True
14150,0,0,0,False
14151,0,0,3,True
14152,0,0,3,True
14153,0,0,0,False
14154,0,0,0,False
14155,0,0,0,False
14156,0,0,0,False
14157,0,0,3,True
14158,0,0,0,False
14159,0,0,0,False
14160,0,0,0,False
14161,0,0,0,False
14162,0,0,3,True
14163,0,0,0,False
14164,0,0,0,False
14165,0,0,3,True
14166,0,0,0,False
14167,0,0,3,True
14168,0,0,3,True
14169,0,0,3,True
14170,0,0,0,False
14171,0,0,0,False
14172,0,0,3,True
14173,0,0,3,True
14174,0,0,3,True
14175,0,0,3,True
14176,0,0,0,False
14177,0,0,0,False
14178,0,0,0,False
14179,0,0,0,False
14180,0,0,3,True
14181,0,0,3,True
14182,0,0,0,False
14183,0,0,0,False
14184,0,0,3,True
14185,0,0,0,False
14186,0,0,3,True
14187,0,0,3,True
14188,0,0,3,True
14189,0,0,0,False
14190,0,0,0,False
14191,0,0,0,False
14192,0,0,0,False
14193,0,0,0,False
14194,0,0,0,False
14195,0,0,0,False
14196,0,0,3,True
14197,0,0,2,True
14198,0,0,0,False
14199,0,0,0,False
14200,0,0,3,True
14201,0,0,0,False
14202,0,0,0,False
14203,0,0,3,True
14204,0,0,0,False
14205,0,0,0,False
14206,0,0,2,True
14207,0,3,3,False
14208,0,0,3,True
14209,0,0,0,False
14210,0,0,0,False
14211,0,0,0,False
14212,0,0,0,False
14213,0,0,0,False
14214,0,0,0,False
14215,0,0,0,False
14216,0,0,3,True
14217,0,0,0,False
14218,0,0,3,True
14219,0,0,3,True
14220,0,0,3,True
14221,0,0,0,False
14222,0,0,0,False
14223,0,0,0,False
14224,0,0,0,False
14225,0,0,0,False
14226,0,0,0,False
14227,0,0,0,False
14228,0,0,0,False
14229,0,0,0,False
14230,0,0,0,False
14231,0,3,3,False
14232,0,0,0,False
14233,0,0,0,False
14234,0,0,0,False
14235,0,0,0,False
14236,0,0,0,False
14237,0,0,3,True
14238,0,0,0,False
14239,0,0,3,True
14240,0,0,2,True
14241,0,0,0,False
14242,0,0,3,True
14243,0,0,0,False
14244,0,0,3,True
14245,0,0,0,False
14246,0,0,0,False
14247,0,0,0,False
14248,0,0,0,False
14249,0,0,0,False
14250,0,0,0,False
14251,0,0,3,True
14252,0,0,0,False
14253,0,0,3,True
14254,0,0,0,False
14255,0,0,0,False
14256,0,0,3,True
14257,0,0,0,False
14258,0,0,3,True
14259,0,0,3,True
14260,0,0,0,False
14261,0,0,0,False
14262,0,0,3,True
14263,0,0,0,False
14264,0,0,0,False
14265,0,0,0,False
14266,0,0,1,True
14267,0,0,0,False
14268,0,0,0,False
14269,0,0,3,True
14270,0,0,3,True
14271,0,0,3,True
14272,0,0,0,False
14273,0,0,3,True
14274,0,0,3,True
14275,0,0,3,True
14276,0,0,0,False
14277,0,0,0,False
14278,0,0,3,True
14279,0,0,3,True
14280,0,0,3,True
14281,0,0,0,False
14282,0,0,3,True
14283,0,0,0,False
14284,0,0,0,False
14285,0,0,3,True
14286,0,0,3,True
14287,0,0,0,False
14288,0,0,0,False
14289,0,0,3,True
14290,0,0,3,True
14291,0,0,0,False
14292,0,0,0,False
14293,0,0,3,True
14294,0,0,0,False
14295,0,0,3,True
14296,0,0,3,True
14297,0,0,0,False
14298,0,0,0,False
14299,0,0,3,True
14300,0,0,3,True
14301,0,0,0,False
14302,0,0,0,False
14303,0,0,0,False
14304,0,0,0,False
14305,0,0,0,False
14306,0,0,3,True
14307,0,0,0,False
14308,0,0,3,True
14309,0,0,0,False
14310,0,0,0,False
14311,0,0,0,False
14312,0,0,0,False
14313,0,0,0,False
14314,0,0,0,False
14315,0,0,2,True
14316,0,0,0,False
14317,0,0,0,False
14318,0,0,0,False
14319,0,0,0,False
14320,0,0,0,False
14321,0,0,0,False
14322,0,0,0,False
14323,0,0,3,True
14324,0,0,0,False
14325,0,0,3,True
14326,0,0,3,True
14327,0,0,2,True
14328,0,0,0,False
14329,0,0,0,False
14330,0,0,0,False
14331,0,0,3,True
14332,0,0,3,True
14333,0,0,0,False
14334,0,0,3,True
14335,0,0,0,False
14336,0,0,0,False
14337,0,0,3,True
14338,0,0,0,False
14339,0,0,3,True
14340,0,0,0,False
14341,0,0,0,False
14342,0,0,0,False
14343,0,0,3,True
14344,0,0,0,False
14345,0,0,3,True
14346,0,0,0,False
14347,0,0,3,True
14348,0,0,0,False
14349,0,0,0,False
14350,0,0,0,False
14351,0,0,0,False
14352,0,0,0,False
14353,0,0,0,False
14354,0,0,0,False
14355,0,0,0,False
14356,0,0,3,True
14357,0,0,3,True
14358,0,0,3,True
14359,0,0,3,True
14360,0,0,0,False
14361,0,0,0,False
14362,0,0,3,True
14363,0,0,0,False
14364,0,0,3,True
14365,0,0,3,True
14366,0,0,3,True
14367,0,0,0,False
14368,0,0,0,False
14369,0,0,0,False
14370,0,0,3,True
14371,0,0,3,True
14372,0,0,3,True
14373,0,0,0,False
14374,0,0,0,False
14375,0,0,3,True
14376,0,0,0,False
14377,0,0,0,False
14378,0,0,0,False
14379,0,0,3,True
14380,0,0,0,False
14381,0,0,0,False
14382,0,0,3,True
14383,0,0,0,False
14384,0,0,0,False
14385,0,0,3,True
14386,0,0,0,False
14387,0,0,0,False
14388,0,0,3,True
14389,0,0,0,False
14390,0,0,3,True
14391,0,0,3,True
14392,0,0,0,False
14393,0,0,0,False
14394,0,0,0,False
14395,0,0,3,True
14396,0,0,3,True
14397,0,0,3,True
14398,0,0,0,False
14399,0,0,0,False
14400,0,0,3,True
14401,0,0,2,True
14402,0,0,0,False
14403,0,0,0,False
14404,0,0,0,False
14405,0,0,0,False
14406,0,0,0,False
14407,0,0,3,True
14408,0,0,3,True
14409,0,0,0,False
14410,0,0,3,True
14411,0,0,0,False
14412,0,0,0,False
14413,0,0,0,False
14414,0,0,3,True
14415,0,0,0,False
14416,0,0,3,True
14417,0,0,0,False
14418,0,0,0,False
14419,0,0,0,False
14420,0,0,0,False
14421,0,0,3,True
14422,0,0,1,True
14423,0,0,3,True
14424,0,0,3,True
14425,0,0,0,False
14426,0,0,0,False
14427,0,0,0,False
14428,0,0,0,False
14429,0,0,0,False
14430,0,0,3,True
14431,0,0,0,False
14432,0,0,3,True
14433,0,0,3,True
14434,0,0,0,False
14435,0,0,3,True
14436,0,0,0,False
14437,0,0,0,False
14438,0,0,0,False
14439,0,0,3,True
14440,0,0,0,False
14441,0,0,3,True
14442,0,0,2,True
14443,0,0,0,False
14444,0,0,0,False
14445,0,0,0,False
14446,0,0,3,True
14447,0,0,3,True
14448,0,0,0,False
14449,0,0,0,False
14450,0,0,3,True
14451,0,0,3,True
14452,0,0,0,False
14453,0,0,0,False
14454,0,0,3,True
14455,0,0,0,False
14456,0,0,3,True
14457,0,0,0,False
14458,0,0,0,False
14459,0,0,0,False
14460,0,0,3,True
14461,0,0,0,False
14462,0,0,3,True
14463,0,0,3,True
14464,0,0,3,True
14465,0,0,0,False
14466,0,0,0,False
14467,0,0,0,False
14468,0,0,0,False
14469,0,0,3,True
14470,0,0,3,True
14471,0,0,0,False
14472,0,0,3,True
14473,0,0,3,True
14474,0,0,0,False
14475,0,0,0,False
14476,0,0,3,True
14477,0,0,0,False
14478,0,0,3,True
14479,0,0,0,False
14480,0,0,3,True
14481,0,0,0,False
14482,0,0,0,False
14483,0,0,0,False
14484,0,0,3,True
14485,0,0,3,True
14486,0,0,0,False
14487,0,0,0,False
14488,0,0,0,False
14489,0,0,3,True
14490,0,0,0,False
14491,0,0,0,False
14492,0,0,0,False
14493,0,0,0,False
14494,0,0,0,False
14495,0,0,0,False
14496,0,0,0,False
14497,0,0,2,True
14498,0,0,3,True
14499,0,0,0,False
14500,0,0,0,False
14501,0,0,0,False
14502,0,0,3,True
14503,0,0,0,False
14504,0,0,0,False
14505,0,0,0,False
14506,0,0,3,True
14507,0,0,0,False
14508,0,0,0,False
14509,0,0,3,True
14510,0,0,0,False
14511,0,0,0,False
14512,0,0,0,False
14513,0,0,0,False
14514,0,0,3,True
14515,0,0,0,False
14516,0,0,0,False
14517,0,0,0,False
14518,0,0,0,False
14519,0,0,2,True
14520,0,0,0,False
14521,0,0,3,True
14522,0,0,3,True
14523,0,0,0,False
14524,0,0,0,False
14525,0,0,0,False
14526,0,0,0,False
14527,0,0,3,True
14528,0,0,3,True
14529,0,0,0,False
14530,0,0,0,False
14531,0,0,0,False
14532,0,0,0,False
14533,0,0,0,False
14534,0,0,0,False
14535,0,0,3,True
14536,0,0,2,True
14537,0,0,0,False
14538,0,0,3,True
14539,0,0,0,False
14540,0,0,0,False
14541,0,0,3,True
14542,0,0,3,True
14543,0,0,3,True
14544,0,0,0,False
14545,0,0,0,False
14546,0,0,3,True
14547,0,0,0,False
14548,0,0,0,False
14549,0,0,3,True
14550,0,0,3,True
14551,0,0,3,True
14552,0,0,0,False
14553,0,0,3,True
14554,0,0,0,False
14555,0,0,0,False
14556,0,0,3,True
14557,0,0,0,False
14558,0,0,3,True
14559,0,0,0,False
14560,0,0,0,False
14561,0,0,0,False
14562,0,0,3,True
14563,0,0,3,True
14564,0,0,0,False
14565,0,0,0,False
14566,0,0,0,False
14567,0,0,3,True
14568,0,0,0,False
14569,0,0,0,False
14570,0,0,3,True
14571,0,0,3,True
14572,0,0,0,False
14573,0,0,3,True
14574,0,0,0,False
14575,0,0,3,True
14576,0,0,0,False
14577,0,0,0,False
14578,0,0,0,False
14579,0,0,3,True
14580,0,0,0,False
14581,0,0,3,True
14582,0,0,0,False
14583,0,0,0,False
14584,0,0,0,False
14585,0,0,0,False
14586,0,0,3,True
14587,0,0,0,False
14588,0,0,0,False
14589,0,0,0,False
14590,0,0,3,True
14591,0,0,0,False
14592,0,0,3,True
14593,0,0,0,False
14594,0,0,0,False
14595,0,0,3,True
14596,0,0,0,False
14597,0,0,0,False
14598,0,0,0,False
14599,0,0,0,False
14600,0,0,3,True
14601,0,0,0,False
14602,0,0,3,True
14603,0,0,0,False
14604,0,0,3,True
14605,0,0,0,False
14606,0,0,0,False
14607,0,0,0,False
14608,0,0,0,False
14609,0,0,3,True
14610,0,0,0,False
14611,0,0,0,False
14612,0,0,0,False
14613,0,0,0,False
14614,0,0,3,True
14615,0,0,3,True
14616,0,0,3,True
14617,0,0,3,True
14618,0,0,0,False
14619,0,0,3,True
14620,0,0,3,True
14621,0,0,0,False
14622,0,0,0,False
14623,0,0,0,False
14624,0,0,3,True
14625,0,0,0,False
14626,0,0,0,False
14627,0,0,0,False
14628,0,0,0,False
14629,0,0,0,False
14630,0,0,0,False
14631,0,0,0,False
14632,0,0,3,True
14633,0,0,3,True
14634,0,0,0,False
14635,0,0,0,False
14636,0,0,3,True
14637,0,0,0,False
14638,0,0,0,False
14639,0,0,0,False
14640,0,0,0,False
14641,0,0,0,False
14642,0,0,3,True
14643,0,0,3,True
14644,0,0,3,True
14645,0,0,0,False
14646,0,0,3,True
14647,0,0,0,False
14648,0,0,3,True
14649,0,0,3,True
14650,0,0,3,True
14651,0,0,0,False
14652,0,0,0,False
14653,0,0,3,True
14654,0,0,0,False
14655,0,0,3,True
14656,0,0,3,True
14657,0,0,0,False
14658,0,0,0,False
14659,0,0,0,False
14660,0,0,3,True
14661,0,0,3,True
14662,0,0,2,True
14663,0,0,3,True
14664,0,0,3,True
14665,0,0,0,False
14666,0,0,0,False
14667,0,0,0,False
14668,0,0,3,True
14669,0,0,0,False
14670,0,0,3,True
14671,0,0,0,False
14672,0,0,0,False
14673,0,0,0,False
14674,0,0,3,True
14675,0,0,0,False
14676,0,0,0,False
14677,0,0,3,True
14678,0,0,0,False
14679,0,0,3,True
14680,0,0,0,False
14681,0,0,3,True
14682,0,0,0,False
14683,0,0,0,False
14684,0,0,0,False
14685,0,0,0,False
14686,0,0,0,False
14687,0,0,3,True
14688,0,0,3,True
14689,0,0,3,True
14690,0,0,3,True
14691,0,0,0,False
14692,0,0,3,True
14693,0,0,0,False
14694,0,0,3,True
14695,0,0,0,False
14696,0,0,3,True
14697,0,0,0,False
14698,0,0,0,False
14699,0,0,3,True
14700,0,0,0,False
14701,0,0,3,True
14702,0,0,3,True
14703,0,0,0,False
14704,0,0,3,True
14705,0,0,3,True
14706,0,0,0,False
14707,0,0,0,False
14708,0,0,0,False
14709,0,0,0,False
14710,0,0,0,False
14711,0,0,3,True
14712,0,0,3,True
14713,0,0,3,True
14714,0,0,3,True
14715,0,0,0,False
14716,0,0,0,False
14717,0,0,3,True
14718,0,0,0,False
14719,0,0,3,True
14720,0,0,0,False
14721,0,0,3,True
14722,0,0,0,False
14723,0,0,3,True
14724,0,0,0,False
14725,0,0,0,False
14726,0,0,0,False
14727,0,0,0,False
14728,0,0,0,False
14729,0,0,0,False
14730,0,0,0,False
14731,0,0,0,False
14732,0,0,0,False
14733,0,0,3,True
14734,0,0,0,False
14735,0,0,0,False
14736,0,0,0,False
14737,0,0,0,False
14738,0,0,3,True
14739,0,0,0,False
14740,0,0,0,False
14741,0,0,3,True
14742,0,0,0,False
14743,0,0,2,True
14744,0,0,0,False
14745,0,0,0,False
14746,0,0,3,True
14747,0,0,0,False
14748,0,0,0,False
14749,0,0,0,False
14750,0,0,3,True
14751,0,0,3,True
14752,0,0,3,True
14753,0,0,0,False
14754,0,0,0,False
14755,0,0,0,False
14756,0,0,3,True
14757,0,0,3,True
14758,0,0,3,True
14759,0,0,0,False
14760,0,0,3,True
14761,0,0,0,False
14762,0,0,3,True
14763,0,0,0,False
14764,0,0,2,True
14765,0,0,3,True
14766,0,0,2,True
14767,0,0,0,False
14768,0,0,0,False
14769,0,0,0,False
14770,0,0,3,True
14771,0,0,0,False
14772,0,0,3,True
14773,0,0,0,False
14774,0,0,3,True
14775,0,0,0,False
14776,0,0,0,False
14777,0,0,0,False
14778,0,0,0,False
14779,0,0,3,True
14780,0,0,0,False
14781,0,0,0,False
14782,0,0,3,True
14783,0,0,3,True
14784,0,0,3,True
14785,0,0,3,True
14786,0,0,0,False
14787,0,0,0,False
14788,0,0,3,True
14789,0,0,0,False
14790,0,0,3,True
14791,0,0,2,True
14792,0,0,0,False
14793,0,0,3,True
14794,0,0,0,False
14795,0,0,0,False
14796,0,0,0,False
14797,0,0,0,False
14798,0,0,0,False
14799,0,0,2,True
14800,0,0,3,True
14801,0,0,0,False
14802,0,0,3,True
14803,0,0,0,False
14804,0,0,0,False
14805,0,0,0,False
14806,0,0,3,True
14807,0,0,0,False
14808,0,0,0,False
14809,0,0,0,False
14810,0,0,0,False
14811,0,0,2,True
14812,0,0,0,False
14813,0,0,0,False
14814,0,0,3,True
14815,0,0,0,False
14816,0,0,0,False
14817,0,0,0,False
14818,0,0,3,True
14819,0,0,0,False
14820,0,0,3,True
14821,0,0,3,True
14822,0,0,0,False
14823,0,0,3,True
14824,0,0,3,True
14825,0,0,0,False
14826,0,0,0,False
14827,0,0,3,True
14828,0,0,3,True
14829,0,0,0,False
14830,0,0,3,True
14831,0,0,0,False
14832,0,0,3,True
14833,0,0,0,False
14834,0,0,3,True
14835,0,0,0,False
14836,0,0,3,True
14837,0,0,0,False
14838,0,0,2,True
14839,0,0,0,False
14840,0,0,3,True
14841,0,0,0,False
14842,0,0,3,True
14843,0,0,3,True
14844,0,0,3,True
14845,0,0,0,False
14846,0,0,3,True
14847,0,0,0,False
14848,0,0,3,True
14849,0,0,0,False
14850,0,0,0,False
14851,0,0,3,True
14852,0,0,0,False
14853,0,0,0,False
14854,0,0,3,True
14855,0,0,3,True
14856,0,0,0,False
14857,0,0,3,True
14858,0,0,3,True
14859,0,0,0,False
14860,0,0,3,True
14861,0,0,3,True
14862,0,0,0,False
14863,0,0,0,False
14864,0,0,0,False
14865,0,0,0,False
14866,0,0,3,True
14867,0,0,0,False
14868,0,0,0,False
14869,0,0,3,True
14870,0,0,3,True
14871,0,0,0,False
14872,0,0,0,False
14873,0,0,0,False
14874,0,0,0,False
14875,0,0,0,False
14876,0,0,3,True
14877,0,0,3,True
14878,0,0,0,False
14879,0,0,0,False
14880,0,0,3,True
14881,0,0,0,False
14882,0,0,0,False
14883,0,0,3,True
14884,0,0,0,False
14885,0,0,3,True
14886,0,0,3,True
14887,0,0,0,False
14888,0,0,0,False
14889,0,0,2,True
14890,0,0,0,False
14891,0,0,3,True
14892,0,0,0,False
14893,0,0,0,False
14894,0,0,3,True
14895,0,0,0,False
14896,0,0,3,True
14897,0,0,0,False
14898,0,0,3,True
14899,0,0,0,False
14900,0,0,3,True
14901,0,0,0,False
14902,0,0,3,True
14903,0,0,3,True
14904,0,0,0,False
14905,0,0,0,False
14906,0,0,0,False
14907,0,0,0,False
14908,0,0,3,True
14909,0,0,3,True
14910,0,0,3,True
14911,0,0,0,False
14912,0,0,3,True
14913,0,0,0,False
14914,0,0,3,True
14915,0,0,0,False
14916,0,0,3,True
14917,0,0,3,True
14918,0,0,0,False
14919,0,0,3,True
14920,0,0,0,False
14921,0,0,0,False
14922,0,0,2,True
14923,0,0,0,False
14924,0,0,3,True
14925,0,0,3,True
14926,0,0,3,True
14927,0,0,0,False
14928,0,0,0,False
14929,0,0,3,True
14930,0,0,3,True
14931,0,0,0,False
14932,0,0,0,False
14933,0,0,3,True
14934,0,3,3,False
14935,0,0,3,True
14936,0,0,3,True
14937,0,0,0,False
14938,0,0,3,True
14939,0,0,0,False
14940,0,0,3,True
14941,0,0,0,False
14942,0,0,3,True
14943,0,0,3,True
14944,0,0,0,False
14945,0,0,0,False
14946,0,0,0,False
14947,0,0,0,False
14948,0,0,3,True
14949,0,0,3,True
14950,0,0,3,True
14951,0,0,3,True
14952,0,0,0,False
14953,0,0,0,False
14954,0,0,0,False
14955,0,0,0,False
14956,0,0,3,True
14957,0,0,3,True
14958,0,0,0,False
14959,0,0,0,False
14960,0,0,3,True
14961,0,0,0,False
14962,0,0,3,True
14963,0,0,3,True
14964,0,0,3,True
14965,0,0,3,True
14966,0,0,0,False
14967,0,0,0,False
14968,0,0,0,False
14969,0,0,0,False
14970,0,0,3,True
14971,0,0,0,False
14972,0,0,3,True
14973,0,0,3,True
14974,0,0,3,True
14975,0,0,0,False
14976,0,0,0,False
14977,0,0,0,False
14978,0,0,3,True
14979,0,0,0,False
14980,0,0,0,False
14981,0,0,0,False
14982,0,0,3,True
14983,0,0,0,False
14984,0,0,0,False
14985,0,0,0,False
14986,0,0,0,False
14987,0,0,0,False
14988,0,0,3,True
14989,0,0,0,False
14990,0,0,3,True
14991,0,0,3,True
14992,0,0,0,False
14993,0,0,0,False
14994,0,0,0,False
14995,0,0,3,True
14996,0,0,0,False
14997,0,0,0,False
14998,0,0,0,False
14999,0,0,0,False
15000,0,0,3,True
15001,0,0,3,True
15002,0,0,0,False
15003,0,0,0,False
15004,0,0,3,True
15005,0,0,0,False
15006,0,0,3,True
15007,0,0,0,False
15008,0,0,3,True
15009,0,0,0,False
15010,0,0,0,False
15011,0,0,3,True
15012,0,0,3,True
15013,0,0,3,True
15014,0,0,0,False
15015,0,0,0,False
15016,0,0,0,False
15017,0,0,3,True
15018,0,0,0,False
15019,0,0,0,False
15020,0,0,3,True
15021,0,1,0,False
15022,0,0,3,True
15023,0,0,3,True
15024,0,0,0,False
15025,0,0,0,False
15026,0,0,0,False
15027,0,0,3,True
15028,0,0,0,False
15029,0,0,0,False
15030,0,0,0,False
15031,0,0,3,True
15032,0,0,0,False
15033,0,0,3,True
15034,0,0,3,True
15035,0,0,2,True
15036,0,0,3,True
15037,0,0,3,True
15038,0,0,0,False
15039,0,0,0,False
15040,0,0,3,True
15041,0,0,3,True
15042,0,0,0,False
15043,0,0,3,True
15044,0,0,0,False
15045,0,0,0,False
15046,0,0,3,True
15047,0,0,3,True
15048,0,0,3,True
15049,0,0,0,False
15050,0,0,3,True
15051,0,0,3,True
15052,0,0,0,False
15053,0,0,3,True
15054,0,0,0,False
15055,0,0,3,True
15056,0,0,0,False
15057,0,0,3,True
15058,0,0,3,True
15059,0,0,0,False
15060,0,0,0,False
15061,0,0,0,False
15062,0,0,0,False
15063,0,0,0,False
15064,0,0,0,False
15065,0,0,3,True
15066,0,0,0,False
15067,0,0,3,True
15068,0,0,0,False
15069,0,0,3,True
15070,0,0,0,False
15071,0,0,0,False
15072,0,0,3,True
15073,0,0,0,False
15074,0,0,0,False
15075,0,0,0,False
15076,0,0,3,True
15077,0,0,3,True
15078,0,0,1,True
15079,0,0,0,False
15080,0,0,0,False
15081,0,0,0,False
15082,0,0,0,False
15083,0,0,0,False
15084,0,0,0,False
15085,0,0,3,True
15086,0,0,3,True
15087,0,0,3,True
15088,0,0,3,True
15089,0,0,0,False
15090,0,0,3,True
15091,0,0,3,True
15092,0,0,0,False
15093,0,0,3,True
15094,0,0,0,False
15095,0,0,3,True
15096,0,0,3,True
15097,0,0,3,True
15098,0,0,3,True
15099,0,0,3,True
15100,0,0,0,False
15101,0,0,0,False
15102,0,0,3,True
15103,0,0,3,True
15104,0,0,0,False
15105,0,0,0,False
15106,0,0,3,True
15107,0,0,3,True
15108,0,0,0,False
15109,0,0,0,False
15110,0,0,0,False
15111,0,0,0,False
15112,0,0,0,False
15113,0,0,0,False
15114,0,0,0,False
15115,0,0,0,False
15116,0,0,3,True
15117,0,0,3,True
15118,0,0,3,True
15119,0,0,3,True
15120,0,0,3,True
15121,0,0,3,True
15122,0,0,0,False
15123,0,0,0,False
15124,0,0,3,True
15125,0,0,3,True
15126,0,0,0,False
15127,0,0,0,False
15128,0,0,3,True
15129,0,0,0,False
15130,0,0,0,False
15131,0,0,0,False
15132,0,0,0,False
15133,0,0,3,True
15134,0,0,0,False
15135,0,0,3,True
15136,0,0,3,True
15137,0,0,0,False
15138,0,0,3,True
15139,0,0,3,True
15140,0,0,0,False
15141,0,0,0,False
15142,0,0,3,True
15143,0,0,0,False
15144,0,0,0,False
15145,0,0,0,False
15146,0,0,3,True
15147,0,0,0,False
15148,0,0,0,False
15149,0,0,0,False
15150,0,0,0,False
15151,0,0,0,False
15152,0,0,3,True
15153,0,0,0,False
15154,0,0,0,False
15155,0,0,0,False
15156,0,0,3,True
15157,0,0,3,True
15158,0,0,3,True
15159,0,0,0,False
15160,0,0,0,False
15161,0,0,0,False
15162,0,0,0,False
15163,0,0,0,False
15164,0,0,3,True
15165,0,0,0,False
15166,0,0,0,False
15167,0,0,3,True
15168,0,0,0,False
15169,0,0,3,True
15170,0,0,0,False
15171,0,0,0,False
15172,0,0,3,True
15173,0,0,0,False
15174,0,0,3,True
15175,0,0,3,True
15176,0,0,0,False
15177,0,0,0,False
15178,0,0,0,False
15179,0,0,3,True
15180,0,0,0,False
15181,0,0,3,True
15182,0,0,0,False
15183,0,0,0,False
15184,0,0,3,True
15185,0,0,3,True
15186,0,0,3,True
15187,0,0,0,False
15188,0,0,3,True
15189,0,0,0,False
15190,0,0,0,False
15191,0,0,0,False
15192,0,0,0,False
15193,0,0,0,False
15194,0,0,3,True
15195,0,0,0,False
15196,0,0,0,False
15197,0,0,3,True
15198,0,0,3,True
15199,0,0,0,False
15200,0,0,0,False
15201,0,0,0,False
15202,0,0,3,True
15203,0,0,3,True
15204,0,0,0,False
15205,0,0,0,False
15206,0,0,0,False
15207,0,0,0,False
15208,0,0,0,False
15209,0,0,3,True
15210,0,0,3,True
15211,0,0,0,False
15212,0,0,0,False
15213,0,0,0,False
15214,0,0,0,False
15215,0,0,0,False
15216,0,0,0,False
15217,0,0,0,False
15218,0,0,3,True
15219,0,0,0,False
15220,0,0,0,False
15221,0,0,0,False
15222,0,0,3,True
15223,0,0,0,False
15224,0,0,0,False
15225,0,0,0,False
15226,0,0,3,True
15227,0,0,3,True
15228,0,0,0,False
15229,0,0,3,True
15230,0,0,0,False
15231,0,3,3,False
15232,0,0,3,True
15233,0,0,3,True
15234,0,0,0,False
15235,0,0,0,False
15236,0,0,0,False
15237,0,0,0,False
15238,0,0,3,True
15239,0,0,0,False
15240,0,0,0,False
15241,0,0,0,False
15242,0,0,3,True
15243,0,0,3,True
15244,0,0,3,True
15245,0,0,3,True
15246,0,0,0,False
15247,0,0,3,True
15248,0,0,3,True
15249,0,0,0,False
15250,0,0,0,False
15251,0,0,0,False
15252,0,0,0,False
15253,0,0,3,True
15254,0,0,3,True
15255,0,0,0,False
15256,0,0,3,True
15257,0,0,0,False
15258,0,0,3,True
15259,0,0,0,False
15260,0,0,3,True
15261,0,0,0,False
15262,0,0,3,True
15263,0,0,0,False
15264,0,0,3,True
15265,0,0,0,False
15266,0,0,0,False
15267,0,0,0,False
15268,0,0,3,True
15269,0,0,3,True
15270,0,0,3,True
15271,0,0,3,True
15272,0,0,3,True
15273,0,0,3,True
15274,0,0,0,False
15275,0,0,3,True
15276,0,0,0,False
15277,0,0,0,False
15278,0,0,0,False
15279,0,0,0,False
15280,0,0,0,False
15281,0,0,3,True
15282,0,0,3,True
15283,0,0,0,False
15284,0,0,0,False
15285,0,0,3,True
15286,0,0,0,False
15287,0,0,0,False
15288,0,0,3,True
15289,0,0,0,False
15290,0,0,0,False
15291,0,0,3,True
15292,0,0,0,False
15293,0,0,0,False
15294,0,0,0,False
15295,0,0,3,True
15296,0,0,3,True
15297,0,0,0,False
15298,0,0,0,False
15299,0,0,3,True
15300,0,0,0,False
15301,0,0,0,False
15302,0,0,3,True
15303,0,1,3,False
15304,0,0,0,False
15305,0,0,0,False
15306,0,0,3,True
15307,0,0,0,False
15308,0,0,0,False
15309,0,0,3,True
15310,0,0,3,True
15311,0,0,3,True
15312,0,0,3,True
15313,0,0,3,True
15314,0,0,0,False
15315,0,0,3,True
15316,0,0,3,True
15317,0,0,0,False
15318,0,0,3,True
15319,0,0,0,False
15320,0,0,3,True
15321,0,0,3,True
15322,0,0,3,True
15323,0,0,0,False
15324,0,0,0,False
15325,0,0,0,False
15326,0,0,0,False
15327,0,0,3,True
15328,0,0,3,True
15329,0,0,3,True
15330,0,0,3,True
15331,0,0,0,False
15332,0,0,0,False
15333,0,0,3,True
15334,0,0,3,True
15335,0,0,0,False
15336,0,0,0,False
15337,0,0,2,True
15338,0,0,1,True
15339,0,0,3,True
15340,0,0,3,True
15341,0,0,0,False
15342,0,0,0,False
15343,0,3,3,False
15344,0,0,0,False
15345,0,0,0,False
15346,0,0,3,True
15347,0,0,0,False
15348,0,0,0,False
15349,0,0,0,False
15350,0,0,0,False
15351,0,0,0,False
15352,0,0,3,True
15353,0,0,3,True
15354,0,0,0,False
15355,0,0,0,False
15356,0,0,0,False
15357,0,0,3,True
15358,0,0,0,False
15359,0,0,0,False
15360,0,0,0,False
15361,0,0,0,False
15362,0,0,0,False
15363,0,0,0,False
15364,0,0,0,False
15365,0,0,0,False
15366,0,0,3,True
15367,0,0,0,False
15368,0,0,0,False
15369,0,0,0,False
15370,0,0,0,False
15371,0,0,0,False
15372,0,0,0,False
15373,0,0,3,True
15374,0,0,0,False
15375,0,0,0,False
15376,0,0,0,False
15377,0,0,3,True
15378,0,0,0,False
15379,0,0,0,False
15380,0,0,3,True
15381,0,0,0,False
15382,0,0,3,True
15383,0,0,0,False
15384,0,0,3,True
15385,0,0,0,False
15386,0,0,3,True
15387,0,0,0,False
15388,0,0,3,True
15389,0,0,0,False
15390,0,0,0,False
15391,0,0,2,True
15392,0,0,0,False
15393,0,0,3,True
15394,0,0,0,False
15395,0,0,0,False
15396,0,0,0,False
15397,0,0,0,False
15398,0,0,2,True
15399,0,0,3,True
15400,0,0,0,False
15401,0,0,3,True
15402,0,0,0,False
15403,0,0,3,True
15404,0,0,0,False
15405,0,0,0,False
15406,0,0,3,True
15407,0,0,0,False
15408,0,0,0,False
15409,0,0,0,False
15410,0,0,0,False
15411,0,0,3,True
15412,0,0,0,False
15413,0,0,0,False
15414,0,0,0,False
15415,0,0,3,True
15416,0,0,3,True
15417,0,0,3,True
15418,0,0,0,False
15419,0,0,0,False
15420,0,0,3,True
15421,0,0,3,True
15422,0,0,0,False
15423,0,0,3,True
15424,0,0,0,False
15425,0,0,3,True
15426,0,0,0,False
15427,0,0,0,False
15428,0,0,3,True
15429,0,0,0,False
15430,0,0,0,False
15431,0,0,0,False
15432,0,0,0,False
15433,0,0,3,True
15434,0,0,0,False
15435,0,0,0,False
15436,0,0,0,False
15437,0,0,3,True
15438,0,0,0,False
15439,0,0,0,False
15440,0,0,3,True
15441,0,0,3,True
15442,0,0,0,False
15443,0,0,2,True
15444,0,0,0,False
15445,0,1,0,False
15446,0,0,3,True
15447,0,0,3,True
15448,0,0,0,False
15449,0,0,0,False
15450,0,0,0,False
15451,0,0,3,True
15452,0,0,3,True
15453,0,0,0,False
15454,0,0,1,True
15455,0,0,3,True
15456,0,0,0,False
15457,0,0,0,False
15458,0,0,0,False
15459,0,0,0,False
15460,0,0,0,False
15461,0,0,3,True
15462,0,0,0,False
15463,0,0,0,False
15464,0,0,0,False
15465,0,0,3,True
15466,0,0,0,False
15467,0,0,0,False
15468,0,0,3,True
15469,0,0,0,False
15470,0,0,0,False
15471,0,0,0,False
15472,0,0,0,False
15473,0,0,3,True
15474,0,0,3,True
15475,0,0,3,True
15476,0,0,0,False
15477,0,0,3,True
15478,0,0,3,True
15479,0,0,0,False
15480,0,0,0,False
15481,0,0,3,True
15482,0,0,3,True
15483,0,0,0,False
15484,0,0,3,True
15485,0,0,3,True
15486,0,3,3,False
15487,0,0,0,False
15488,0,0,0,False
15489,0,0,3,True
15490,0,0,3,True
15491,0,0,0,False
15492,0,0,0,False
15493,0,0,0,False
15494,0,0,0,False
15495,0,0,3,True
15496,0,0,0,False
15497,0,0,0,False
15498,0,0,3,True
15499,0,0,3,True
15500,0,0,0,False
15501,0,0,3,True
15502,0,0,0,False
15503,0,0,0,False
15504,0,0,0,False
15505,0,0,0,False
15506,0,0,0,False
15507,0,0,3,True
15508,0,0,0,False
15509,0,0,0,False
15510,0,0,3,True
15511,0,0,3,True
15512,0,0,3,True
15513,0,0,3,True
15514,0,0,0,False
15515,0,0,0,False
15516,0,0,0,False
15517,0,0,3,True
15518,0,0,0,False
15519,0,0,3,True
15520,0,0,0,False
15521,0,0,0,False
15522,0,0,0,False
15523,0,0,0,False
15524,0,0,3,True
15525,0,0,0,False
15526,0,0,0,False
15527,0,0,0,False
15528,0,0,0,False
15529,0,0,1,True
15530,0,0,3,True
15531,0,0,0,False
15532,0,0,0,False
15533,0,0,0,False
15534,0,0,0,False
15535,0,0,0,False
15536,0,0,0,False
15537,0,0,0,False
15538,0,0,3,True
15539,0,0,3,True
15540,0,0,0,False
15541,0,0,3,True
15542,0,0,3,True
15543,0,0,0,False
15544,0,0,0,False
15545,0,0,0,False
15546,0,0,3,True
15547,0,0,3,True
15548,0,0,0,False
15549,0,0,0,False
15550,0,0,0,False
15551,0,0,3,True
15552,0,0,3,True
15553,0,0,0,False
15554,0,0,3,True
15555,0,0,0,False
15556,0,0,0,False
15557,0,0,0,False
15558,0,0,0,False
15559,0,0,3,True
15560,0,0,0,False
15561,0,0,3,True
15562,0,0,0,False
15563,0,0,0,False
15564,0,0,3,True
15565,0,0,3,True
15566,0,0,3,True
15567,0,0,0,False
15568,0,0,0,False
15569,0,0,3,True
15570,0,0,0,False
15571,0,0,0,False
15572,0,0,0,False
15573,0,0,2,True
15574,0,0,2,True
15575,0,0,3,True
15576,0,0,3,True
15577,0,0,3,True
15578,0,0,0,False
15579,0,0,3,True
15580,0,0,0,False
15581,0,0,3,True
15582,0,0,0,False
15583,0,0,3,True
15584,0,0,0,False
15585,0,0,0,False
15586,0,0,0,False
15587,0,0,0,False
15588,0,0,0,False
15589,0,0,3,True
15590,0,0,3,True
15591,0,0,0,False
15592,0,0,3,True
15593,0,0,3,True
15594,0,0,0,False
15595,0,0,2,True
15596,0,0,0,False
15597,0,0,3,True
15598,0,0,0,False
15599,0,0,0,False
15600,0,0,1,True
15601,0,0,0,False
15602,0,0,3,True
15603,0,0,3,True
15604,0,0,0,False
15605,0,0,0,False
15606,0,0,3,True
15607,0,0,0,False
15608,0,0,0,False
15609,0,0,3,True
15610,0,0,3,True
15611,0,0,3,True
15612,0,0,0,False
15613,0,0,0,False
15614,0,0,3,True
15615,0,0,3,True
15616,0,0,0,False
15617,0,0,0,False
15618,0,0,3,True
15619,0,0,0,False
15620,0,0,3,True
15621,0,0,3,True
15622,0,0,3,True
15623,0,0,3,True
15624,0,0,0,False
15625,0,0,0,False
15626,0,0,3,True
15627,0,0,2,True
15628,0,0,3,True
15629,0,0,0,False
15630,0,0,3,True
15631,0,0,3,True
15632,0,0,3,True
15633,0,0,0,False
15634,0,0,3,True
15635,0,0,0,False
15636,0,0,0,False
15637,0,0,0,False
15638,0,0,3,True
15639,0,0,3,True
15640,0,0,0,False
15641,0,0,3,True
15642,0,0,3,True
15643,0,0,3,True
15644,0,0,3,True
15645,0,0,0,False
15646,0,0,0,False
15647,0,0,3,True
15648,0,0,0,False
15649,0,0,0,False
15650,0,0,0,False
15651,0,0,0,False
15652,0,0,3,True
15653,0,0,3,True
15654,0,0,3,True
15655,0,0,3,True
15656,0,0,3,True
15657,0,0,0,False
15658,0,0,3,True
15659,0,0,0,False
15660,0,0,3,True
15661,0,0,3,True
15662,0,0,0,False
15663,0,0,3,True
15664,0,0,3,True
15665,0,0,0,False
15666,0,0,0,False
15667,0,0,3,True
15668,0,0,0,False
15669,0,0,0,False
15670,0,0,0,False
15671,0,0,0,False
15672,0,0,3,True
15673,0,0,0,False
15674,0,0,3,True
15675,0,0,0,False
15676,0,0,3,True
15677,0,0,3,True
15678,0,0,0,False
15679,0,0,3,True
15680,0,0,3,True
15681,0,0,3,True
15682,0,0,0,False
15683,0,1,3,False
15684,0,0,3,True
15685,0,0,0,False
15686,0,0,3,True
15687,0,0,0,False
15688,0,0,0,False
15689,0,0,3,True
15690,0,0,0,False
15691,0,0,0,False
15692,0,0,0,False
15693,0,0,0,False
15694,0,0,0,False
15695,0,0,3,True
15696,0,0,0,False
15697,0,0,0,False
15698,0,0,0,False
15699,0,0,0,False
15700,0,0,3,True
15701,0,0,0,False
15702,0,0,2,True
15703,0,0,3,True
15704,0,0,0,False
15705,0,0,0,False
15706,0,0,0,False
15707,0,0,0,False
15708,0,0,0,False
15709,0,0,0,False
15710,0,0,0,False
15711,0,0,0,False
15712,0,0,3,True
15713,0,0,0,False
15714,0,0,3,True
15715,0,0,0,False
15716,0,0,0,False
15717,0,0,0,False
15718,0,0,3,True
15719,0,0,0,False
15720,0,0,0,False
15721,0,0,0,False
15722,0,0,0,False
15723,0,0,3,True
15724,0,0,0,False
15725,0,0,0,False
15726,0,0,0,False
15727,0,0,0,False
15728,0,0,3,True
15729,0,0,3,True
15730,0,0,3,True
15731,0,0,3,True
15732,0,0,0,False
15733,0,0,0,False
15734,0,0,3,True
15735,0,0,0,False
15736,0,0,0,False
15737,0,0,0,False
15738,0,0,0,False
15739,0,0,0,False
15740,0,0,0,False
15741,0,0,3,True
15742,0,0,0,False
15743,0,0,3,True
15744,0,0,0,False
15745,0,0,3,True
15746,0,0,3,True
15747,0,0,0,False
15748,0,0,3,True
15749,0,0,0,False
15750,0,0,0,False
15751,0,0,0,False
15752,0,0,0,False
15753,0,0,0,False
15754,0,0,0,False
15755,0,0,0,False
15756,0,0,0,False
15757,0,0,0,False
15758,0,0,3,True
15759,0,0,0,False
15760,0,0,0,False
15761,0,0,3,True
15762,0,0,3,True
15763,0,0,0,False
15764,0,0,0,False
15765,0,0,3,True
15766,0,0,0,False
15767,0,0,0,False
15768,0,0,3,True
15769,0,0,0,False
15770,0,0,0,False
15771,0,0,3,True
15772,0,0,0,False
15773,0,0,3,True
15774,0,0,3,True
15775,0,0,0,False
15776,0,0,0,False
15777,0,0,0,False
15778,0,0,3,True
15779,0,0,3,True
15780,0,0,3,True
15781,0,0,0,False
15782,0,0,3,True
15783,0,0,2,True
15784,0,0,3,True
15785,0,0,0,False
15786,0,0,0,False
15787,0,0,3,True
15788,0,0,3,True
15789,0,0,0,False
15790,0,0,0,False
15791,0,0,3,True
15792,0,0,3,True
15793,0,0,3,True
15794,0,0,3,True
15795,0,0,3,True
15796,0,0,0,False
15797,0,0,0,False
15798,0,0,0,False
15799,0,0,0,False
15800,0,0,0,False
15801,0,0,0,False
15802,0,0,3,True
15803,0,0,3,True
15804,0,0,0,False
15805,0,0,0,False
15806,0,0,0,False
15807,0,0,0,False
15808,0,0,3,True
15809,0,0,0,False
15810,0,0,0,False
15811,0,0,0,False
15812,0,1,0,False
15813,0,0,0,False
15814,0,0,3,True
15815,0,0,0,False
15816,0,0,0,False
15817,0,0,3,True
15818,0,0,3,True
15819,0,0,0,False
15820,0,0,0,False
15821,0,0,0,False
15822,0,0,3,True
15823,0,0,0,False
15824,0,0,3,True
15825,0,0,0,False
15826,0,0,0,False
15827,0,0,0,False
15828,0,0,3,True
15829,0,0,2,True
15830,0,0,3,True
15831,0,0,3,True
15832,0,0,0,False
15833,0,0,0,False
15834,0,0,3,True
15835,0,0,0,False
15836,0,0,3,True
15837,0,0,0,False
15838,0,0,3,True
15839,0,0,0,False
15840,0,0,3,True
15841,0,0,3,True
15842,0,0,0,False
15843,0,0,0,False
15844,0,0,0,False
15845,0,0,0,False
15846,0,0,3,True
15847,0,0,3,True
15848,0,0,0,False
15849,0,0,0,False
15850,0,0,0,False
15851,0,0,3,True
15852,0,0,3,True
15853,0,0,0,False
15854,0,0,3,True
15855,0,0,3,True
15856,0,0,0,False
15857,0,0,2,True
15858,0,0,0,False
15859,0,0,3,True
15860,0,0,0,False
15861,0,0,0,False
15862,0,0,3,True
15863,0,0,3,True
15864,0,0,0,False
15865,0,0,0,False
15866,0,0,3,True
15867,0,0,0,False
15868,0,0,0,False
15869,0,0,3,True
15870,0,0,3,True
15871,0,0,0,False
15872,0,0,0,False
15873,0,0,2,True
15874,0,0,0,False
15875,0,0,0,False
15876,0,0,0,False
15877,0,0,3,True
15878,0,0,0,False
15879,0,0,0,False
15880,0,0,3,True
15881,0,0,3,True
15882,0,0,0,False
15883,0,0,0,False
15884,0,0,0,False
15885,0,0,0,False
15886,0,0,3,True
15887,0,0,3,True
15888,0,0,0,False
15889,0,0,2,True
15890,0,0,0,False
15891,0,0,0,False
15892,0,0,3,True
15893,0,0,0,False
15894,0,0,3,True
15895,0,0,3,True
15896,0,0,0,False
15897,0,0,3,True
15898,0,0,3,True
15899,0,0,0,False
15900,0,0,0,False
15901,0,0,0,False
15902,0,0,0,False
15903,0,0,0,False
15904,0,0,0,False
15905,0,0,3,True
15906,0,0,0,False
15907,0,0,3,True
15908,0,0,3,True
15909,0,0,0,False
15910,0,0,0,False
15911,0,0,0,False
15912,0,0,3,True
15913,0,0,3,True
15914,0,0,0,False
15915,0,0,3,True
15916,0,0,3,True
15917,0,0,2,True
15918,0,0,3,True
15919,0,0,0,False
15920,0,0,3,True
15921,0,0,0,False
15922,0,0,3,True
15923,0,0,3,True
15924,0,0,3,True
15925,0,0,0,False
15926,0,0,0,False
15927,0,0,0,False
15928,0,0,0,False
15929,0,0,0,False
15930,0,0,3,True
15931,0,0,0,False
15932,0,0,0,False
15933,0,0,0,False
15934,0,0,3,True
15935,0,0,0,False
15936,0,0,0,False
15937,0,0,3,True
15938,0,0,0,False
15939,0,0,0,False
15940,0,0,0,False
15941,0,0,0,False
15942,0,0,3,True
15943,0,0,3,True
15944,0,0,0,False
15945,0,0,0,False
15946,0,0,2,True
15947,0,0,3,True
15948,0,0,0,False
15949,0,0,3,True
15950,0,0,0,False
15951,0,0,0,False
15952,0,0,0,False
15953,0,0,3,True
15954,0,0,0,False
15955,0,0,0,False
15956,0,0,0,False
15957,0,0,3,True
15958,0,0,0,False
15959,0,0,3,True
15960,0,0,3,True
15961,0,0,0,False
15962,0,0,0,False
15963,0,0,3,True
15964,0,0,0,False
15965,0,0,0,False
15966,0,0,0,False
15967,0,0,3,True
15968,0,0,3,True
15969,0,0,3,True
15970,0,0,0,False
15971,0,0,0,False
15972,0,0,0,False
15973,0,0,3,True
15974,0,0,3,True
15975,0,0,0,False
15976,0,0,0,False
15977,0,0,3,True
15978,0,0,0,False
15979,0,0,0,False
15980,0,0,3,True
15981,0,0,0,False
15982,0,0,0,False
15983,0,0,0,False
15984,0,0,0,False
15985,0,0,0,False
15986,0,0,0,False
15987,0,0,3,True
15988,0,0,0,False
15989,0,0,4,True
15990,0,0,0,False
15991,0,0,3,True
15992,0,0,0,False
15993,0,0,0,False
15994,0,1,0,False
15995,0,0,3,True
15996,0,0,0,False
15997,0,0,3,True
15998,0,0,3,True
15999,0,0,0,False
16000,0,0,3,True
16001,0,0,3,True
16002,0,0,0,False
16003,0,0,0,False
16004,0,0,3,True
16005,0,0,3,True
16006,0,0,3,True
16007,0,0,0,False
16008,0,0,3,True
16009,0,0,3,True
16010,0,0,3,True
16011,0,0,3,True
16012,0,0,0,False
16013,0,0,3,True
16014,0,0,3,True
16015,0,0,0,False
16016,0,0,3,True
16017,0,0,3,True
16018,0,0,1,True
16019,0,0,0,False
16020,0,0,0,False
16021,0,0,0,False
16022,0,0,3,True
16023,0,0,0,False
16024,0,0,0,False
16025,0,0,0,False
16026,0,0,0,False
16027,0,0,3,True
16028,0,0,0,False
16029,0,0,0,False
16030,0,0,0,False
16031,0,0,3,True
16032,0,0,0,False
16033,0,0,3,True
16034,0,0,3,True
16035,0,0,0,False
16036,0,0,0,False
16037,0,0,3,True
16038,0,0,0,False
16039,0,0,0,False
16040,0,0,3,True
16041,0,0,0,False
16042,0,0,3,True
16043,0,0,0,False
16044,0,0,1,True
16045,0,0,0,False
16046,0,0,0,False
16047,0,0,3,True
16048,0,0,0,False
16049,0,0,0,False
16050,0,0,3,True
16051,0,0,3,True
16052,0,0,3,True
16053,0,0,0,False
16054,0,0,0,False
16055,0,0,0,False
16056,0,0,0,False
16057,0,0,3,True
16058,0,0,2,True
16059,0,0,0,False
16060,0,0,0,False
16061,0,0,3,True
16062,0,0,0,False
16063,0,0,0,False
16064,0,0,0,False
16065,0,0,3,True
16066,0,0,0,False
16067,0,0,0,False
16068,0,0,0,False
16069,0,0,0,False
16070,0,0,0,False
16071,0,0,3,True
16072,0,0,0,False
16073,0,0,0,False
16074,0,0,0,False
16075,0,0,0,False
16076,0,0,3,True
16077,0,0,3,True
16078,0,0,0,False
16079,0,0,3,True
16080,0,0,0,False
16081,0,0,3,True
16082,0,0,3,True
16083,0,0,3,True
16084,0,0,0,False
16085,0,0,2,True
16086,0,0,2,True
16087,0,0,1,True
16088,0,0,0,False
16089,0,0,3,True
16090,0,0,3,True
16091,0,0,0,False
16092,0,0,3,True
16093,0,0,3,True
16094,0,0,0,False
16095,0,0,3,True
16096,0,0,0,False
16097,0,0,3,True
16098,0,0,0,False
16099,0,0,3,True
16100,0,0,3,True
16101,0,0,3,True
16102,0,0,3,True
16103,0,0,0,False
16104,0,0,2,True
16105,0,0,0,False
16106,0,0,0,False
16107,0,0,0,False
16108,0,0,0,False
16109,0,0,3,True
16110,0,0,3,True
16111,0,0,0,False
16112,0,0,3,True
16113,0,0,0,False
16114,0,0,0,False
16115,0,0,0,False
16116,0,0,3,True
16117,0,0,3,True
16118,0,0,3,True
16119,0,0,0,False
16120,0,0,0,False
16121,0,0,0,False
16122,0,0,3,True
16123,0,0,3,True
16124,0,0,0,False
16125,0,0,3,True
16126,0,0,0,False
16127,0,0,0,False
16128,0,0,0,False
16129,0,0,0,False
16130,0,0,3,True
16131,0,0,3,True
16132,0,0,0,False
16133,0,0,2,True
16134,0,0,3,True
16135,0,0,3,True
16136,0,0,0,False
16137,0,0,3,True
16138,0,0,0,False
16139,0,0,3,True
16140,0,0,3,True
16141,0,0,3,True
16142,0,0,0,False
16143,0,0,3,True
16144,0,0,0,False
16145,0,0,3,True
16146,0,0,3,True
16147,0,0,0,False
16148,0,0,0,False
16149,0,0,1,True
16150,0,0,3,True
16151,0,0,0,False
16152,0,0,3,True
16153,0,0,3,True
16154,0,0,3,True
16155,0,0,0,False
16156,0,0,0,False
16157,0,0,0,False
16158,0,0,3,True
16159,0,0,3,True
16160,0,0,0,False
16161,0,0,0,False
16162,0,0,0,False
16163,0,0,0,False
16164,0,0,0,False
16165,0,0,0,False
16166,0,0,3,True
16167,0,0,0,False
16168,0,0,0,False
16169,0,0,3,True
16170,0,0,0,False
16171,0,0,0,False
16172,0,0,3,True
16173,0,0,0,False
16174,0,0,0,False
16175,0,0,0,False
16176,0,0,0,False
16177,0,0,0,False
16178,0,0,3,True
16179,0,0,3,True
16180,0,0,0,False
16181,0,0,0,False
16182,0,0,0,False
16183,0,0,0,False
16184,0,0,2,True
16185,0,0,3,True
16186,0,0,0,False
16187,0,0,3,True
16188,0,0,3,True
16189,0,0,0,False
16190,0,0,0,False
16191,0,0,0,False
16192,0,0,3,True
16193,0,0,0,False
16194,0,0,3,True
16195,0,0,0,False
16196,0,0,0,False
16197,0,0,0,False
16198,0,0,0,False
16199,0,0,3,True
16200,0,0,3,True
16201,0,0,3,True
16202,0,0,3,True
16203,0,0,0,False
16204,0,0,0,False
16205,0,0,3,True
16206,0,0,3,True
16207,0,0,0,False
16208,0,0,3,True
16209,0,0,0,False
16210,0,0,0,False
16211,0,0,0,False
16212,0,0,3,True
16213,0,0,3,True
16214,0,0,0,False
16215,0,0,0,False
16216,0,0,3,True
16217,0,0,0,False
16218,0,0,3,True
16219,0,0,3,True
16220,0,0,3,True
16221,0,0,0,False
16222,0,0,0,False
16223,0,0,0,False
16224,0,0,0,False
16225,0,0,0,False
16226,0,0,0,False
16227,0,0,3,True
16228,0,0,0,False
16229,0,0,3,True
16230,0,0,0,False
16231,0,0,0,False
16232,0,0,3,True
16233,0,0,0,False
16234,0,0,0,False
16235,0,0,3,True
16236,0,0,0,False
16237,0,0,3,True
16238,0,0,3,True
16239,0,0,3,True
16240,0,0,0,False
16241,0,0,0,False
16242,0,0,0,False
16243,0,0,0,False
16244,0,0,3,True
16245,0,0,3,True
16246,0,0,3,True
16247,0,0,0,False
16248,0,0,3,True
16249,0,0,3,True
16250,0,0,0,False
16251,0,0,0,False
16252,0,0,0,False
16253,0,0,3,True
16254,0,0,0,False
16255,0,0,3,True
16256,0,0,0,False
16257,0,0,3,True
16258,0,0,0,False
16259,0,0,3,True
16260,0,0,0,False
16261,0,0,3,True
16262,0,0,3,True
16263,0,0,0,False
16264,0,0,2,True
16265,0,0,3,True
16266,0,0,3,True
16267,0,0,3,True
16268,0,0,0,False
16269,0,0,0,False
16270,0,0,3,True
16271,0,0,3,True
16272,0,0,0,False
16273,0,0,0,False
16274,0,0,0,False
16275,0,0,0,False
16276,0,0,0,False
16277,0,0,0,False
16278,0,0,3,True
16279,0,0,3,True
16280,0,0,0,False
16281,0,0,0,False
16282,0,0,3,True
16283,0,0,3,True
16284,0,0,0,False
16285,0,0,0,False
16286,0,0,3,True
16287,0,0,0,False
16288,0,0,3,True
16289,0,0,0,False
16290,0,0,0,False
16291,0,0,3,True
16292,0,0,0,False
16293,0,0,0,False
16294,0,0,0,False
16295,0,0,3,True
16296,0,0,0,False
16297,0,0,3,True
16298,0,0,0,False
16299,0,0,0,False
16300,0,0,0,False
16301,0,0,0,False
16302,0,0,0,False
16303,0,0,3,True
16304,0,0,0,False
16305,0,0,3,True
16306,0,0,0,False
16307,0,0,0,False
16308,0,0,2,True
16309,0,0,3,True
16310,0,0,3,True
16311,0,0,0,False
16312,0,0,3,True
16313,0,0,0,False
16314,0,0,3,True
16315,0,0,0,False
16316,0,0,0,False
16317,0,0,0,False
16318,0,0,3,True
16319,0,0,3,True
16320,0,0,0,False
16321,0,0,0,False
16322,0,0,0,False
16323,0,0,0,False
16324,0,0,0,False
16325,0,0,2,True
16326,0,0,0,False
16327,0,0,3,True
16328,0,0,0,False
16329,0,0,3,True
16330,0,0,0,False
16331,0,0,0,False
16332,0,0,0,False
16333,0,0,0,False
16334,0,0,3,True
16335,0,0,0,False
16336,0,0,0,False
16337,0,0,0,False
16338,0,0,3,True
16339,0,0,3,True
16340,0,0,3,True
16341,0,0,0,False
16342,0,0,1,True
16343,0,0,0,False
16344,0,0,0,False
16345,0,0,3,True
16346,0,0,3,True
16347,0,0,0,False
16348,0,0,0,False
16349,0,0,3,True
16350,0,1,3,False
16351,0,0,0,False
16352,0,0,0,False
16353,0,0,3,True
16354,0,0,3,True
16355,0,0,0,False
16356,0,0,0,False
16357,0,0,3,True
16358,0,0,3,True
16359,0,0,0,False
16360,0,0,0,False
16361,0,0,3,True
16362,0,0,0,False
16363,0,0,0,False
16364,0,0,0,False
16365,0,0,3,True
16366,0,0,0,False
16367,0,0,0,False
16368,0,0,3,True
16369,0,0,3,True
16370,0,0,3,True
16371,0,0,0,False
16372,0,0,0,False
16373,0,0,0,False
16374,0,0,0,False
16375,0,0,3,True
16376,0,0,0,False
16377,0,0,3,True
16378,0,0,0,False
16379,0,0,0,False
16380,0,0,3,True
16381,0,0,0,False
16382,0,0,0,False
16383,0,0,0,False
16384,0,0,0,False
16385,0,0,3,True
16386,0,0,3,True
16387,0,0,0,False
16388,0,0,3,True
16389,0,0,1,True
16390,0,0,0,False
16391,0,0,3,True
16392,0,0,0,False
16393,0,0,0,False
16394,0,0,3,True
16395,0,0,0,False
16396,0,0,0,False
16397,0,0,0,False
16398,0,0,3,True
16399,0,0,2,True
16400,0,0,0,False
16401,0,0,0,False
16402,0,0,3,True
16403,0,0,0,False
16404,0,0,3,True
16405,0,0,0,False
16406,0,0,0,False
16407,0,0,0,False
16408,0,0,0,False
16409,0,0,3,True
16410,0,0,0,False
16411,0,0,0,False
16412,0,0,0,False
16413,0,0,0,False
16414,0,0,3,True
16415,0,0,3,True
16416,0,0,3,True
16417,0,0,0,False
16418,0,0,3,True
16419,0,0,0,False
16420,0,0,0,False
16421,0,0,0,False
16422,0,0,3,True
16423,0,0,0,False
16424,0,0,0,False
16425,0,0,3,True
16426,0,0,0,False
16427,0,0,3,True
16428,0,0,3,True
16429,0,0,3,True
16430,0,0,0,False
16431,0,0,3,True
16432,0,0,3,True
16433,0,0,0,False
16434,0,0,3,True
16435,0,0,3,True
16436,0,0,3,True
16437,0,0,3,True
16438,0,0,3,True
16439,0,0,3,True
16440,0,0,3,True
16441,0,0,0,False
16442,0,0,0,False
16443,0,0,0,False
16444,0,0,0,False
16445,0,0,0,False
16446,0,0,0,False
16447,0,0,0,False
16448,0,0,3,True
16449,0,0,3,True
16450,0,0,0,False
16451,0,0,0,False
16452,0,0,0,False
16453,0,0,3,True
16454,0,0,0,False
16455,0,0,0,False
16456,0,0,0,False
16457,0,0,2,True
16458,0,0,0,False
16459,0,0,3,True
16460,0,0,0,False
16461,0,0,0,False
16462,0,0,3,True
16463,0,0,0,False
16464,0,0,3,True
16465,0,0,0,False
16466,0,0,3,True
16467,0,0,3,True
16468,0,0,3,True
16469,0,0,3,True
16470,0,0,3,True
16471,0,0,3,True
16472,0,0,0,False
16473,0,0,0,False
16474,0,0,0,False
16475,0,0,0,False
16476,0,0,0,False
16477,0,0,3,True
16478,0,0,0,False
16479,0,0,0,False
16480,0,0,3,True
16481,0,0,0,False
16482,0,0,0,False
16483,0,0,3,True
16484,0,0,3,True
16485,0,0,3,True
16486,0,0,3,True
16487,0,0,0,False
16488,0,0,0,False
16489,0,0,3,True
16490,0,0,0,False
16491,0,0,0,False
16492,0,0,0,False
16493,0,0,3,True
16494,0,0,3,True
16495,0,0,0,False
16496,0,0,0,False
16497,0,0,0,False
16498,0,0,0,False
16499,0,0,3,True
16500,0,0,3,True
16501,0,0,0,False
16502,0,0,3,True
16503,0,0,0,False
16504,0,0,0,False
16505,0,0,0,False
16506,0,0,0,False
16507,0,0,3,True
16508,0,0,3,True
16509,0,0,3,True
16510,0,0,3,True
16511,0,0,0,False
16512,0,0,0,False
16513,0,0,0,False
16514,0,0,0,False
16515,0,0,0,False
16516,0,0,3,True
16517,0,0,3,True
16518,0,0,3,True
16519,0,0,0,False
16520,0,0,0,False
16521,0,0,3,True
16522,0,0,3,True
16523,0,0,0,False
16524,0,0,3,True
16525,0,0,0,False
16526,0,0,0,False
16527,0,0,0,False
16528,0,0,0,False
16529,0,0,0,False
16530,0,0,0,False
16531,0,0,3,True
16532,0,0,3,True
16533,0,0,3,True
16534,0,0,3,True
16535,0,0,3,True
16536,0,0,3,True
16537,0,0,0,False
16538,0,0,3,True
16539,0,0,3,True
16540,0,0,0,False
16541,0,0,3,True
16542,0,0,0,False
16543,0,0,0,False
16544,0,0,0,False
16545,0,0,0,False
16546,0,0,0,False
16547,0,0,3,True
16548,0,0,0,False
16549,0,0,0,False
16550,0,0,0,False
16551,0,0,3,True
16552,0,0,3,True
16553,0,0,3,True
16554,0,0,3,True
16555,0,0,0,False
16556,0,0,0,False
16557,0,0,3,True
16558,0,0,0,False
16559,0,0,3,True
16560,0,0,0,False
16561,0,0,0,False
16562,0,0,0,False
16563,0,0,0,False
16564,0,0,0,False
16565,0,0,3,True
16566,0,0,0,False
16567,0,0,3,True
16568,0,0,0,False
16569,0,0,0,False
16570,0,0,0,False
16571,0,0,0,False
16572,0,0,3,True
16573,0,0,0,False
16574,0,0,0,False
16575,0,0,0,False
16576,0,0,3,True
16577,0,0,0,False
16578,0,0,0,False
16579,0,0,0,False
16580,0,0,2,True
16581,0,0,0,False
16582,0,0,0,False
16583,0,0,0,False
16584,0,0,0,False
16585,0,0,0,False
16586,0,0,3,True
16587,0,0,0,False
16588,0,0,0,False
16589,0,0,0,False
16590,0,0,3,True
16591,0,0,3,True
16592,0,0,3,True
16593,0,0,0,False
16594,0,0,3,True
16595,0,0,0,False
16596,0,0,3,True
16597,0,0,0,False
16598,0,0,0,False
16599,0,0,0,False
16600,0,0,3,True
16601,0,0,3,True
16602,0,0,3,True
16603,0,0,0,False
16604,0,0,0,False
16605,0,0,0,False
16606,0,0,0,False
16607,0,0,0,False
16608,0,0,0,False
16609,0,0,3,True
16610,0,0,0,False
16611,0,0,0,False
16612,0,0,0,False
16613,0,0,3,True
16614,0,0,0,False
16615,0,0,3,True
16616,0,0,0,False
16617,0,0,0,False
16618,0,0,0,False
16619,0,0,3,True
16620,0,0,3,True
16621,0,0,0,False
16622,0,0,0,False
16623,0,0,0,False
16624,0,0,0,False
16625,0,0,1,True
16626,0,0,0,False
16627,0,0,0,False
16628,0,0,0,False
16629,0,0,0,False
16630,0,0,0,False
16631,0,0,0,False
16632,0,0,3,True
16633,0,0,0,False
16634,0,0,3,True
16635,0,0,0,False
16636,0,0,0,False
16637,0,0,0,False
16638,0,0,0,False
16639,0,0,0,False
16640,0,0,3,True
16641,0,0,0,False
16642,0,0,2,True
16643,0,0,0,False
16644,0,0,3,True
16645,0,0,3,True
16646,0,0,0,False
16647,0,0,3,True
16648,0,0,3,True
16649,0,0,3,True
16650,0,0,0,False
16651,0,0,0,False
16652,0,0,0,False
16653,0,0,0,False
16654,0,0,3,True
16655,0,0,0,False
16656,0,0,3,True
16657,0,0,3,True
16658,0,0,0,False
16659,0,0,3,True
16660,0,0,3,True
16661,0,0,0,False
16662,0,0,0,False
16663,0,0,3,True
16664,0,0,0,False
16665,0,0,3,True
16666,0,0,3,True
16667,0,0,0,False
16668,0,0,3,True
16669,0,0,0,False
16670,0,0,0,False
16671,0,0,3,True
16672,0,0,0,False
16673,0,0,3,True
16674,0,0,0,False
16675,0,0,0,False
16676,0,0,0,False
16677,0,0,3,True
16678,0,0,3,True
16679,0,0,3,True
16680,0,0,0,False
16681,0,0,0,False
16682,0,0,0,False
16683,0,0,3,True
16684,0,0,0,False
16685,0,0,0,False
16686,0,0,3,True
16687,0,0,3,True
16688,0,0,3,True
16689,0,0,0,False
16690,0,0,3,True
16691,0,0,3,True
16692,0,0,3,True
16693,0,0,0,False
16694,0,0,0,False
16695,0,0,0,False
16696,0,0,3,True
16697,0,0,1,True
16698,0,0,0,False
16699,0,0,3,True
16700,0,0,0,False
16701,0,0,3,True
16702,0,0,0,False
16703,0,0,3,True
16704,0,0,3,True
16705,0,0,3,True
16706,0,0,0,False
16707,0,0,0,False
16708,0,0,0,False
16709,0,0,0,False
16710,0,0,0,False
16711,0,0,3,True
16712,0,0,0,False
16713,0,0,0,False
16714,0,3,3,False
16715,0,0,3,True
16716,0,0,0,False
16717,0,0,3,True
16718,0,0,0,False
16719,0,0,0,False
16720,0,0,0,False
16721,0,0,0,False
16722,0,0,0,False
16723,0,0,0,False
16724,0,0,0,False
16725,0,0,3,True
16726,0,0,3,True
16727,0,0,0,False
16728,0,0,3,True
16729,0,0,0,False
16730,0,0,0,False
16731,0,0,3,True
16732,0,0,0,False
16733,0,0,0,False
16734,0,0,0,False
16735,0,0,0,False
16736,0,0,0,False
16737,0,0,0,False
16738,0,0,0,False
16739,0,0,0,False
16740,0,0,3,True
16741,0,0,3,True
16742,0,0,0,False
16743,0,0,3,True
16744,0,0,0,False
16745,0,0,0,False
16746,0,0,3,True
16747,0,0,0,False
16748,0,0,3,True
16749,0,0,0,False
16750,0,0,0,False
16751,0,0,3,True
16752,0,0,3,True
16753,0,0,3,True
16754,0,0,0,False
16755,0,0,0,False
16756,0,0,0,False
16757,0,0,0,False
16758,0,0,3,True
16759,0,0,0,False
16760,0,0,3,True
16761,0,0,3,True
16762,0,0,0,False
16763,0,0,0,False
16764,0,0,0,False
16765,0,0,0,False
16766,0,0,2,True
16767,0,0,0,False
16768,0,0,0,False
16769,0,0,3,True
16770,0,0,0,False
16771,0,0,3,True
16772,0,0,3,True
16773,0,0,0,False
16774,0,0,0,False
16775,0,0,3,True
16776,0,0,3,True
16777,0,0,0,False
16778,0,0,0,False
16779,0,0,0,False
16780,0,0,0,False
16781,0,0,0,False
16782,0,0,0,False
16783,0,0,3,True
16784,0,0,0,False
16785,0,0,0,False
16786,0,0,0,False
16787,0,0,3,True
16788,0,0,0,False
16789,0,0,0,False
16790,0,0,0,False
16791,0,0,0,False
16792,0,0,0,False
16793,0,0,0,False
16794,0,0,3,True
16795,0,0,0,False
16796,0,0,0,False
16797,0,0,0,False
16798,0,0,0,False
16799,0,0,3,True
16800,0,0,3,True
16801,0,0,0,False
16802,0,0,0,False
16803,0,0,3,True
16804,0,0,0,False
16805,0,0,0,False
16806,0,0,0,False
16807,0,0,3,True
16808,0,0,3,True
16809,0,0,3,True
16810,0,0,0,False
16811,0,0,3,True
16812,0,0,0,False
16813,0,0,0,False
16814,0,0,0,False
16815,0,0,0,False
16816,0,0,0,False
16817,0,0,0,False
16818,0,0,3,True
16819,0,0,3,True
16820,0,0,0,False
16821,0,0,0,False
16822,0,1,0,False
16823,0,1,0,False
16824,0,0,0,False
16825,0,0,0,False
16826,0,0,3,True
16827,0,0,3,True
16828,0,0,2,True
16829,0,0,3,True
16830,0,0,3,True
16831,0,0,0,False
16832,0,0,0,False
16833,0,0,3,True
16834,0,0,3,True
16835,0,0,0,False
16836,0,0,0,False
16837,0,0,3,True
16838,0,0,3,True
16839,0,0,0,False
16840,0,0,0,False
16841,0,0,3,True
16842,0,0,0,False
16843,0,0,0,False
16844,0,0,0,False
16845,0,0,2,True
16846,0,0,0,False
16847,0,0,0,False
16848,0,0,0,False
16849,0,0,3,True
16850,0,0,0,False
16851,0,0,3,True
16852,0,0,3,True
16853,0,0,0,False
16854,0,0,3,True
16855,0,0,0,False
16856,0,0,0,False
16857,0,0,3,True
16858,0,0,0,False
16859,0,0,0,False
16860,0,0,0,False
16861,0,0,0,False
16862,0,0,0,False
16863,0,0,3,True
16864,0,0,0,False
16865,0,0,0,False
16866,0,0,3,True
16867,0,0,3,True
16868,0,0,0,False
16869,0,0,0,False
16870,0,0,3,True
16871,0,0,0,False
16872,0,0,3,True
16873,0,0,0,False
16874,0,0,0,False
16875,0,0,3,True
16876,0,0,0,False
16877,0,0,3,True
16878,0,0,0,False
16879,0,0,0,False
16880,0,0,3,True
16881,0,0,3,True
16882,0,0,0,False
16883,0,0,0,False
16884,0,0,0,False
16885,0,0,3,True
16886,0,0,3,True
16887,0,0,0,False
16888,0,0,3,True
16889,0,0,3,True
16890,0,0,0,False
16891,0,0,0,False
16892,0,0,3,True
16893,0,0,0,False
16894,0,0,0,False
16895,0,0,3,True
16896,0,0,0,False
16897,0,0,0,False
16898,0,0,0,False
16899,0,0,0,False
16900,0,0,0,False
16901,0,0,3,True
16902,0,0,3,True
16903,0,0,0,False
16904,0,0,3,True
16905,0,0,0,False
16906,0,0,0,False
16907,0,0,3,True
16908,0,0,3,True
16909,0,3,3,False
16910,0,0,2,True
16911,0,0,0,False
16912,0,0,0,False
16913,0,0,0,False
16914,0,0,0,False
16915,0,0,3,True
16916,0,0,0,False
16917,0,0,0,False
16918,0,0,0,False
16919,0,0,0,False
16920,0,0,0,False
16921,0,0,3,True
16922,0,0,3,True
16923,0,0,0,False
16924,0,0,2,True
16925,0,0,3,True
16926,0,0,0,False
16927,0,0,0,False
16928,0,0,0,False
16929,0,0,0,False
16930,0,0,3,True
16931,0,0,0,False
16932,0,0,0,False
16933,0,0,3,True
16934,0,0,0,False
16935,0,0,0,False
16936,0,0,0,False
16937,0,0,3,True
16938,0,0,3,True
16939,0,0,0,False
16940,0,0,0,False
16941,0,0,0,False
16942,0,0,0,False
16943,0,0,3,True
16944,0,0,0,False
16945,0,0,0,False
16946,0,0,3,True
16947,0,0,0,False
16948,0,0,3,True
16949,0,0,0,False
16950,0,0,0,False
16951,0,0,3,True
16952,0,0,2,True
16953,0,0,0,False
16954,0,0,0,False
16955,0,0,0,False
16956,0,0,3,True
16957,0,0,2,True
16958,0,0,3,True
16959,0,0,0,False
16960,0,0,3,True
16961,0,0,3,True
16962,0,0,3,True
16963,0,0,0,False
16964,0,0,0,False
16965,0,0,0,False
16966,0,0,0,False
16967,0,0,3,True
16968,0,0,3,True
16969,0,0,3,True
16970,0,0,0,False
16971,0,0,0,False
16972,0,0,0,False
16973,0,0,0,False
16974,0,0,0,False
16975,0,0,0,False
16976,0,0,3,True
16977,0,0,3,True
16978,0,0,3,True
16979,0,0,0,False
16980,0,0,0,False
16981,0,0,3,True
16982,0,0,0,False
16983,0,0,3,True
16984,0,0,3,True
16985,0,0,3,True
16986,0,0,0,False
16987,0,0,3,True
16988,0,0,0,False
16989,0,0,0,False
16990,0,0,0,False
16991,0,0,3,True
16992,0,0,3,True
16993,0,0,3,True
16994,0,0,0,False
16995,0,0,0,False
16996,0,0,3,True
16997,0,0,3,True
16998,0,0,0,False
16999,0,0,3,True
17000,0,0,3,True
17001,0,0,0,False
17002,0,0,0,False
17003,0,0,3,True
17004,0,0,3,True
17005,0,0,0,False
17006,0,0,0,False
17007,0,0,3,True
17008,0,0,0,False
17009,0,0,3,True
17010,0,0,0,False
17011,0,0,0,False
17012,0,0,0,False
17013,0,0,0,False
17014,0,0,0,False
17015,0,0,0,False
17016,0,0,0,False
17017,0,0,0,False
17018,0,0,3,True
17019,0,0,0,False
17020,0,0,3,True
17021,0,0,0,False
17022,0,0,0,False
17023,0,0,0,False
17024,0,0,0,False
17025,0,0,2,True
17026,0,0,0,False
17027,0,0,0,False
17028,0,0,0,False
17029,0,0,0,False
17030,0,0,3,True
17031,0,0,0,False
17032,0,0,0,False
17033,0,0,3,True
17034,0,0,0,False
17035,0,0,0,False
17036,0,0,0,False
17037,0,0,3,True
17038,0,0,3,True
17039,0,0,3,True
17040,0,0,0,False
17041,0,0,3,True
17042,0,0,0,False
17043,0,0,0,False
17044,0,0,0,False
17045,0,0,0,False
17046,0,0,3,True
17047,0,0,0,False
17048,0,0,3,True
17049,0,0,0,False
17050,0,0,0,False
17051,0,0,0,False
17052,0,0,0,False
17053,0,0,3,True
17054,0,0,0,False
17055,0,0,0,False
17056,0,0,0,False
17057,0,0,3,True
17058,0,0,3,True
17059,0,0,0,False
17060,0,0,0,False
17061,0,0,0,False
17062,0,0,3,True
17063,0,0,0,False
17064,0,0,0,False
17065,0,0,0,False
17066,0,0,3,True
17067,0,0,0,False
17068,0,0,3,True
17069,0,0,3,True
17070,0,0,0,False
17071,0,0,0,False
17072,0,0,3,True
17073,0,0,0,False
17074,0,0,3,True
17075,0,0,2,True
17076,0,0,0,False
17077,0,0,3,True
17078,0,0,3,True
17079,0,0,0,False
17080,0,0,0,False
17081,0,0,3,True
17082,0,0,0,False
17083,0,0,0,False
17084,0,0,3,True
17085,0,0,0,False
17086,0,0,0,False
17087,0,0,3,True
17088,0,0,3,True
17089,0,0,0,False
17090,0,0,0,False
17091,0,0,0,False
17092,0,0,0,False
17093,0,0,3,True
17094,0,0,0,False
17095,0,0,0,False
17096,0,0,0,False
17097,0,0,0,False
17098,0,0,0,False
17099,0,0,3,True
17100,0,0,0,False
17101,0,0,0,False
17102,0,0,0,False
17103,0,0,0,False
17104,0,0,3,True
17105,0,0,0,False
17106,0,0,0,False
17107,0,0,0,False
17108,0,0,3,True
17109,0,0,3,True
17110,0,0,0,False
17111,0,0,3,True
17112,0,0,0,False
17113,0,0,0,False
17114,0,0,0,False
17115,0,0,1,True
17116,0,0,0,False
17117,0,0,0,False
17118,0,0,0,False
17119,0,0,0,False
17120,0,0,3,True
17121,0,0,3,True
17122,0,0,0,False
17123,0,0,0,False
17124,0,0,3,True
17125,0,0,0,False
17126,0,0,3,True
17127,0,0,3,True
17128,0,0,0,False
17129,0,0,0,False
17130,0,0,3,True
17131,0,0,3,True
17132,0,0,3,True
17133,0,0,0,False
17134,0,0,3,True
17135,0,0,0,False
17136,0,0,0,False
17137,0,0,0,False
17138,0,0,3,True
17139,0,0,3,True
17140,0,0,3,True
17141,0,0,0,False
17142,0,0,0,False
17143,0,0,0,False
17144,0,0,0,False
17145,0,0,3,True
17146,0,0,0,False
17147,0,0,0,False
17148,0,0,3,True
17149,0,0,0,False
17150,0,0,3,True
17151,0,0,0,False
17152,0,0,0,False
17153,0,0,3,True
17154,0,0,0,False
17155,0,0,3,True
17156,0,0,3,True
17157,0,0,3,True
17158,0,0,2,True
17159,0,0,0,False
17160,0,0,3,True
17161,0,0,3,True
17162,0,0,3,True
17163,0,0,0,False
17164,0,0,3,True
17165,0,0,0,False
17166,0,0,0,False
17167,0,0,3,True
17168,0,0,0,False
17169,0,0,0,False
17170,0,0,3,True
17171,0,0,3,True
17172,0,0,0,False
17173,0,0,0,False
17174,0,0,0,False
17175,0,0,0,False
17176,0,0,3,True
17177,0,0,0,False
17178,0,0,0,False
17179,0,0,3,True
17180,0,0,0,False
17181,0,0,0,False
17182,0,0,3,True
17183,0,0,0,False
17184,0,0,0,False
17185,0,0,3,True
17186,0,0,3,True
17187,0,0,3,True
17188,0,0,3,True
17189,0,0,3,True
17190,0,0,3,True
17191,0,0,0,False
17192,0,0,2,True
17193,0,0,3,True
17194,0,0,0,False
17195,0,0,3,True
17196,0,0,0,False
17197,0,0,0,False
17198,0,0,3,True
17199,0,0,3,True
17200,0,0,0,False
17201,0,0,0,False
17202,0,0,3,True
17203,0,0,3,True
17204,0,0,2,True
17205,0,0,0,False
17206,0,0,0,False
17207,0,0,0,False
17208,0,0,0,False
17209,0,0,0,False
17210,0,0,0,False
17211,0,0,0,False
17212,0,0,0,False
17213,0,0,0,False
17214,0,0,3,True
17215,0,0,0,False
17216,0,0,0,False
17217,0,0,0,False
17218,0,0,0,False
17219,0,0,0,False
17220,0,0,0,False
17221,0,0,0,False
17222,0,0,0,False
17223,0,0,0,False
17224,0,0,0,False
17225,0,0,0,False
17226,0,0,3,True
17227,0,0,0,False
17228,0,0,0,False
17229,0,0,3,True
17230,0,0,0,False
17231,0,0,0,False
17232,0,0,3,True
17233,0,0,3,True
17234,0,0,3,True
17235,0,0,3,True
17236,0,0,3,True
17237,0,0,0,False
17238,0,0,0,False
17239,0,0,3,True
17240,0,0,3,True
17241,0,0,2,True
17242,0,0,3,True
17243,0,0,0,False
17244,0,0,0,False
17245,0,1,0,False
17246,0,0,0,False
17247,0,0,0,False
17248,0,0,0,False
17249,0,0,3,True
17250,0,0,3,True
17251,0,0,2,True
17252,0,0,3,True
17253,0,0,0,False
17254,0,0,0,False
17255,0,0,3,True
17256,0,0,3,True
17257,0,0,0,False
17258,0,0,3,True
17259,0,0,0,False
17260,0,0,0,False
17261,0,0,3,True
17262,0,0,0,False
17263,0,0,3,True
17264,0,0,3,True
17265,0,0,3,True
17266,0,0,3,True
17267,0,0,3,True
17268,0,0,0,False
17269,0,0,0,False
17270,0,0,3,True
17271,0,0,0,False
17272,0,0,3,True
17273,0,0,0,False
17274,0,0,0,False
17275,0,0,0,False
17276,0,0,3,True
17277,0,0,3,True
17278,0,0,3,True
17279,0,0,0,False
17280,0,0,0,False
17281,0,0,0,False
17282,0,0,3,True
17283,0,0,0,False
17284,0,0,3,True
17285,0,0,3,True
17286,0,0,3,True
17287,0,0,0,False
17288,0,0,0,False
17289,0,0,0,False
17290,0,0,3,True
17291,0,0,0,False
17292,0,0,3,True
17293,0,0,3,True
17294,0,0,0,False
17295,0,0,3,True
17296,0,0,0,False
17297,0,0,3,True
17298,0,0,3,True
17299,0,0,0,False
17300,0,0,0,False
17301,0,0,3,True
17302,0,0,3,True
17303,0,0,0,False
17304,0,0,0,False
17305,0,0,3,True
17306,0,0,0,False
17307,0,0,0,False
17308,0,0,3,True
17309,0,0,0,False
17310,0,0,3,True
17311,0,0,0,False
17312,0,0,0,False
17313,0,0,0,False
17314,0,0,0,False
17315,0,0,0,False
17316,0,0,0,False
17317,0,0,3,True
17318,0,0,0,False
17319,0,0,3,True
17320,0,0,3,True
17321,0,0,3,True
17322,0,3,3,False
17323,0,0,3,True
17324,0,0,3,True
17325,0,0,0,False
17326,0,0,3,True
17327,0,0,0,False
17328,0,0,0,False
17329,0,0,3,True
17330,0,0,0,False
17331,0,0,3,True
17332,0,0,0,False
17333,0,0,0,False
17334,0,0,3,True
17335,0,0,3,True
17336,0,0,0,False
17337,0,0,0,False
17338,0,0,3,True
17339,0,0,0,False
17340,0,0,3,True
17341,0,0,0,False
17342,0,0,3,True
17343,0,0,3,True
17344,0,0,3,True
17345,0,0,0,False
17346,0,0,3,True
17347,0,0,0,False
17348,0,0,0,False
17349,0,0,0,False
17350,0,0,0,False
17351,0,0,0,False
17352,0,0,3,True
17353,0,0,0,False
17354,0,0,0,False
17355,0,0,0,False
17356,0,0,0,False
17357,0,0,0,False
17358,0,0,0,False
17359,0,0,3,True
17360,0,0,3,True
17361,0,0,0,False
17362,0,0,0,False
17363,0,0,3,True
17364,0,0,2,True
17365,0,0,3,True
17366,0,0,3,True
17367,0,0,3,True
17368,0,0,3,True
17369,0,0,3,True
17370,0,0,0,False
17371,0,0,0,False
17372,0,0,0,False
17373,0,0,0,False
17374,0,0,0,False
17375,0,0,0,False
17376,0,0,3,True
17377,0,0,0,False
17378,0,0,3,True
17379,0,0,0,False
17380,0,0,0,False
17381,0,0,0,False
17382,0,0,0,False
17383,0,0,0,False
17384,0,0,0,False
17385,0,0,0,False
17386,0,0,3,True
17387,0,0,3,True
17388,0,0,0,False
17389,0,0,3,True
17390,0,0,0,False
17391,0,0,0,False
17392,0,0,3,True
17393,0,0,0,False
17394,0,0,3,True
17395,0,0,3,True
17396,0,0,0,False
17397,0,0,0,False
17398,0,0,0,False
17399,0,0,0,False
17400,0,0,0,False
17401,0,0,3,True
17402,0,0,0,False
17403,0,0,3,True
17404,0,0,0,False
17405,0,0,0,False
17406,0,0,0,False
17407,0,0,3,True
17408,0,0,0,False
17409,0,0,0,False
17410,0,0,3,True
17411,0,0,0,False
17412,0,0,0,False
17413,0,0,3,True
17414,0,0,0,False
17415,0,0,0,False
17416,0,0,0,False
17417,0,0,0,False
17418,0,0,0,False
17419,0,0,0,False
17420,0,0,0,False
17421,0,0,0,False
17422,0,0,3,True
17423,0,0,3,True
17424,0,0,0,False
17425,0,0,0,False
17426,0,0,3,True
17427,0,0,0,False
17428,0,0,0,False
17429,0,0,0,False
17430,0,0,0,False
17431,0,0,0,False
17432,0,0,0,False
17433,0,0,3,True
17434,0,0,3,True
17435,0,0,3,True
17436,0,0,0,False
17437,0,0,0,False
17438,0,0,3,True
17439,0,0,3,True
17440,0,0,3,True
17441,0,0,3,True
17442,0,0,3,True
17443,0,0,3,True
17444,0,0,3,True
17445,0,0,3,True
17446,0,0,0,False
17447,0,0,3,True
17448,0,0,0,False
17449,0,0,3,True
17450,0,0,0,False
17451,0,0,3,True
17452,0,0,0,False
17453,0,0,0,False
17454,0,0,0,False
17455,0,0,0,False
17456,0,0,3,True
17457,0,0,0,False
17458,0,0,0,False
17459,0,0,0,False
17460,0,0,3,True
17461,0,0,3,True
17462,0,0,0,False
17463,0,0,0,False
17464,0,0,0,False
17465,0,0,0,False
17466,0,0,3,True
17467,0,0,0,False
17468,0,0,3,True
17469,0,0,0,False
17470,0,0,3,True
17471,0,0,0,False
17472,0,0,3,True
17473,0,0,0,False
17474,0,0,0,False
17475,0,0,0,False
17476,0,0,0,False
17477,0,0,2,True
17478,0,0,3,True
17479,0,0,3,True
17480,0,0,3,True
17481,0,0,0,False
17482,0,0,0,False
17483,0,0,0,False
17484,0,0,0,False
17485,0,0,0,False
17486,0,0,0,False
17487,0,0,3,True
17488,0,0,0,False
17489,0,0,0,False
17490,0,0,0,False
17491,0,0,0,False
17492,0,0,0,False
17493,0,0,0,False
17494,0,0,0,False
17495,0,0,0,False
17496,0,0,0,False
17497,0,0,0,False
17498,0,0,3,True
17499,0,0,0,False
17500,0,0,3,True
17501,0,0,3,True
17502,0,0,0,False
17503,0,0,0,False
17504,0,0,3,True
17505,0,0,0,False
17506,0,0,0,False
17507,0,0,0,False
17508,0,0,0,False
17509,0,0,3,True
17510,0,0,0,False
17511,0,0,0,False
17512,0,0,0,False
17513,0,0,3,True
17514,0,0,0,False
17515,0,0,3,True
17516,0,0,0,False
17517,0,0,0,False
17518,0,0,3,True
17519,0,0,3,True
17520,0,0,0,False
17521,0,0,3,True
17522,0,0,0,False
17523,0,0,0,False
17524,0,0,3,True
17525,0,0,3,True
17526,0,0,0,False
17527,0,0,3,True
17528,0,0,0,False
17529,0,0,0,False
17530,0,0,0,False
17531,0,0,0,False
17532,0,0,0,False
17533,0,0,0,False
17534,0,0,0,False
17535,0,0,0,False
17536,0,0,0,False
17537,0,0,3,True
17538,0,0,0,False
17539,0,0,3,True
17540,0,0,3,True
17541,0,0,0,False
17542,0,0,0,False
17543,0,0,2,True
17544,0,0,0,False
17545,0,0,0,False
17546,0,0,0,False
17547,0,0,0,False
17548,0,0,0,False
17549,0,0,0,False
17550,0,0,3,True
17551,0,0,3,True
17552,0,0,0,False
17553,0,0,3,True
17554,0,0,0,False
17555,0,0,3,True
17556,0,0,3,True
17557,0,0,1,True
17558,0,0,3,True
17559,0,0,0,False
17560,0,0,0,False
17561,0,0,0,False
17562,0,0,3,True
17563,0,0,0,False
17564,0,0,0,False
17565,0,0,0,False
17566,0,0,0,False
17567,0,0,3,True
17568,0,0,0,False
17569,0,0,3,True
17570,0,0,0,False
17571,0,0,0,False
17572,0,0,3,True
17573,0,0,0,False
17574,0,0,0,False
17575,0,0,0,False
17576,0,0,3,True
17577,0,0,0,False
17578,0,0,3,True
17579,0,0,3,True
17580,0,0,0,False
17581,0,0,0,False
17582,0,0,0,False
17583,0,0,3,True
17584,0,0,0,False
17585,0,0,3,True
17586,0,0,0,False
17587,0,0,3,True
17588,0,0,3,True
17589,0,0,0,False
17590,0,0,3,True
17591,0,0,3,True
17592,0,0,0,False
17593,0,0,0,False
17594,0,0,2,True
17595,0,0,3,True
17596,0,0,2,True
17597,0,0,0,False
17598,0,0,0,False
17599,0,0,2,True
17600,0,0,0,False
17601,0,0,3,True
17602,0,0,0,False
17603,0,0,2,True
17604,0,0,3,True
17605,0,0,0,False
17606,0,0,0,False
17607,0,0,0,False
17608,0,0,0,False
17609,0,0,0,False
17610,0,0,0,False
17611,0,0,0,False
17612,0,0,0,False
17613,0,0,0,False
17614,0,0,0,False
17615,0,0,0,False
17616,0,0,0,False
17617,0,0,0,False
17618,0,0,0,False
17619,0,0,3,True
17620,0,0,0,False
17621,0,0,3,True
17622,0,0,0,False
17623,0,0,3,True
17624,0,0,0,False
17625,0,0,0,False
17626,0,0,3,True
17627,0,0,3,True
17628,0,0,0,False
17629,0,0,0,False
17630,0,0,3,True
17631,0,0,0,False
17632,0,0,3,True
17633,0,0,3,True
17634,0,0,0,False
17635,0,0,3,True
17636,0,0,0,False
17637,0,0,3,True
17638,0,0,3,True
17639,0,0,0,False
17640,0,0,0,False
17641,0,0,0,False
17642,0,0,0,False
17643,0,0,3,True
17644,0,0,0,False
17645,0,0,3,True
17646,0,0,0,False
17647,0,0,0,False
17648,0,0,0,False
17649,0,0,0,False
17650,0,0,0,False
17651,0,0,0,False
17652,0,0,0,False
17653,0,0,0,False
17654,0,0,0,False
17655,0,0,0,False
17656,0,0,3,True
17657,0,0,3,True
17658,0,0,0,False
17659,0,0,0,False
17660,0,0,3,True
17661,0,0,0,False
17662,0,0,3,True
17663,0,0,0,False
17664,0,0,3,True
17665,0,0,3,True
17666,0,0,0,False
17667,0,0,3,True
17668,0,0,3,True
17669,0,0,0,False
17670,0,0,0,False
17671,0,0,3,True
17672,0,0,0,False
17673,0,0,3,True
17674,0,0,3,True
17675,0,0,3,True
17676,0,0,0,False
17677,0,0,0,False
17678,0,0,0,False
17679,0,0,0,False
17680,0,0,0,False
17681,0,0,0,False
17682,0,0,0,False
17683,0,0,3,True
17684,0,0,3,True
17685,0,0,3,True
17686,0,0,2,True
17687,0,0,0,False
17688,0,0,0,False
17689,0,0,0,False
17690,0,0,3,True
17691,0,0,3,True
17692,0,0,0,False
17693,0,0,0,False
17694,0,0,3,True
17695,0,0,0,False
17696,0,0,0,False
17697,0,0,0,False
17698,0,0,0,False
17699,0,0,3,True
17700,0,0,0,False
17701,0,0,3,True
17702,0,0,0,False
17703,0,0,0,False
17704,0,0,3,True
17705,0,0,0,False
17706,0,0,0,False
17707,0,0,0,False
17708,0,0,3,True
17709,0,0,0,False
17710,0,0,3,True
17711,0,0,0,False
17712,0,0,0,False
17713,0,0,0,False
17714,0,0,0,False
17715,0,0,0,False
17716,0,0,3,True
17717,0,0,3,True
17718,0,0,0,False
17719,0,0,3,True
17720,0,0,3,True
17721,0,0,3,True
17722,0,0,3,True
17723,0,0,0,False
17724,0,0,0,False
17725,0,0,0,False
17726,0,0,0,False
17727,0,0,0,False
17728,0,0,3,True
17729,0,0,0,False
17730,0,0,0,False
17731,0,0,3,True
17732,0,0,0,False
17733,0,0,3,True
17734,0,0,3,True
17735,0,0,0,False
17736,0,0,3,True
17737,0,0,0,False
17738,0,0,0,False
17739,0,0,0,False
17740,0,0,3,True
17741,0,0,3,True
17742,0,0,3,True
17743,0,0,3,True
17744,0,0,0,False
17745,0,0,0,False
17746,0,0,3,True
17747,0,0,0,False
17748,0,0,0,False
17749,0,0,3,True
17750,0,0,0,False
17751,0,0,3,True
17752,0,0,0,False
17753,0,0,3,True
17754,0,0,0,False
17755,0,0,0,False
17756,0,0,3,True
17757,0,0,0,False
17758,0,0,0,False
17759,0,0,0,False
17760,0,0,0,False
17761,0,0,0,False
17762,0,0,3,True
17763,0,0,3,True
17764,0,0,0,False
17765,0,0,0,False
17766,0,0,3,True
17767,0,0,0,False
17768,0,0,0,False
17769,0,0,0,False
17770,0,0,3,True
17771,0,0,0,False
17772,0,0,0,False
17773,0,0,3,True
17774,0,0,0,False
17775,0,0,0,False
17776,0,0,3,True
17777,0,0,0,False
17778,0,0,0,False
17779,0,0,0,False
17780,0,0,0,False
17781,0,0,1,True
17782,0,0,3,True
17783,0,0,3,True
17784,0,0,0,False
17785,0,0,0,False
17786,0,0,3,True
17787,0,0,3,True
17788,0,0,0,False
17789,0,0,0,False
17790,0,0,0,False
17791,0,0,3,True
17792,0,0,0,False
17793,0,0,0,False
17794,0,0,0,False
17795,0,0,0,False
17796,0,0,0,False
17797,0,0,3,True
17798,0,0,3,True
17799,0,0,0,False
17800,0,0,0,False
17801,0,0,0,False
17802,0,0,0,False
17803,0,0,0,False
17804,0,0,0,False
17805,0,0,0,False
17806,0,0,3,True
17807,0,0,0,False
17808,0,0,3,True
17809,0,0,0,False
17810,0,0,0,False
17811,0,0,3,True
17812,0,0,0,False
17813,0,0,3,True
17814,0,0,3,True
17815,0,0,1,True
17816,0,0,0,False
17817,0,0,0,False
17818,0,0,0,False
17819,0,0,0,False
17820,0,0,0,False
17821,0,0,3,True
17822,0,0,0,False
17823,0,0,0,False
17824,0,0,3,True
17825,0,0,0,False
17826,0,0,0,False
17827,0,0,0,False
17828,0,0,3,True
17829,0,0,0,False
17830,0,0,3,True
17831,0,0,0,False
17832,0,0,0,False
17833,0,0,0,False
17834,0,0,0,False
17835,0,0,0,False
17836,0,0,0,False
17837,0,0,0,False
17838,0,0,3,True
17839,0,3,3,False
17840,0,0,0,False
17841,0,0,0,False
17842,0,0,0,False
17843,0,0,3,True
17844,0,0,0,False
17845,0,0,0,False
17846,0,0,3,True
17847,0,0,0,False
17848,0,0,0,False
17849,0,0,0,False
17850,0,0,0,False
17851,0,0,0,False
17852,0,0,0,False
17853,0,0,1,True
17854,0,0,0,False
17855,0,0,3,True
17856,0,0,3,True
17857,0,0,3,True
17858,0,0,3,True
17859,0,0,0,False
17860,0,0,0,False
17861,0,0,3,True
17862,0,0,0,False
17863,0,0,3,True
17864,0,0,3,True
17865,0,0,0,False
17866,0,0,0,False
17867,0,0,3,True
17868,0,0,0,False
17869,0,0,3,True
17870,0,0,3,True
17871,0,0,0,False
17872,0,0,0,False
17873,0,0,0,False
17874,0,0,0,False
17875,0,0,0,False
17876,0,0,0,False
17877,0,0,0,False
17878,0,0,3,True
17879,0,0,0,False
17880,0,0,0,False
17881,0,0,0,False
17882,0,0,0,False
17883,0,0,0,False
17884,0,0,0,False
17885,0,0,0,False
17886,0,0,3,True
17887,0,0,0,False
17888,0,0,0,False
17889,0,0,0,False
17890,0,0,0,False
17891,0,0,3,True
17892,0,0,0,False
17893,0,0,0,False
17894,0,0,0,False
17895,0,0,0,False
17896,0,0,3,True
17897,0,0,0,False
17898,0,0,0,False
17899,0,0,3,True
17900,0,0,3,True
17901,0,0,0,False
17902,0,0,2,True
17903,0,0,0,False
17904,0,0,0,False
17905,0,0,0,False
17906,0,0,0,False
17907,0,0,0,False
17908,0,0,3,True
17909,0,0,0,False
17910,0,0,3,True
17911,0,0,3,True
17912,0,0,0,False
17913,0,0,3,True
17914,0,0,0,False
17915,0,0,0,False
17916,0,0,3,True
17917,0,0,0,False
17918,0,0,0,False
17919,0,0,0,False
17920,0,0,3,True
17921,0,0,0,False
17922,0,0,0,False
17923,0,0,0,False
17924,0,0,0,False
17925,0,0,0,False
17926,0,0,0,False
17927,0,0,3,True
17928,0,0,3,True
17929,0,0,3,True
17930,0,0,0,False
17931,0,0,0,False
17932,0,0,3,True
17933,0,0,0,False
17934,0,0,0,False
17935,0,0,3,True
17936,0,0,0,False
17937,0,0,1,True
17938,0,0,3,True
17939,0,0,3,True
17940,0,0,0,False
17941,0,0,3,True
17942,0,0,0,False
17943,0,0,3,True
17944,0,0,0,False
17945,0,0,0,False
17946,0,0,3,True
17947,0,0,0,False
17948,0,0,0,False
17949,0,0,0,False
17950,0,0,0,False
17951,0,0,1,True
17952,0,0,0,False
17953,0,0,3,True
17954,0,0,3,True
17955,0,0,3,True
17956,0,0,0,False
17957,0,0,0,False
17958,0,0,3,True
17959,0,0,0,False
17960,0,0,3,True
17961,0,0,3,True
17962,0,0,3,True
17963,0,0,3,True
17964,0,0,3,True
17965,0,0,0,False
17966,0,0,0,False
17967,0,0,0,False
17968,0,0,3,True
17969,0,0,0,False
17970,0,0,0,False
17971,0,0,3,True
17972,0,0,0,False
17973,0,0,0,False
17974,0,0,3,True
17975,0,0,0,False
17976,0,0,3,True
17977,0,0,0,False
17978,0,0,0,False
17979,0,0,3,True
17980,0,0,3,True
17981,0,0,3,True
17982,0,0,0,False
17983,0,0,0,False
17984,0,0,0,False
17985,0,0,3,True
17986,0,0,3,True
17987,0,0,0,False
17988,0,0,3,True
17989,0,0,3,True
17990,0,0,0,False
17991,0,0,0,False
17992,0,0,3,True
17993,0,0,0,False
17994,0,0,0,False
17995,0,0,0,False
17996,0,0,0,False
17997,0,0,3,True
17998,0,0,3,True
17999,0,0,3,True
18000,0,0,0,False
18001,0,0,0,False
18002,0,0,0,False
18003,0,0,0,False
18004,0,0,0,False
18005,0,0,0,False
18006,0,0,3,True
18007,0,0,3,True
18008,0,0,0,False
18009,0,0,3,True
18010,0,0,3,True
18011,0,0,0,False
18012,0,0,0,False
18013,0,0,3,True
18014,0,0,3,True
18015,0,0,0,False
18016,0,0,0,False
18017,0,0,3,True
18018,0,0,3,True
18019,0,0,0,False
18020,0,0,0,False
18021,0,0,0,False
18022,0,0,2,True
18023,0,0,0,False
18024,0,0,0,False
18025,0,0,0,False
18026,0,0,3,True
18027,0,0,0,False
18028,0,0,0,False
18029,0,0,3,True
18030,0,0,3,True
18031,0,0,0,False
18032,0,0,0,False
18033,0,0,3,True
18034,0,0,3,True
18035,0,0,0,False
18036,0,0,0,False
18037,0,0,0,False
18038,0,0,0,False
18039,0,0,0,False
18040,0,0,3,True
18041,0,0,3,True
18042,0,0,0,False
18043,0,0,0,False
18044,0,0,3,True
18045,0,1,3,False
18046,0,0,0,False
18047,0,0,0,False
18048,0,0,0,False
18049,0,0,0,False
18050,0,0,0,False
18051,0,0,0,False
18052,0,0,3,True
18053,0,0,3,True
18054,0,0,0,False
18055,0,0,3,True
18056,0,0,0,False
18057,0,0,0,False
18058,0,0,0,False
18059,0,0,0,False
18060,0,0,3,True
18061,0,0,0,False
18062,0,0,3,True
18063,0,0,0,False
18064,0,0,3,True
18065,0,0,0,False
18066,0,0,3,True
18067,0,0,0,False
18068,0,0,0,False
18069,0,0,3,True
18070,0,0,0,False
18071,0,0,0,False
18072,0,0,0,False
18073,0,0,3,True
18074,0,0,3,True
18075,0,0,3,True
18076,0,0,0,False
18077,0,0,0,False
18078,0,0,3,True
18079,0,0,3,True
18080,0,0,0,False
18081,0,0,0,False
18082,0,0,3,True
18083,0,0,0,False
18084,0,0,0,False
18085,0,0,0,False
18086,0,1,0,False
18087,0,0,3,True
18088,0,0,3,True
18089,0,0,3,True
18090,0,0,3,True
18091,0,0,3,True
18092,0,0,0,False
18093,0,0,3,True
18094,0,0,0,False
18095,0,0,3,True
18096,0,0,3,True
18097,0,0,0,False
18098,0,0,3,True
18099,0,0,0,False
18100,0,0,0,False
18101,0,0,0,False
18102,0,0,0,False
18103,0,0,3,True
18104,0,0,0,False
18105,0,0,3,True
18106,0,0,0,False
18107,0,0,0,False
18108,0,0,3,True
18109,0,0,0,False
18110,0,0,0,False
18111,0,0,3,True
18112,0,0,0,False
18113,0,0,0,False
18114,0,0,0,False
18115,0,0,3,True
18116,0,0,3,True
18117,0,0,0,False
18118,1,1,3,True
18119,1,0,0,False
18120,1,1,3,True
18121,1,1,0,True
18122,1,1,0,True
18123,1,1,3,True
18124,1,0,3,False
18125,1,1,3,True
18126,1,0,3,False
18127,1,0,0,False
18128,1,1,0,True
18129,1,1,0,True
18130,1,1,3,True
18131,1,1,3,True
18132,1,0,3,False
18133,1,1,3,True
18134,1,1,0,True
18135,1,1,3,True
18136,1,1,3,True
18137,1,1,0,True
18138,1,0,0,False
18139,1,1,3,True
18140,1,0,0,False
18141,1,1,0,True
18142,1,1,3,True
18143,1,1,3,True
18144,1,1,0,True
18145,1,1,0,True
18146,1,1,3,True
18147,1,1,0,True
18148,1,1,3,True
18149,1,1,0,True
18150,1,1,3,True
18151,1,0,0,False
18152,1,1,0,True
18153,1,1,0,True
18154,1,1,3,True
18155,1,1,3,True
18156,1,1,3,True
18157,1,1,3,True
18158,1,1,0,True
18159,1,0,3,False
18160,1,0,3,False
18161,1,0,0,False
18162,1,1,3,True
18163,1,1,3,True
18164,1,0,0,False
18165,1,3,0,False
18166,1,1,0,True
18167,1,1,3,True
18168,1,1,3,True
18169,1,0,3,False
18170,1,1,0,True
18171,1,1,0,True
18172,1,1,3,True
18173,1,1,0,True
18174,1,1,0,True
18175,1,1,0,True
18176,1,1,0,True
18177,1,1,0,True
18178,1,1,3,True
18179,1,0,0,False
18180,1,0,3,False
18181,1,1,0,True
18182,1,1,0,True
18183,1,1,3,True
18184,1,1,0,True
18185,1,0,3,False
18186,1,0,3,False
18187,1,1,0,True
18188,1,1,0,True
18189,1,1,3,True
18190,1,1,0,True
18191,1,0,3,False
18192,1,1,0,True
18193,1,1,0,True
18194,1,1,3,True
18195,1,0,0,False
18196,1,0,0,False
18197,1,1,3,True
18198,1,0,3,False
18199,1,1,0,True
18200,1,0,0,False
18201,1,1,3,True
18202,1,0,3,False
18203,1,1,0,True
18204,1,0,3,False
18205,1,1,0,True
18206,1,1,3,True
18207,1,1,0,True
18208,1,1,0,True
18209,1,1,0,True
18210,1,1,0,True
18211,1,1,3,True
18212,1,1,0,True
18213,1,0,0,False
18214,1,0,3,False
18215,1,0,0,False
18216,1,1,0,True
18217,1,1,3,True
18218,1,0,0,False
18219,1,1,0,True
18220,1,1,0,True
18221,1,1,3,True
18222,1,0,3,False
18223,1,1,0,True
18224,1,0,0,False
18225,1,0,3,False
18226,1,0,3,False
18227,1,1,0,True
18228,1,1,0,True
18229,1,0,0,False
18230,1,1,0,True
18231,1,1,3,True
18232,1,1,0,True
18233,1,1,0,True
18234,1,1,0,True
18235,1,1,3,True
18236,1,1,0,True
18237,1,1,0,True
18238,1,1,3,True
18239,1,1,3,True
18240,1,1,0,True
18241,1,0,0,False
18242,1,1,0,True
18243,1,0,0,False
18244,1,0,3,False
18245,1,1,0,True
18246,1,1,3,True
18247,1,1,0,True
18248,1,1,0,True
18249,1,1,0,True
18250,1,1,3,True
18251,1,1,3,True
18252,1,1,0,True
18253,1,1,3,True
18254,1,1,3,True
18255,1,1,0,True
18256,1,1,3,True
18257,1,1,0,True
18258,1,1,3,True
18259,1,0,3,False
18260,1,0,3,False
18261,1,1,0,True
18262,1,1,0,True
18263,1,1,0,True
18264,1,1,3,True
18265,1,1,3,True
18266,1,0,3,False
18267,1,0,0,False
18268,1,1,0,True
18269,1,1,0,True
18270,1,0,0,False
18271,1,1,3,True
18272,1,1,0,True
18273,1,1,0,True
18274,1,1,0,True
18275,1,1,3,True
18276,1,1,0,True
18277,1,1,3,True
18278,1,0,3,False
18279,1,1,3,True
18280,1,1,3,True
18281,1,1,0,True
18282,1,1,0,True
18283,1,0,3,False
18284,1,1,3,True
18285,1,0,3,False
18286,1,1,0,True
18287,1,1,3,True
18288,1,1,3,True
18289,1,1,0,True
18290,1,1,0,True
18291,1,1,0,True
18292,1,1,0,True
18293,1,0,0,False
18294,1,1,0,True
18295,1,1,0,True
18296,1,1,0,True
18297,1,1,3,True
18298,1,1,0,True
18299,1,1,3,True
18300,1,1,0,True
18301,1,1,3,True
18302,1,0,0,False
18303,1,1,0,True
18304,1,0,0,False
18305,1,1,3,True
18306,1,1,0,True
18307,1,1,0,True
18308,1,1,0,True
18309,1,0,3,False
18310,1,1,3,True
18311,1,1,0,True
18312,1,0,3,False
18313,1,1,0,True
18314,1,1,0,True
18315,1,1,0,True
18316,1,1,0,True
18317,1,1,0,True
18318,1,1,3,True
18319,1,1,0,True
18320,1,1,3,True
18321,1,1,0,True
18322,1,0,0,False
18323,1,0,0,False
18324,1,1,0,True
18325,1,0,0,False
18326,1,0,0,False
18327,1,1,3,True
18328,1,1,3,True
18329,1,1,3,True
18330,1,1,2,True
18331,1,0,0,False
18332,1,1,0,True
18333,1,1,3,True
18334,1,1,0,True
18335,1,0,0,False
18336,1,3,3,False
18337,1,1,0,True
18338,1,0,3,False
18339,1,1,0,True
18340,1,0,0,False
18341,1,1,0,True
18342,1,0,0,False
18343,1,1,0,True
18344,1,0,0,False
18345,1,1,3,True
18346,1,1,3,True
18347,1,1,0,True
18348,1,1,0,True
18349,1,1,0,True
18350,1,1,0,True
18351,1,1,0,True
18352,1,1,0,True
18353,1,1,0,True
18354,1,0,0,False
18355,1,1,3,True
18356,1,0,0,False
18357,1,0,0,False
18358,1,1,3,True
18359,1,0,0,False
18360,1,1,3,True
18361,1,1,3,True
18362,1,0,0,False
18363,1,0,3,False
18364,1,1,3,True
18365,1,0,3,False
18366,1,0,0,False
18367,1,0,3,False
18368,1,1,0,True
18369,1,1,0,True
18370,1,1,0,True
18371,1,1,3,True
18372,1,1,0,True
18373,1,0,0,False
18374,1,1,3,True
18375,1,1,0,True
18376,1,0,0,False
18377,1,1,0,True
18378,1,1,0,True
18379,1,1,0,True
18380,1,1,0,True
18381,1,1,0,True
18382,1,1,0,True
18383,1,0,0,False
18384,1,1,0,True
18385,1,1,3,True
18386,1,0,0,False
18387,1,1,3,True
18388,1,0,3,False
18389,1,0,3,False
18390,1,1,0,True
18391,1,1,0,True
18392,1,0,0,False
18393,1,1,0,True
18394,1,1,0,True
18395,1,0,3,False
18396,1,0,0,False
18397,1,1,0,True
18398,1,0,3,False
18399,1,0,3,False
18400,1,1,0,True
18401,1,1,3,True
18402,1,0,3,False
18403,1,0,0,False
18404,1,1,0,True
18405,1,1,3,True
18406,1,0,0,False
18407,1,0,0,False
18408,1,1,0,True
18409,1,1,0,True
18410,1,1,3,True
18411,1,0,3,False
18412,1,1,3,True
18413,1,1,0,True
18414,1,0,0,False
18415,1,1,0,True
18416,1,1,0,True
18417,1,0,0,False
18418,1,0,0,False
18419,1,1,3,True
18420,1,1,0,True
18421,1,1,3,True
18422,1,0,3,False
18423,1,0,3,False
18424,1,0,0,False
18425,1,1,0,True
18426,1,1,0,True
18427,1,1,0,True
18428,1,0,3,False
18429,1,0,0,False
18430,1,1,0,True
18431,1,1,0,True
18432,1,0,0,False
18433,1,1,0,True
18434,1,1,0,True
18435,1,1,3,True
18436,1,1,0,True
18437,1,1,0,True
18438,1,0,3,False
18439,1,0,0,False
18440,1,1,0,True
18441,1,1,0,True
18442,1,1,3,True
18443,1,1,0,True
18444,1,1,0,True
18445,1,1,0,True
18446,1,0,0,False
18447,1,1,0,True
18448,1,0,3,False
18449,1,1,0,True
18450,1,1,0,True
18451,1,1,3,True
18452,1,1,3,True
18453,1,1,3,True
18454,1,0,0,False
18455,1,1,0,True
18456,1,1,3,True
18457,1,0,3,False
18458,1,1,0,True
18459,1,0,0,False
18460,1,1,3,True
18461,1,1,0,True
18462,1,1,0,True
18463,1,1,0,True
18464,1,1,3,True
18465,1,1,3,True
18466,1,0,0,False
18467,1,0,0,False
18468,1,1,0,True
18469,1,1,0,True
18470,1,1,0,True
18471,1,1,0,True
18472,1,0,3,False
18473,1,0,0,False
18474,1,1,0,True
18475,1,1,3,True
18476,1,1,3,True
18477,1,1,3,True
18478,1,1,3,True
18479,1,1,3,True
18480,1,1,3,True
18481,1,1,3,True
18482,1,1,3,True
18483,1,1,0,True
18484,1,1,0,True
18485,1,0,0,False
18486,1,1,0,True
18487,1,1,0,True
18488,1,1,0,True
18489,1,1,0,True
18490,1,0,0,False
18491,1,0,3,False
18492,1,1,0,True
18493,1,1,3,True
18494,1,1,0,True
18495,1,1,0,True
18496,1,1,0,True
18497,1,1,3,True
18498,1,1,3,True
18499,1,1,0,True
18500,1,1,0,True
18501,1,0,0,False
18502,1,0,0,False
18503,1,1,3,True
18504,1,1,0,True
18505,1,1,3,True
18506,1,1,0,True
18507,1,0,3,False
18508,1,1,0,True
18509,1,1,3,True
18510,1,1,3,True
18511,1,1,0,True
18512,1,1,3,True
18513,1,1,0,True
18514,1,1,3,True
18515,1,1,0,True
18516,1,1,0,True
18517,1,1,3,True
18518,1,1,0,True
18519,1,0,3,False
18520,1,1,0,True
18521,1,1,3,True
18522,1,1,0,True
18523,1,0,0,False
18524,1,0,0,False
18525,1,0,3,False
18526,1,1,3,True
18527,1,1,0,True
18528,1,0,3,False
18529,1,1,0,True
18530,1,1,0,True
18531,1,0,2,False
18532,1,1,0,True
18533,1,1,0,True
18534,1,1,3,True
18535,1,1,0,True
18536,1,1,0,True
18537,1,1,3,True
18538,1,1,0,True
18539,1,1,0,True
18540,1,1,0,True
18541,1,1,0,True
18542,1,1,0,True
18543,1,1,0,True
18544,1,1,3,True
18545,1,0,3,False
18546,1,1,0,True
18547,1,0,0,False
18548,1,1,0,True
18549,1,1,0,True
18550,1,1,0,True
18551,1,0,3,False
18552,1,0,0,False
18553,1,1,0,True
18554,1,0,3,False
18555,1,1,0,True
18556,1,1,3,True
18557,1,1,0,True
18558,1,0,0,False
18559,1,1,3,True
18560,1,1,0,True
18561,1,1,0,True
18562,1,1,3,True
18563,1,1,3,True
18564,1,1,0,True
18565,1,1,0,True
18566,1,1,0,True
18567,1,1,0,True
18568,1,1,0,True
18569,1,1,0,True
18570,1,0,3,False
18571,1,1,3,True
18572,1,1,3,True
18573,1,1,3,True
18574,1,1,0,True
18575,1,1,3,True
18576,1,1,0,True
18577,1,1,0,True
18578,1,1,0,True
18579,1,1,0,True
18580,1,1,0,True
18581,1,0,3,False
18582,1,0,3,False
18583,1,1,0,True
18584,1,1,3,True
18585,1,0,3,False
18586,1,0,0,False
18587,1,1,0,True
18588,1,1,0,True
18589,1,1,3,True
18590,1,1,3,True
18591,1,0,0,False
18592,1,1,0,True
18593,1,1,0,True
18594,1,1,3,True
18595,1,0,0,False
18596,1,0,0,False
18597,1,1,0,True
18598,1,0,3,False
18599,1,1,0,True
18600,1,1,3,True
18601,1,1,3,True
18602,1,1,3,True
18603,1,1,3,True
18604,1,0,0,False
18605,1,1,0,True
18606,1,1,0,True
18607,1,1,0,True
18608,1,0,3,False
18609,1,1,0,True
18610,1,1,0,True
18611,1,0,3,False
18612,1,1,3,True
18613,1,1,0,True
18614,1,0,0,False
18615,1,1,3,True
18616,1,1,0,True
18617,1,0,3,False
18618,1,1,3,True
18619,1,1,3,True
18620,1,3,3,False
18621,1,1,0,True
18622,1,0,0,False
18623,1,0,3,False
18624,1,0,3,False
18625,1,1,3,True
18626,1,1,0,True
18627,1,0,3,False
18628,1,1,0,True
18629,1,1,0,True
18630,1,0,0,False
18631,1,0,0,False
18632,1,1,3,True
18633,1,1,0,True
18634,1,0,0,False
18635,1,1,0,True
18636,1,1,0,True
18637,1,1,3,True
18638,1,1,3,True
18639,1,1,3,True
18640,1,1,0,True
18641,1,0,3,False
18642,1,1,3,True
18643,1,0,0,False
18644,1,1,0,True
18645,1,0,0,False
18646,1,1,3,True
18647,1,0,0,False
18648,1,0,0,False
18649,1,1,0,True
18650,1,0,0,False
18651,1,1,0,True
18652,1,0,3,False
18653,1,0,3,False
18654,1,1,3,True
18655,1,0,0,False
18656,1,0,3,False
18657,1,1,0,True
18658,1,1,0,True
18659,1,0,0,False
18660,1,0,3,False
18661,1,1,3,True
18662,1,1,3,True
18663,1,1,3,True
18664,1,1,0,True
18665,1,1,0,True
18666,1,0,0,False
18667,1,1,0,True
18668,1,1,0,True
18669,1,1,0,True
18670,1,1,0,True
18671,1,1,3,True
18672,1,1,3,True
18673,1,1,3,True
18674,2,2,3,True
18675,2,2,3,True
18676,2,2,0,True
18677,2,2,0,True
18678,2,2,0,True
18679,2,2,3,True
18680,2,2,0,True
18681,2,2,2,False
18682,2,2,3,True
18683,2,2,0,True
18684,2,2,0,True
18685,2,2,3,True
18686,2,2,0,True
18687,2,2,2,False
18688,2,2,3,True
18689,2,2,3,True
18690,2,2,0,True
18691,2,2,0,True
18692,2,2,2,False
18693,2,2,0,True
18694,2,2,2,False
18695,2,2,3,True
18696,2,2,0,True
18697,2,4,0,False
18698,2,2,0,True
18699,2,2,2,False
18700,2,2,0,True
18701,2,2,2,False
18702,2,2,0,True
18703,2,2,0,True
18704,2,2,0,True
18705,2,2,3,True
18706,2,2,3,True
18707,2,2,0,True
18708,2,2,3,True
18709,2,2,1,True
18710,2,2,2,False
18711,2,2,0,True
18712,2,2,0,True
18713,2,2,0,True
18714,2,2,3,True
18715,2,2,2,False
18716,2,2,0,True
18717,2,2,3,True
18718,2,2,0,True
18719,2,2,3,True
18720,2,2,0,True
18721,2,2,2,False
18722,2,2,0,True
18723,2,2,0,True
18724,2,2,0,True
18725,2,2,3,True
18726,2,2,0,True
18727,2,2,3,True
18728,2,2,3,True
18729,2,2,0,True
18730,2,2,2,False
18731,2,2,3,True
18732,2,2,0,True
18733,2,2,0,True
18734,2,2,0,True
18735,2,2,0,True
18736,2,2,0,True
18737,2,2,0,True
18738,2,2,0,True
18739,2,2,0,True
18740,2,2,0,True
18741,2,2,0,True
18742,2,2,3,True
18743,2,2,0,True
18744,2,2,0,True
18745,2,2,3,True
18746,2,2,3,True
18747,2,2,3,True
18748,2,2,3,True
18749,2,2,0,True
18750,2,2,2,False
18751,2,2,0,True
18752,2,2,2,False
18753,2,2,0,True
18754,2,2,0,True
18755,2,2,0,True
18756,2,2,3,True
18757,2,2,0,True
18758,2,2,0,True
18759,2,2,3,True
18760,2,2,3,True
18761,2,2,0,True
18762,2,2,0,True
18763,2,2,2,False
18764,2,2,0,True
18765,2,2,0,True
18766,2,2,0,True
18767,2,2,0,True
18768,2,2,0,True
18769,2,2,1,True
18770,2,2,3,True
18771,2,2,0,True
18772,2,2,3,True
18773,2,2,0,True
18774,2,2,0,True
18775,2,2,3,True
18776,2,2,0,True
18777,2,2,3,True
18778,2,2,3,True
18779,2,2,2,False
18780,2,2,0,True
18781,2,2,0,True
18782,2,2,0,True
18783,2,2,0,True
18784,2,2,3,True
18785,2,2,0,True
18786,2,2,0,True
18787,2,2,0,True
18788,2,2,0,True
18789,2,2,0,True
18790,2,2,3,True
18791,2,2,0,True
18792,2,2,0,True
18793,2,2,0,True
18794,2,2,0,True
18795,2,2,0,True
18796,2,2,3,True
18797,2,2,2,False
18798,2,2,0,True
18799,2,2,0,True
18800,2,2,0,True
18801,2,2,2,False
18802,2,2,1,True
18803,2,2,0,True
18804,2,2,3,True
18805,2,2,0,True
18806,2,2,1,True
18807,2,2,2,False
18808,2,2,0,True
18809,2,2,0,True
18810,2,2,0,True
18811,2,2,1,True
18812,2,2,1,True
18813,2,2,0,True
18814,2,2,0,True
18815,2,2,0,True
18816,2,2,0,True
18817,2,2,3,True
18818,2,2,0,True
18819,2,2,0,True
18820,2,2,3,True
18821,2,2,0,True
18822,2,2,2,False
18823,2,2,3,True
18824,2,2,0,True
18825,2,2,0,True
18826,2,2,0,True
18827,2,2,3,True
18828,2,2,3,True
18829,2,2,2,False
18830,2,2,0,True
18831,2,2,0,True
18832,2,2,3,True
18833,2,2,3,True
18834,2,2,0,True
18835,2,2,3,True
18836,2,2,0,True
18837,2,2,3,True
18838,2,2,2,False
18839,2,2,0,True
18840,2,2,0,True
18841,2,2,0,True
18842,2,2,0,True
18843,2,2,0,True
18844,2,2,0,True
18845,2,2,0,True
18846,2,2,3,True
18847,2,2,0,True
18848,2,2,0,True
18849,2,2,3,True
18850,2,2,0,True
18851,2,2,3,True
18852,2,2,0,True
18853,2,2,2,False
18854,2,2,2,False
18855,2,2,0,True
18856,2,2,0,True
18857,2,2,0,True
18858,2,2,2,False
18859,2,2,2,False
18860,2,2,0,True
18861,2,2,0,True
18862,2,2,3,True
18863,2,2,0,True
18864,2,2,0,True
18865,2,2,0,True
18866,2,2,2,False
18867,2,2,0,True
18868,2,2,3,True
18869,2,2,0,True
18870,2,2,2,False
18871,2,2,0,True
18872,2,2,0,True
18873,2,2,2,False
18874,2,2,0,True
18875,2,2,0,True
18876,2,2,4,True
18877,2,2,0,True
18878,2,2,3,True
18879,2,2,2,False
18880,2,2,3,True
18881,2,2,2,False
18882,2,2,3,True
18883,2,2,3,True
18884,2,2,3,True
18885,2,2,2,False
18886,2,2,0,True
18887,2,2,3,True
18888,2,2,0,True
18889,2,2,2,False
18890,2,2,0,True
18891,2,2,3,True
18892,2,2,3,True
18893,2,2,3,True
18894,2,2,0,True
18895,2,2,0,True
18896,2,2,2,False
18897,2,2,0,True
18898,2,2,0,True
18899,2,2,0,True
18900,2,2,3,True
18901,2,2,3,True
18902,2,2,0,True
18903,2,2,3,True
18904,2,2,0,True
18905,2,2,0,True
18906,2,2,0,True
18907,2,2,0,True
18908,2,2,0,True
18909,2,2,0,True
18910,2,2,2,False
18911,2,2,3,True
18912,2,2,0,True
18913,2,2,2,False
18914,2,2,0,True
18915,2,2,2,False
18916,2,2,0,True
18917,2,2,0,True
18918,2,2,2,False
18919,2,2,0,True
18920,2,2,3,True
18921,2,2,3,True
18922,2,2,3,True
18923,2,2,0,True
18924,2,2,0,True
18925,2,2,0,True
18926,2,2,0,True
18927,2,2,0,True
18928,2,2,0,True
18929,2,2,0,True
18930,2,2,0,True
18931,2,2,3,True
18932,2,2,0,True
18933,2,2,0,True
18934,2,2,2,False
18935,2,2,0,True
18936,2,2,2,False
18937,2,2,2,False
18938,2,2,3,True
18939,2,2,0,True
18940,2,2,0,True
18941,2,2,3,True
18942,2,2,0,True
18943,2,2,0,True
18944,2,2,0,True
18945,2,2,3,True
18946,2,2,0,True
18947,2,2,0,True
18948,2,2,2,False
18949,2,2,0,True
18950,2,2,0,True
18951,2,2,0,True
18952,2,2,2,False
18953,2,2,0,True
18954,2,2,0,True
18955,2,2,3,True
18956,2,2,1,True
18957,2,2,2,False
18958,2,2,0,True
18959,2,2,0,True
18960,2,2,0,True
18961,2,2,0,True
18962,2,2,0,True
18963,2,2,1,True
18964,2,2,2,False
18965,2,2,2,False
18966,2,2,2,False
18967,2,2,3,True
18968,2,2,2,False
18969,2,2,0,True
18970,2,2,0,True
18971,2,2,2,False
18972,2,2,3,True
18973,2,2,3,True
18974,2,2,0,True
18975,2,2,0,True
18976,2,2,0,True
18977,2,2,0,True
18978,2,2,2,False
18979,2,2,3,True
18980,2,2,0,True
18981,2,2,0,True
18982,2,2,0,True
18983,2,2,2,False
18984,2,2,2,False
18985,2,2,0,True
18986,2,2,0,True
18987,2,2,3,True
18988,2,3,3,False
18989,2,2,0,True
18990,2,2,0,True
18991,2,2,0,True
18992,2,2,0,True
18993,2,2,1,True
18994,2,2,0,True
18995,2,2,0,True
18996,2,2,0,True
18997,2,2,2,False
18998,2,2,3,True
18999,2,2,0,True
19000,2,2,3,True
19001,2,2,0,True
19002,2,2,3,True
19003,2,2,0,True
19004,2,2,0,True
19005,2,2,0,True
19006,2,2,0,True
19007,2,2,0,True
19008,2,2,0,True
19009,2,2,3,True
19010,2,2,3,True
19011,2,2,0,True
19012,2,2,2,False
19013,2,2,0,True
19014,2,2,2,False
19015,2,2,3,True
19016,2,2,0,True
19017,2,2,3,True
19018,2,2,3,True
19019,2,2,0,True
19020,2,2,2,False
19021,2,2,0,True
19022,2,2,2,False
19023,2,2,3,True
19024,2,2,3,True
19025,2,2,0,True
19026,2,2,0,True
19027,2,2,2,False
19028,2,2,0,True
19029,2,2,0,True
19030,2,2,0,True
19031,2,2,0,True
19032,2,2,2,False
19033,2,2,0,True
19034,2,2,0,True
19035,2,2,0,True
19036,2,2,3,True
19037,2,2,2,False
19038,2,2,0,True
19039,2,2,0,True
19040,2,2,0,True
19041,2,2,0,True
19042,2,2,3,True
19043,2,2,2,False
19044,2,2,3,True
19045,2,2,3,True
19046,2,2,0,True
19047,2,2,0,True
19048,2,2,0,True
19049,2,2,1,True
19050,2,2,0,True
19051,2,2,0,True
19052,2,2,0,True
19053,2,2,0,True
19054,2,2,1,True
19055,2,2,3,True
19056,2,2,0,True
19057,2,2,0,True
19058,2,2,3,True
19059,2,2,0,True
19060,2,2,0,True
19061,2,2,3,True
19062,2,2,3,True
19063,2,2,0,True
19064,2,2,0,True
19065,2,2,0,True
19066,2,2,0,True
19067,2,2,3,True
19068,2,2,3,True
19069,2,2,0,True
19070,2,2,0,True
19071,2,2,0,True
19072,2,2,0,True
19073,2,2,0,True
19074,2,2,0,True
19075,2,2,3,True
19076,2,2,0,True
19077,2,2,3,True
19078,2,2,0,True
19079,2,2,1,True
19080,2,2,2,False
19081,2,2,0,True
19082,2,2,0,True
19083,2,2,2,False
19084,2,2,0,True
19085,2,2,0,True
19086,2,2,3,True
19087,2,2,0,True
19088,2,2,3,True
19089,2,2,0,True
19090,2,2,0,True
19091,2,2,3,True
19092,2,2,0,True
19093,2,2,0,True
19094,2,2,0,True
19095,2,2,2,False
19096,2,2,3,True
19097,2,2,0,True
19098,2,2,0,True
19099,2,2,0,True
19100,2,2,0,True
19101,2,2,0,True
19102,2,2,2,False
19103,2,2,0,True
19104,2,2,0,True
19105,2,2,0,True
19106,2,2,3,True
19107,2,2,2,False
19108,2,2,2,False
19109,2,2,3,True
19110,2,2,3,True
19111,2,2,3,True
19112,2,2,0,True
19113,2,2,0,True
19114,2,2,0,True
19115,2,2,2,False
19116,2,2,0,True
19117,2,2,0,True
19118,2,2,3,True
19119,2,2,2,False
19120,2,2,0,True
19121,2,2,2,False
19122,2,2,3,True
19123,2,2,2,False
19124,2,2,3,True
19125,2,2,0,True
19126,2,2,0,True
19127,2,2,0,True
19128,2,2,2,False
19129,2,2,3,True
19130,2,2,0,True
19131,2,2,2,False
19132,2,2,2,False
19133,2,2,3,True
19134,2,2,0,True
19135,2,2,3,True
19136,2,2,3,True
19137,2,2,0,True
19138,2,2,0,True
19139,2,2,0,True
19140,2,2,2,False
19141,2,2,0,True
19142,2,2,0,True
19143,2,2,0,True
19144,2,2,3,True
19145,2,2,3,True
19146,2,2,0,True
19147,2,2,0,True
19148,2,2,0,True
19149,2,2,3,True
19150,2,2,3,True
19151,2,2,3,True
19152,2,2,1,True
19153,2,2,2,False
19154,2,2,2,False
19155,2,2,3,True
19156,2,2,0,True
19157,2,2,0,True
19158,2,2,3,True
19159,2,2,0,True
19160,2,2,3,True
19161,2,2,0,True
19162,2,2,2,False
19163,2,2,0,True
19164,2,2,0,True
19165,2,2,2,False
19166,2,2,3,True
19167,2,2,2,False
19168,2,2,2,False
19169,2,2,0,True
19170,2,2,0,True
19171,2,2,2,False
19172,2,2,0,True
19173,2,2,2,False
19174,2,2,0,True
19175,2,2,0,True
19176,2,2,0,True
19177,2,2,3,True
19178,2,2,2,False
19179,2,2,3,True
19180,2,2,0,True
19181,2,2,0,True
19182,2,2,3,True
19183,2,2,0,True
19184,2,2,0,True
19185,2,2,0,True
19186,2,2,0,True
19187,2,2,3,True
19188,2,2,0,True
19189,2,2,3,True
19190,2,2,0,True
19191,2,2,0,True
19192,2,2,0,True
19193,2,2,3,True
19194,2,2,2,False
19195,2,2,0,True
19196,2,2,3,True
19197,2,2,3,True
19198,2,2,2,False
19199,2,2,3,True
19200,2,2,0,True
19201,2,2,1,True
19202,2,2,0,True
19203,2,3,0,False
19204,2,2,0,True
19205,2,2,3,True
19206,2,2,2,False
19207,2,2,0,True
19208,2,2,1,True
19209,2,2,0,True
19210,2,2,3,True
19211,2,2,0,True
19212,2,2,0,True
19213,2,2,0,True
19214,2,2,3,True
19215,2,2,0,True
19216,2,2,0,True
19217,2,2,0,True
19218,2,2,2,False
19219,2,2,0,True
19220,2,2,0,True
19221,2,2,3,True
19222,2,2,2,False
19223,2,2,2,False
19224,2,2,3,True
19225,2,2,3,True
19226,2,2,3,True
19227,2,2,0,True
19228,2,2,0,True
19229,2,2,0,True
19230,2,2,1,True
19231,2,2,3,True
19232,2,2,2,False
19233,2,2,0,True
19234,2,2,0,True
19235,2,2,3,True
19236,2,2,2,False
19237,2,2,0,True
19238,2,2,0,True
19239,2,2,0,True
19240,2,2,2,False
19241,2,2,2,False
19242,2,2,2,False
19243,2,2,0,True
19244,2,2,2,False
19245,2,2,2,False
19246,2,2,0,True
19247,2,2,0,True
19248,2,2,3,True
19249,2,2,0,True
19250,2,2,0,True
19251,2,2,2,False
19252,2,2,0,True
19253,2,2,1,True
19254,2,2,0,True
19255,2,2,0,True
19256,2,2,0,True
19257,2,2,0,True
19258,2,2,3,True
19259,2,2,3,True
19260,2,2,0,True
19261,2,2,0,True
19262,2,2,2,False
19263,2,2,0,True
19264,2,2,0,True
19265,2,2,0,True
19266,2,2,3,True
19267,2,2,0,True
19268,2,2,0,True
19269,2,2,3,True
19270,2,2,3,True
19271,2,2,2,False
19272,2,2,3,True
19273,2,2,3,True
19274,2,2,0,True
19275,2,2,2,False
19276,2,2,3,True
19277,2,2,0,True
19278,2,2,0,True
19279,2,2,3,True
19280,2,2,0,True
19281,2,2,1,True
19282,2,2,0,True
19283,2,2,0,True
19284,2,2,2,False
19285,2,2,0,True
19286,2,2,0,True
19287,2,2,0,True
19288,2,2,0,True
19289,2,2,0,True
19290,2,2,3,True
19291,2,2,0,True
19292,2,2,0,True
19293,2,2,2,False
19294,2,2,3,True
19295,2,2,3,True
19296,2,2,0,True
19297,2,2,0,True
19298,2,2,0,True
19299,2,2,0,True
19300,2,2,0,True
19301,2,2,0,True
19302,2,2,2,False
19303,2,2,1,True
19304,2,2,0,True
19305,2,2,2,False
19306,2,2,0,True
19307,2,2,0,True
19308,2,2,2,False
19309,2,2,2,False
19310,2,2,2,False
19311,2,2,3,True
19312,2,2,0,True
19313,2,2,0,True
19314,2,2,2,False
19315,2,2,0,True
19316,2,2,3,True
19317,2,2,0,True
19318,2,2,3,True
19319,2,2,0,True
19320,2,2,3,True
19321,2,2,0,True
19322,2,2,0,True
19323,2,2,0,True
19324,2,2,2,False
19325,2,2,3,True
19326,2,2,0,True
19327,2,2,2,False
19328,2,2,3,True
19329,2,2,2,False
19330,2,2,0,True
19331,2,2,0,True
19332,2,2,0,True
19333,2,2,1,True
19334,2,2,0,True
19335,2,2,0,True
19336,2,2,2,False
19337,2,2,0,True
19338,2,2,0,True
19339,2,2,2,False
19340,2,2,3,True
19341,2,2,2,False
19342,2,2,3,True
19343,2,2,0,True
19344,2,2,0,True
19345,2,2,3,True
19346,2,2,2,False
19347,2,2,1,True
19348,2,2,0,True
19349,2,2,3,True
19350,2,2,3,True
19351,2,2,2,False
19352,2,2,3,True
19353,2,2,0,True
19354,2,2,0,True
19355,2,2,0,True
19356,2,2,2,False
19357,2,2,0,True
19358,2,2,3,True
19359,2,2,0,True
19360,2,2,0,True
19361,2,2,2,False
19362,2,2,1,True
19363,2,2,2,False
19364,2,2,0,True
19365,2,2,2,False
19366,2,2,0,True
19367,2,2,0,True
19368,2,2,0,True
19369,2,2,0,True
19370,2,2,3,True
19371,2,2,0,True
19372,2,2,0,True
19373,2,2,0,True
19374,2,2,2,False
19375,2,2,3,True
19376,2,2,0,True
19377,2,2,0,True
19378,2,2,0,True
19379,2,2,3,True
19380,2,2,3,True
19381,2,2,0,True
19382,2,2,2,False
19383,2,2,0,True
19384,2,2,3,True
19385,2,2,3,True
19386,2,2,2,False
19387,2,2,2,False
19388,2,2,2,False
19389,2,2,2,False
19390,2,2,0,True
19391,2,2,0,True
19392,2,2,3,True
19393,2,2,3,True
19394,2,2,0,True
19395,2,2,2,False
19396,2,2,0,True
19397,2,2,0,True
19398,2,2,3,True
19399,2,2,0,True
19400,2,2,2,False
19401,2,2,2,False
19402,2,2,0,True
19403,2,2,0,True
19404,2,2,2,False
19405,2,2,3,True
19406,2,2,3,True
19407,2,2,2,False
19408,2,2,3,True
19409,2,2,3,True
19410,2,2,2,False
19411,2,2,3,True
19412,2,2,0,True
19413,2,2,0,True
19414,2,2,0,True
19415,2,2,0,True
19416,2,2,3,True
19417,2,2,0,True
19418,2,2,0,True
19419,2,2,2,False
19420,2,2,0,True
19421,2,2,0,True
19422,2,2,0,True
19423,2,2,3,True
19424,2,2,3,True
19425,2,2,2,False
19426,2,2,3,True
19427,2,2,0,True
19428,2,2,3,True
19429,2,2,0,True
19430,2,4,3,False
19431,2,2,0,True
19432,2,2,3,True
19433,2,2,0,True
19434,2,2,0,True
19435,2,2,0,True
19436,2,2,0,True
19437,2,2,0,True
19438,2,2,0,True
19439,2,2,0,True
19440,2,2,3,True
19441,2,2,2,False
19442,2,2,0,True
19443,2,2,0,True
19444,2,2,3,True
19445,2,2,3,True
19446,2,2,0,True
19447,2,2,2,False
19448,2,2,0,True
19449,2,2,3,True
19450,2,2,3,True
19451,2,2,0,True
19452,2,2,3,True
19453,2,2,3,True
19454,2,2,0,True
19455,2,2,0,True
19456,2,2,0,True
19457,2,2,2,False
19458,2,2,0,True
19459,2,2,0,True
19460,2,2,3,True
19461,2,2,0,True
19462,2,2,0,True
19463,2,2,3,True
19464,2,2,2,False
19465,2,2,3,True
19466,2,2,3,True
19467,2,2,0,True
19468,2,2,3,True
19469,2,2,0,True
19470,2,2,0,True
19471,2,2,3,True
19472,2,2,0,True
19473,2,2,0,True
19474,2,2,2,False
19475,2,2,0,True
19476,2,2,3,True
19477,2,2,0,True
19478,2,2,0,True
19479,2,2,3,True
19480,2,2,0,True
19481,2,2,0,True
19482,2,2,0,True
19483,2,2,0,True
19484,2,2,3,True
19485,2,2,2,False
19486,2,2,0,True
19487,2,2,0,True
19488,2,2,0,True
19489,2,2,1,True
19490,2,2,3,True
19491,2,2,0,True
19492,2,2,3,True
19493,2,2,3,True
19494,2,2,0,True
19495,2,2,3,True
19496,2,2,0,True
19497,2,2,3,True
19498,2,2,2,False
19499,2,2,0,True
19500,2,2,0,True
19501,2,2,3,True
19502,2,2,0,True
19503,2,2,1,True
19504,2,2,0,True
19505,2,2,2,False
19506,2,2,0,True
19507,2,2,3,True
19508,2,2,2,False
19509,2,2,0,True
19510,2,2,0,True
19511,2,2,0,True
19512,2,2,2,False
19513,2,2,2,False
19514,2,2,0,True
19515,2,2,3,True
19516,2,2,0,True
19517,2,2,0,True
19518,2,2,2,False
19519,2,2,3,True
19520,2,2,3,True
19521,2,2,0,True
19522,2,2,3,True
19523,2,2,0,True
19524,2,2,3,True
19525,2,2,0,True
19526,2,2,0,True
19527,2,2,0,True
19528,2,2,2,False
19529,2,2,1,True
19530,2,2,2,False
19531,2,2,2,False
19532,2,2,0,True
19533,2,2,0,True
19534,2,2,0,True
19535,2,2,1,True
19536,2,2,3,True
19537,2,2,0,True
19538,2,2,0,True
19539,2,2,3,True
19540,2,3,1,False
19541,2,2,2,False
19542,2,2,0,True
19543,2,2,0,True
19544,2,2,0,True
19545,2,2,3,True
19546,2,2,2,False
19547,2,2,0,True
19548,2,2,0,True
19549,2,2,2,False
19550,2,2,0,True
19551,2,2,3,True
19552,2,2,0,True
19553,2,2,3,True
19554,2,2,3,True
19555,2,2,2,False
19556,2,2,3,True
19557,2,2,3,True
19558,2,2,1,True
19559,2,2,0,True
19560,2,2,2,False
19561,2,2,0,True
19562,2,2,0,True
19563,2,2,0,True
19564,2,2,3,True
19565,2,2,3,True
19566,2,2,0,True
19567,2,2,0,True
19568,2,2,3,True
19569,2,2,3,True
19570,2,2,0,True
19571,2,2,0,True
19572,2,2,3,True
19573,2,2,0,True
19574,2,2,0,True
19575,2,2,3,True
19576,2,2,0,True
19577,2,2,0,True
19578,2,2,0,True
19579,2,2,0,True
19580,2,2,2,False
19581,2,2,2,False
19582,2,2,3,True
19583,2,2,0,True
19584,2,2,2,False
19585,2,2,0,True
19586,2,2,0,True
19587,2,2,0,True
19588,2,2,2,False
19589,2,2,3,True
19590,2,2,0,True
19591,2,2,3,True
19592,2,2,0,True
19593,2,2,0,True
19594,2,2,0,True
19595,2,2,0,True
19596,2,2,0,True
19597,2,2,3,True
19598,2,2,0,True
19599,2,2,0,True
19600,2,2,0,True
19601,2,2,3,True
19602,2,2,0,True
19603,2,2,2,False
19604,2,2,2,False
19605,2,2,2,False
19606,2,2,3,True
19607,2,2,2,False
19608,2,2,0,True
19609,2,2,3,True
19610,2,2,0,True
19611,2,2,0,True
19612,2,2,0,True
19613,2,2,0,True
19614,2,2,0,True
19615,2,2,0,True
19616,2,2,0,True
19617,2,2,0,True
19618,2,2,3,True
19619,2,2,0,True
19620,2,2,3,True
19621,2,2,0,True
19622,2,2,3,True
19623,2,2,1,True
19624,2,2,0,True
19625,2,2,0,True
19626,2,2,0,True
19627,2,2,3,True
19628,2,2,0,True
19629,2,2,3,True
19630,2,2,0,True
19631,2,2,0,True
19632,2,2,0,True
19633,2,2,0,True
19634,2,2,0,True
19635,2,2,2,False
19636,2,3,3,False
19637,2,2,0,True
19638,2,2,0,True
19639,2,2,3,True
19640,2,2,0,True
19641,2,2,1,True
19642,2,2,0,True
19643,2,2,0,True
19644,2,2,0,True
19645,2,2,0,True
19646,2,2,0,True
19647,2,2,1,True
19648,2,2,0,True
19649,2,2,3,True
19650,2,2,0,True
19651,2,2,0,True
19652,2,2,0,True
19653,2,2,0,True
19654,2,2,3,True
19655,2,2,0,True
19656,2,2,2,False
19657,2,2,2,False
19658,2,2,0,True
19659,2,2,0,True
19660,2,2,0,True
19661,2,2,3,True
19662,2,2,3,True
19663,2,2,3,True
19664,2,2,0,True
19665,2,2,0,True
19666,2,2,2,False
19667,2,2,2,False
19668,2,2,2,False
19669,2,2,2,False
19670,2,2,3,True
19671,2,2,2,False
19672,2,2,0,True
19673,2,2,0,True
19674,2,2,2,False
19675,2,2,0,True
19676,2,2,3,True
19677,2,2,0,True
19678,2,2,0,True
19679,2,2,2,False
19680,2,2,0,True
19681,2,2,0,True
19682,2,2,2,False
19683,2,2,3,True
19684,2,2,0,True
19685,2,2,0,True
19686,2,2,0,True
19687,2,2,2,False
19688,2,2,3,True
19689,2,2,0,True
19690,2,2,3,True
19691,2,2,0,True
19692,2,2,3,True
19693,2,2,2,False
19694,2,2,0,True
19695,2,2,0,True
19696,2,2,0,True
19697,2,2,0,True
19698,2,2,3,True
19699,2,2,0,True
19700,2,2,0,True
19701,2,2,3,True
19702,2,2,0,True
19703,2,2,0,True
19704,2,2,0,True
19705,2,2,3,True
19706,2,2,0,True
19707,2,2,0,True
19708,2,2,2,False
19709,2,2,2,False
19710,2,2,3,True
19711,2,2,3,True
19712,2,2,3,True
19713,2,2,3,True
19714,2,2,3,True
19715,2,2,0,True
19716,2,2,1,True
19717,2,2,0,True
19718,2,2,2,False
19719,2,2,0,True
19720,2,2,0,True
19721,2,2,0,True
19722,2,2,0,True
19723,2,2,0,True
19724,2,2,3,True
19725,2,2,0,True
19726,2,2,0,True
19727,2,2,3,True
19728,2,2,0,True
19729,2,2,0,True
19730,2,2,0,True
19731,2,2,2,False
19732,2,2,0,True
19733,2,2,0,True
19734,2,2,0,True
19735,2,2,3,True
19736,2,2,2,False
19737,2,2,0,True
19738,2,2,1,True
19739,2,2,0,True
19740,2,2,2,False
19741,2,2,0,True
19742,2,2,0,True
19743,2,2,1,True
19744,2,2,0,True
19745,2,2,0,True
19746,2,2,0,True
19747,2,2,2,False
19748,2,2,0,True
19749,2,2,3,True
19750,2,3,2,False
19751,2,2,3,True
19752,2,2,2,False
19753,2,2,0,True
19754,2,2,3,True
19755,2,2,0,True
19756,2,2,3,True
19757,2,2,0,True
19758,2,2,0,True
19759,2,2,0,True
19760,2,2,3,True
19761,2,2,2,False
19762,2,2,2,False
19763,2,2,0,True
19764,2,2,0,True
19765,2,2,0,True
19766,2,2,0,True
19767,2,2,0,True
19768,2,2,3,True
19769,2,2,0,True
19770,2,2,3,True
19771,2,2,0,True
19772,2,2,0,True
19773,2,2,0,True
19774,2,2,1,True
19775,2,2,0,True
19776,2,2,3,True
19777,2,2,0,True
19778,2,2,0,True
19779,2,2,2,False
19780,2,2,0,True
19781,2,2,1,True
19782,2,2,0,True
19783,2,2,2,False
19784,2,2,3,True
19785,2,2,0,True
19786,2,2,2,False
19787,2,2,2,False
19788,2,2,2,False
19789,2,2,0,True
19790,2,2,3,True
19791,2,2,0,True
19792,2,2,0,True
19793,2,2,0,True
19794,2,2,0,True
19795,2,2,0,True
19796,2,2,0,True
19797,2,2,3,True
19798,2,2,0,True
19799,2,2,1,True
19800,2,2,2,False
19801,2,2,0,True
19802,2,2,0,True
19803,2,2,2,False
19804,2,2,2,False
19805,2,2,3,True
19806,2,2,3,True
19807,2,2,0,True
19808,2,2,0,True
19809,2,2,0,True
19810,2,2,0,True
19811,2,2,2,False
19812,2,2,0,True
19813,2,2,2,False
19814,2,2,0,True
19815,2,2,3,True
19816,2,2,0,True
19817,2,2,0,True
19818,2,2,0,True
19819,2,2,0,True
19820,2,2,0,True
19821,2,2,2,False
19822,2,2,3,True
19823,2,2,0,True
19824,2,2,3,True
19825,2,2,2,False
19826,2,2,3,True
19827,2,2,2,False
19828,2,2,3,True
19829,2,2,1,True
19830,2,2,3,True
19831,2,2,3,True
19832,2,2,0,True
19833,2,2,0,True
19834,2,2,0,True
19835,2,2,0,True
19836,2,2,0,True
19837,2,2,0,True
19838,2,2,3,True
19839,2,2,0,True
19840,2,2,0,True
19841,2,2,0,True
19842,2,2,0,True
19843,2,2,0,True
19844,2,2,0,True
19845,2,2,3,True
19846,2,2,2,False
19847,2,2,2,False
19848,2,2,0,True
19849,2,2,2,False
19850,2,2,0,True
19851,2,2,0,True
19852,2,2,0,True
19853,2,2,3,True
19854,2,2,3,True
19855,2,2,3,True
19856,2,2,0,True
19857,2,2,0,True
19858,2,2,0,True
19859,2,2,2,False
19860,2,2,3,True
19861,2,2,2,False
19862,2,2,0,True
19863,2,2,3,True
19864,2,2,3,True
19865,2,2,0,True
19866,2,2,0,True
19867,2,2,0,True
19868,2,2,3,True
19869,2,2,2,False
19870,2,2,3,True
19871,2,2,0,True
19872,2,2,0,True
19873,2,2,0,True
19874,2,2,0,True
19875,2,2,3,True
19876,2,2,0,True
19877,2,2,2,False
19878,2,2,0,True
19879,2,2,0,True
19880,2,2,0,True
19881,2,2,3,True
19882,2,2,3,True
19883,2,2,0,True
19884,2,2,0,True
19885,2,2,1,True
19886,2,2,0,True
19887,2,2,0,True
19888,2,2,3,True
19889,2,2,0,True
19890,2,2,0,True
19891,2,2,3,True
19892,2,2,0,True
19893,2,2,2,False
19894,2,2,0,True
19895,2,2,0,True
19896,2,2,2,False
19897,2,2,0,True
19898,2,2,0,True
19899,2,2,2,False
19900,2,2,0,True
19901,2,2,0,True
19902,2,2,0,True
19903,2,2,0,True
19904,2,2,3,True
19905,2,2,0,True
19906,2,2,0,True
19907,2,2,3,True
19908,2,2,3,True
19909,2,2,2,False
19910,2,2,0,True
19911,2,2,3,True
19912,2,2,3,True
19913,2,2,0,True
19914,2,2,3,True
19915,2,2,2,False
19916,2,2,2,False
19917,2,2,2,False
19918,2,2,0,True
19919,2,2,0,True
19920,2,2,0,True
19921,2,2,2,False
19922,2,2,3,True
19923,2,2,3,True
19924,2,2,0,True
19925,2,2,0,True
19926,2,2,0,True
19927,2,2,3,True
19928,2,2,3,True
19929,2,2,0,True
19930,2,2,0,True
19931,2,2,0,True
19932,2,2,3,True
19933,2,2,0,True
19934,2,2,0,True
19935,2,2,3,True
19936,2,2,0,True
19937,2,2,0,True
19938,2,2,0,True
19939,2,2,1,True
19940,2,2,0,True
19941,2,2,2,False
19942,2,2,0,True
19943,2,2,0,True
19944,2,2,3,True
19945,2,2,0,True
19946,2,2,0,True
19947,2,2,0,True
19948,2,2,0,True
19949,2,2,3,True
19950,2,2,3,True
19951,2,2,0,True
19952,2,2,3,True
19953,2,2,0,True
19954,2,2,1,True
19955,2,2,1,True
19956,2,2,0,True
19957,2,2,0,True
19958,2,2,2,False
19959,2,2,2,False
19960,2,2,3,True
19961,2,2,2,False
19962,2,2,0,True
19963,2,2,0,True
19964,2,2,0,True
19965,2,2,0,True
19966,2,2,3,True
19967,2,2,3,True
19968,2,2,3,True
19969,2,2,0,True
19970,2,2,2,False
19971,2,2,3,True
19972,2,2,2,False
19973,2,2,0,True
19974,2,2,0,True
19975,2,2,0,True
19976,2,2,0,True
19977,2,2,2,False
19978,2,2,0,True
19979,2,2,3,True
19980,2,2,2,False
19981,2,2,0,True
19982,2,2,0,True
19983,2,2,3,True
19984,2,2,3,True
19985,2,2,0,True
19986,2,2,3,True
19987,2,2,0,True
19988,2,2,0,True
19989,2,2,0,True
19990,2,2,3,True
19991,2,2,2,False
19992,2,2,2,False
19993,2,2,0,True
19994,2,2,1,True
19995,2,2,3,True
19996,2,2,3,True
19997,2,2,0,True
19998,2,2,2,False
19999,2,2,3,True
20000,2,2,2,False
20001,2,2,2,False
20002,2,2,2,False
20003,2,2,0,True
20004,2,2,1,True
20005,2,2,2,False
20006,2,2,3,True
20007,2,2,0,True
20008,2,2,0,True
20009,2,2,0,True
20010,2,2,0,True
20011,2,2,2,False
20012,2,2,0,True
20013,2,2,0,True
20014,2,2,3,True
20015,2,2,0,True
20016,2,2,0,True
20017,2,2,0,True
20018,2,2,3,True
20019,2,2,0,True
20020,2,2,2,False
20021,2,2,0,True
20022,2,2,0,True
20023,2,2,0,True
20024,2,2,3,True
20025,2,2,0,True
20026,2,2,0,True
20027,2,2,3,True
20028,2,2,2,False
20029,2,2,3,True
20030,2,2,2,False
20031,2,2,0,True
20032,2,2,1,True
20033,2,2,0,True
20034,2,2,3,True
20035,2,2,2,False
20036,2,2,0,True
20037,2,2,1,True
20038,2,2,0,True
20039,2,2,3,True
20040,2,2,0,True
20041,2,2,0,True
20042,2,2,0,True
20043,2,2,0,True
20044,2,2,0,True
20045,2,2,0,True
20046,2,2,0,True
20047,2,2,0,True
20048,2,2,0,True
20049,2,2,3,True
20050,2,2,0,True
20051,2,2,1,True
20052,2,2,1,True
20053,2,2,2,False
20054,2,2,3,True
20055,2,2,3,True
20056,2,2,0,True
20057,2,2,3,True
20058,2,2,0,True
20059,2,2,0,True
20060,2,2,2,False
20061,2,2,0,True
20062,2,2,0,True
20063,2,2,0,True
20064,2,2,0,True
20065,2,2,3,True
20066,2,2,0,True
20067,2,2,0,True
20068,2,2,0,True
20069,2,2,2,False
20070,2,2,0,True
20071,2,2,0,True
20072,2,2,3,True
20073,2,2,3,True
20074,2,2,0,True
20075,2,2,0,True
20076,2,2,3,True
20077,2,2,0,True
20078,2,2,0,True
20079,2,2,2,False
20080,2,2,0,True
20081,2,2,2,False
20082,2,2,3,True
20083,2,2,3,True
20084,2,2,3,True
20085,2,2,1,True
20086,2,2,3,True
20087,2,2,0,True
20088,2,2,3,True
20089,2,2,0,True
20090,2,2,0,True
20091,2,2,2,False
20092,2,2,0,True
20093,2,2,0,True
20094,2,2,0,True
20095,2,2,0,True
20096,2,2,0,True
20097,2,2,0,True
20098,2,2,0,True
20099,2,2,2,False
20100,2,2,0,True
20101,2,2,0,True
20102,2,2,0,True
20103,2,2,0,True
20104,2,2,0,True
20105,2,2,0,True
20106,2,2,2,False
20107,2,2,0,True
20108,2,2,0,True
20109,2,2,0,True
20110,2,2,0,True
20111,2,2,0,True
20112,2,2,0,True
20113,2,2,2,False
20114,2,2,0,True
20115,2,2,0,True
20116,2,2,0,True
20117,2,2,0,True
20118,2,2,2,False
20119,2,2,3,True
20120,2,2,0,True
20121,2,2,0,True
20122,3,3,3,False
20123,3,3,3,False
20124,3,3,0,True
20125,3,3,3,False
20126,3,3,0,True
20127,3,3,3,False
20128,3,3,3,False
20129,3,3,3,False
20130,3,3,3,False
20131,3,3,3,False
20132,3,3,3,False
20133,3,3,3,False
20134,3,3,3,False
20135,3,3,3,False
20136,3,3,3,False
20137,3,3,3,False
20138,3,3,3,False
20139,3,3,3,False
20140,3,3,3,False
20141,3,3,3,False
20142,3,0,3,False
20143,3,3,3,False
20144,3,3,3,False
20145,3,3,3,False
20146,3,3,3,False
20147,3,3,3,False
20148,3,3,3,False
20149,3,3,3,False
20150,3,3,3,False
20151,3,3,3,False
20152,3,3,3,False
20153,3,3,3,False
20154,3,0,3,False
20155,3,3,3,False
20156,3,3,3,False
20157,3,3,3,False
20158,3,3,3,False
20159,3,3,3,False
20160,3,0,3,False
20161,3,3,3,False
20162,3,0,3,False
20163,3,3,3,False
20164,3,3,3,False
20165,3,3,3,False
20166,3,3,3,False
20167,3,3,3,False
20168,3,3,3,False
20169,3,3,3,False
20170,3,3,3,False
20171,3,3,3,False
20172,3,3,3,False
20173,3,3,3,False
20174,3,3,3,False
20175,3,3,3,False
20176,3,3,3,False
20177,3,3,3,False
20178,3,3,3,False
20179,3,3,3,False
20180,3,3,3,False
20181,3,3,3,False
20182,3,3,3,False
20183,3,3,3,False
20184,3,3,3,False
20185,3,3,3,False
20186,3,4,3,False
20187,3,3,3,False
20188,3,3,3,False
20189,3,3,3,False
20190,3,3,3,False
20191,3,3,3,False
20192,3,3,3,False
20193,3,3,3,False
20194,3,3,3,False
20195,3,3,3,False
20196,3,0,3,False
20197,3,3,3,False
20198,3,3,3,False
20199,3,3,3,False
20200,3,3,3,False
20201,3,3,3,False
20202,3,3,3,False
20203,3,3,3,False
20204,3,3,3,False
20205,3,3,3,False
20206,3,3,3,False
20207,3,3,3,False
20208,3,3,3,False
20209,3,3,3,False
20210,3,3,3,False
20211,3,3,3,False
20212,3,3,3,False
20213,3,3,3,False
20214,3,3,3,False
20215,3,3,3,False
20216,3,3,3,False
20217,3,3,3,False
20218,3,3,3,False
20219,3,3,3,False
20220,3,3,3,False
20221,3,3,3,False
20222,3,3,3,False
20223,3,3,3,False
20224,3,3,3,False
20225,3,3,3,False
20226,3,3,3,False
20227,3,3,0,True
20228,3,3,3,False
20229,3,3,3,False
20230,3,3,3,False
20231,3,3,3,False
20232,3,3,3,False
20233,3,3,3,False
20234,3,3,3,False
20235,3,3,3,False
20236,3,3,3,False
20237,3,3,3,False
20238,3,3,3,False
20239,3,3,3,False
20240,3,3,3,False
20241,3,3,3,False
20242,3,3,3,False
20243,3,3,3,False
20244,3,3,3,False
20245,3,3,3,False
20246,3,3,3,False
20247,3,3,3,False
20248,3,3,3,False
20249,3,3,3,False
20250,3,3,3,False
20251,3,3,3,False
20252,3,3,3,False
20253,3,3,3,False
20254,3,3,3,False
20255,3,3,3,False
20256,3,3,3,False
20257,3,3,3,False
20258,3,3,3,False
20259,3,3,3,False
20260,3,3,3,False
20261,3,3,3,False
20262,3,3,3,False
20263,3,3,3,False
20264,3,3,3,False
20265,3,3,3,False
20266,3,3,3,False
20267,3,3,3,False
20268,3,3,3,False
20269,3,3,3,False
20270,3,3,3,False
20271,3,3,3,False
20272,3,3,3,False
20273,3,3,3,False
20274,3,3,3,False
20275,3,3,3,False
20276,3,3,3,False
20277,3,1,3,False
20278,3,3,3,False
20279,3,3,3,False
20280,3,3,3,False
20281,3,3,3,False
20282,3,3,3,False
20283,3,3,3,False
20284,4,4,0,True
20285,4,4,0,True
20286,4,4,0,True
20287,4,4,0,True
20288,4,4,4,False
20289,4,4,4,False
20290,4,4,4,False
20291,4,4,0,True
20292,4,4,4,False
20293,4,4,0,True
20294,4,4,0,True
20295,4,4,0,True
20296,4,4,0,True
20297,4,4,4,False
20298,4,4,4,False
20299,4,4,0,True
20300,4,4,0,True
20301,4,4,4,False
20302,4,4,4,False
20303,4,4,0,True
20304,4,4,4,False
20305,4,4,0,True
20306,4,4,0,True
20307,4,4,0,True
20308,4,4,4,False
20309,4,4,0,True
20310,4,4,4,False
20311,4,4,0,True
20312,4,4,4,False
20313,4,4,0,True
20314,4,4,0,True
20315,4,4,0,True
20316,4,4,4,False
20317,4,4,0,True
20318,4,4,0,True
20319,4,4,4,False
20320,4,4,0,True
20321,4,4,3,True
20322,4,4,0,True
20323,4,4,0,True
20324,4,4,3,True
20325,4,4,0,True
20326,4,4,4,False
20327,4,4,4,False
20328,4,4,4,False
20329,4,4,3,True
20330,4,4,0,True
20331,4,4,4,False
20332,4,4,0,True
20333,4,4,0,True
20334,4,4,3,True
20335,4,4,0,True
20336,4,4,0,True
20337,4,4,0,True
20338,4,4,0,True
20339,4,4,4,False
20340,4,4,0,True
20341,4,4,0,True
20342,4,4,4,False
20343,4,4,0,True
20344,4,4,0,True
20345,4,4,0,True
20346,4,4,0,True
20347,4,4,4,False
20348,4,4,0,True
20349,4,4,4,False
20350,4,4,0,True
20351,4,4,0,True
20352,4,4,0,True
20353,4,4,0,True
20354,4,4,0,True
20355,4,4,0,True
20356,4,4,0,True
20357,4,4,0,True
20358,4,4,0,True
20359,4,4,0,True
20360,4,4,4,False
20361,4,4,0,True
20362,4,4,3,True
20363,4,4,0,True
20364,4,4,0,True
20365,4,4,4,False
20366,4,4,0,True
20367,4,4,0,True
20368,4,4,0,True
20369,4,4,4,False
20370,4,4,4,False
20371,4,4,0,True
20372,4,4,4,False
20373,4,4,3,True
20374,4,4,4,False
20375,4,4,0,True
20376,4,4,0,True
20377,4,4,4,False
20378,4,4,0,True
20379,4,4,0,True
20380,4,4,0,True
20381,4,4,0,True
20382,4,4,0,True
20383,4,4,0,True
20384,4,4,0,True
20385,4,4,0,True
20386,4,4,0,True
20387,4,4,0,True
20388,4,4,0,True
20389,4,4,0,True
20390,4,4,4,False
20391,4,4,3,True
20392,4,4,0,True
20393,4,4,0,True
20394,4,4,4,False
20395,4,4,3,True
20396,4,4,0,True
20397,4,4,0,True
20398,4,4,4,False
20399,4,4,4,False
20400,4,4,4,False
20401,4,4,0,True
20402,4,4,0,True
20403,4,4,0,True
20404,4,4,0,True
20405,4,4,4,False
20406,4,4,0,True
20407,4,4,0,True
20408,4,4,0,True
20409,4,4,0,True
20410,4,4,0,True
20411,4,4,0,True
20412,4,4,0,True
20413,4,4,4,False
20414,4,4,0,True
20415,4,4,3,True
20416,4,4,0,True
20417,4,4,0,True
20418,4,4,4,False
20419,4,4,0,True
20420,4,4,0,True
20421,4,4,0,True
20422,4,4,0,True
20423,4,4,0,True
20424,4,4,0,True
20425,4,4,4,False
20426,4,4,4,False
20427,4,4,0,True
20428,4,4,0,True
20429,4,4,0,True
20430,4,4,0,True
20431,4,4,0,True
20432,4,4,0,True
20433,4,4,0,True
20434,4,4,4,False
20435,4,4,0,True
20436,4,4,0,True
20437,4,4,0,True
20438,4,4,0,True
20439,4,4,0,True
20440,4,4,0,True
20441,4,4,0,True
20442,4,4,4,False
20443,4,4,4,False
20444,4,4,4,False
20445,4,4,4,False
20446,4,4,0,True
20447,4,4,4,False
20448,4,4,0,True
20449,4,4,0,True
20450,4,4,4,False
20451,4,4,4,False
20452,4,4,0,True
20453,4,4,0,True
20454,4,4,0,True
20455,4,4,4,False
20456,4,4,0,True
20457,4,4,0,True
20458,4,4,4,False
20459,4,4,4,False
20460,4,4,0,True
20461,4,4,0,True
20462,4,4,4,False
20463,4,4,0,True
20464,4,4,4,False
20465,4,4,4,False
20466,4,4,1,True
20467,4,4,0,True
20468,4,4,4,False
20469,4,4,0,True
20470,4,4,0,True
20471,4,4,0,True
20472,4,4,0,True
20473,4,4,0,True
20474,4,4,0,True
20475,4,4,0,True
20476,4,4,4,False
20477,4,4,4,False
20478,4,4,0,True
20479,4,4,4,False
20480,4,4,0,True
20481,4,4,0,True
20482,4,4,4,False
20483,4,4,4,False
20484,4,4,4,False
20485,4,4,4,False
20486,4,4,0,True
20487,4,4,4,False
20488,4,4,0,True
20489,4,4,0,True
20490,4,4,0,True
20491,4,4,0,True
20492,4,4,0,True
20493,4,4,0,True
20494,4,4,0,True
20495,4,4,4,False
20496,4,4,0,True
20497,4,4,3,True
20498,4,4,0,True
20499,4,4,1,True
20500,4,4,0,True
20501,4,4,4,False
20502,4,4,0,True
20503,4,4,0,True
20504,4,4,4,False
20505,4,4,4,False
20506,4,4,0,True
20507,4,4,4,False
20508,4,4,0,True
20509,4,4,0,True
20510,4,4,0,True
20511,4,4,0,True
20512,4,4,4,False
20513,4,4,0,True
20514,4,4,3,True
20515,4,4,0,True
20516,4,4,0,True
20517,4,4,0,True
20518,4,4,3,True
20519,4,4,4,False
20520,4,4,0,True
20521,4,4,4,False
20522,4,4,0,True
20523,4,4,0,True
20524,4,4,4,False
20525,4,4,0,True
20526,4,4,0,True
20527,4,4,0,True
20528,4,4,0,True
20529,4,4,0,True
20530,4,4,3,True
20531,4,4,4,False
20532,4,4,0,True
20533,4,4,0,True
20534,4,4,4,False
20535,4,4,4,False
20536,4,4,4,False
20537,4,4,4,False
20538,4,4,0,True
20539,4,4,0,True
20540,4,4,0,True
20541,4,4,0,True
20542,4,4,0,True
20543,4,4,4,False
20544,4,4,0,True
20545,4,4,0,True
20546,4,4,0,True
20547,4,4,0,True
20548,4,4,0,True
20549,4,4,3,True
20550,4,4,4,False
20551,4,4,4,False
20552,4,4,0,True
20553,4,4,4,False
20554,4,4,4,False
20555,4,4,0,True
20556,4,4,4,False
20557,4,4,0,True
20558,4,4,4,False
20559,4,4,0,True
20560,4,4,4,False
20561,4,4,0,True
20562,4,4,0,True
20563,4,4,0,True
20564,4,4,4,False
20565,4,4,0,True
20566,4,4,0,True
20567,4,4,0,True
20568,4,4,4,False
20569,4,4,4,False
20570,4,4,0,True
20571,4,4,4,False
20572,4,4,4,False
20573,4,4,0,True
20574,4,4,0,True
20575,4,4,4,False
20576,4,4,4,False
20577,4,4,0,True
20578,4,4,0,True
20579,4,4,4,False
20580,4,4,4,False
20581,4,4,0,True
20582,4,4,0,True
20583,4,4,4,False
20584,4,4,0,True
20585,4,4,0,True
20586,4,4,0,True
20587,4,4,4,False
20588,4,4,0,True
20589,4,4,0,True
20590,4,4,4,False
20591,4,4,0,True
20592,4,4,4,False
20593,4,4,4,False
20594,4,4,0,True
20595,4,4,4,False
20596,4,4,0,True
20597,4,4,4,False
20598,4,4,0,True
20599,4,4,0,True
20600,4,4,0,True
20601,4,4,4,False
20602,4,4,0,True
20603,4,4,0,True
20604,4,4,0,True
20605,4,4,0,True
20606,4,4,0,True
20607,4,4,0,True
20608,4,4,0,True
20609,4,4,4,False
20610,4,4,0,True
20611,4,4,0,True
20612,4,4,4,False
20613,4,4,0,True
20614,4,4,0,True
20615,4,4,0,True
20616,4,4,4,False
20617,4,4,0,True
20618,4,4,0,True
20619,4,4,0,True
20620,4,4,4,False
20621,4,4,0,True
20622,4,4,0,True
20623,4,4,0,True
20624,4,4,0,True
20625,4,4,0,True
20626,4,4,0,True
20627,4,4,0,True
20628,4,4,4,False
20629,4,4,4,False
20630,4,4,0,True
20631,4,4,0,True
20632,4,4,0,True
20633,4,4,0,True
20634,4,4,0,True
20635,4,4,4,False
20636,4,4,0,True
20637,4,4,4,False
20638,4,4,0,True
20639,4,4,4,False
20640,4,4,4,False
20641,4,4,4,False
20642,4,4,4,False
20643,4,4,0,True
20644,4,4,0,True
20645,4,4,4,False
20646,4,4,0,True
20647,4,4,4,False
20648,4,4,4,False
20649,4,4,4,False
20650,4,4,0,True
20651,4,4,4,False
20652,4,4,0,True
20653,4,4,0,True
20654,4,4,0,True
20655,4,4,0,True
20656,4,4,0,True
20657,4,4,0,True
20658,4,4,4,False
20659,4,4,0,True
20660,4,4,0,True
20661,4,4,4,False
20662,4,4,0,True
20663,4,4,4,False
20664,4,4,0,True
20665,4,4,0,True
20666,4,4,4,False
20667,4,4,0,True
20668,4,4,4,False
20669,4,4,0,True
20670,4,4,0,True
20671,4,4,0,True
20672,4,4,0,True
20673,4,4,4,False
20674,4,4,0,True
20675,4,4,3,True
20676,4,4,0,True
20677,4,4,0,True
20678,4,4,0,True
20679,4,4,0,True
20680,4,4,0,True
20681,4,4,4,False
20682,4,4,0,True
20683,4,4,0,True
20684,4,4,4,False
20685,4,4,4,False
20686,4,4,0,True
20687,4,4,0,True
20688,4,4,0,True
20689,4,4,0,True
20690,4,4,4,False
20691,4,4,0,True
20692,4,4,0,True
20693,4,4,0,True
20694,4,4,4,False
20695,4,4,3,True
20696,4,4,0,True
20697,4,4,0,True
20698,4,4,4,False
20699,4,4,4,False
20700,4,4,4,False
20701,4,4,4,False
20702,4,4,0,True
20703,4,4,4,False
20704,4,4,4,False
20705,4,4,0,True
20706,4,4,0,True
20707,4,4,4,False
20708,4,4,0,True
20709,4,4,0,True
20710,4,4,0,True
20711,4,4,4,False
20712,4,4,0,True
20713,4,4,0,True
20714,4,4,4,False
20715,4,4,4,False
20716,4,4,0,True
20717,4,4,4,False
20718,4,4,0,True
20719,4,4,0,True
20720,4,4,0,True
20721,4,4,4,False
20722,4,4,4,False
20723,4,4,0,True
20724,4,4,0,True
20725,4,4,0,True
20726,4,4,0,True
20727,4,4,4,False
20728,4,4,4,False
20729,4,4,4,False
20730,4,4,0,True
20731,4,4,0,True
20732,4,4,4,False
20733,4,4,3,True
20734,4,4,0,True
20735,4,4,0,True
20736,4,4,4,False
20737,4,4,0,True
20738,4,4,0,True
20739,4,4,3,True
20740,4,4,0,True
20741,4,4,4,False
20742,4,4,4,False
20743,4,4,0,True
20744,4,4,4,False
20745,4,4,0,True
20746,4,4,0,True
20747,4,4,0,True
20748,4,4,0,True
20749,4,4,4,False
20750,4,4,0,True
20751,4,4,0,True
20752,4,4,0,True
20753,4,4,0,True
20754,4,4,1,True
20755,4,4,4,False
20756,4,4,4,False
20757,4,4,0,True
20758,4,4,4,False
20759,4,4,0,True
20760,4,4,0,True
20761,4,4,0,True
20762,4,4,0,True
20763,4,4,0,True
20764,4,4,0,True
20765,4,4,4,False
20766,4,4,0,True
20767,4,4,0,True
20768,4,4,0,True
20769,4,4,0,True
20770,4,4,0,True
20771,4,4,0,True
20772,4,4,4,False
20773,4,4,4,False
20774,4,4,0,True
20775,4,4,3,True
20776,4,4,4,False
20777,4,4,0,True
20778,4,4,0,True
20779,4,4,4,False
20780,4,4,0,True
20781,4,4,4,False
20782,4,4,0,True
20783,4,4,0,True
20784,4,4,0,True
20785,4,4,0,True
20786,4,4,0,True
20787,4,4,4,False
20788,4,4,1,True
20789,4,4,0,True
20790,4,4,0,True
20791,4,4,4,False
20792,4,4,4,False
20793,4,4,4,False
20794,4,4,0,True
20795,4,4,0,True
20796,4,4,0,True
20797,4,4,0,True
20798,4,4,0,True
20799,4,4,4,False
20800,4,4,0,True
20801,4,4,0,True
20802,4,4,3,True
20803,4,4,0,True
20804,4,4,0,True
20805,4,4,0,True
20806,4,4,4,False
20807,4,4,0,True
20808,4,4,0,True
20809,4,4,4,False
20810,4,4,0,True
20811,4,4,0,True
20812,4,4,0,True
20813,4,4,0,True
20814,4,4,0,True
20815,4,4,0,True
20816,4,4,0,True
20817,4,4,0,True
20818,4,4,0,True
20819,4,4,0,True
20820,4,4,4,False
20821,4,4,0,True
20822,4,4,0,True
20823,4,4,0,True
20824,4,4,0,True
20825,4,4,0,True
20826,4,4,0,True
20827,4,4,4,False
20828,4,4,4,False
20829,4,4,4,False
20830,4,4,0,True
20831,4,4,4,False
20832,4,4,0,True
20833,4,4,4,False
20834,4,4,0,True
20835,4,4,0,True
20836,4,4,0,True
20837,4,4,0,True
20838,4,4,4,False
20839,4,4,0,True
20840,4,4,4,False
20841,4,4,0,True
20842,4,4,0,True
20843,4,4,4,False
20844,4,4,4,False
20845,4,4,0,True
20846,4,4,0,True
20847,4,4,0,True
20848,4,4,0,True
20849,4,4,4,False
20850,4,4,0,True
20851,4,4,1,True
20852,4,4,0,True
20853,4,4,0,True
20854,4,4,3,True
20855,4,4,0,True
20856,4,4,0,True
20857,4,4,0,True
20858,4,4,4,False
20859,4,4,0,True
20860,4,4,0,True
20861,4,4,0,True
20862,4,4,4,False
20863,4,4,0,True
20864,4,4,4,False
20865,4,4,0,True
20866,4,4,0,True
20867,4,4,0,True
20868,4,4,0,True
20869,4,4,4,False
20870,4,4,0,True
20871,4,4,0,True
20872,4,4,0,True
20873,4,4,0,True
20874,4,4,4,False
20875,4,4,1,True
20876,4,4,0,True
20877,4,4,0,True
20878,4,4,0,True
20879,4,4,4,False
20880,4,4,0,True
20881,4,4,4,False
20882,4,4,0,True
20883,4,4,0,True
20884,4,4,0,True
20885,4,4,4,False
20886,4,4,0,True
20887,4,4,0,True
20888,4,4,0,True
20889,4,4,4,False
20890,4,4,4,False
20891,4,4,4,False
20892,4,4,4,False
20893,4,4,4,False
20894,4,4,0,True
20895,4,4,4,False
20896,4,4,0,True
20897,4,4,4,False
20898,4,4,0,True
20899,4,4,0,True
20900,4,4,0,True
20901,4,4,0,True
20902,4,4,0,True
20903,4,4,4,False
20904,4,4,4,False
20905,4,4,0,True
20906,4,4,3,True
20907,4,4,4,False
20908,4,4,0,True
20909,4,4,0,True
20910,4,4,4,False
20911,4,4,0,True
20912,4,4,0,True
20913,4,4,0,True
20914,4,4,4,False
20915,4,4,0,True
20916,4,4,0,True
20917,4,4,4,False
20918,4,4,0,True
20919,4,4,4,False
20920,4,4,0,True
20921,4,4,4,False
20922,4,4,0,True
20923,4,4,0,True
20924,4,4,4,False
20925,4,4,4,False
20926,4,4,0,True
20927,4,4,4,False
20928,4,4,0,True
20929,4,4,4,False
20930,4,4,4,False
20931,4,4,0,True
20932,4,4,0,True
20933,4,4,4,False
20934,4,4,0,True
20935,4,4,0,True
20936,4,4,0,True
20937,4,4,0,True
20938,4,4,0,True
20939,4,4,4,False
20940,4,4,4,False
20941,4,4,3,True
20942,4,4,0,True
20943,4,4,4,False
20944,4,4,0,True
20945,4,4,3,True
20946,4,4,0,True
20947,4,4,4,False
20948,4,4,4,False
20949,4,4,4,False
20950,4,4,0,True
20951,4,4,0,True
20952,4,4,0,True
20953,4,4,0,True
20954,4,4,3,True
20955,4,4,0,True
20956,4,4,0,True
20957,4,4,0,True
20958,4,4,4,False
20959,4,4,0,True
20960,4,4,0,True
20961,4,4,0,True
20962,4,4,4,False
20963,4,4,0,True
20964,4,4,3,True
20965,4,4,4,False
20966,4,4,4,False
20967,4,4,0,True
20968,4,4,4,False
20969,4,4,0,True
20970,4,4,0,True
20971,4,4,4,False
20972,4,4,4,False
20973,4,4,4,False
20974,4,4,4,False
20975,4,4,0,True
20976,4,4,0,True
20977,4,4,0,True
20978,4,4,4,False
20979,4,4,0,True
20980,4,4,0,True
20981,4,4,4,False
20982,4,4,0,True
20983,4,4,4,False
20984,4,4,4,False
20985,4,4,4,False
20986,4,4,4,False
20987,4,4,4,False
20988,4,4,0,True
20989,4,4,0,True
20990,4,4,0,True
20991,4,4,0,True
20992,4,4,4,False
20993,4,4,0,True
20994,4,4,0,True
20995,4,4,4,False
20996,4,4,0,True
20997,4,4,4,False
20998,4,4,0,True
20999,4,4,4,False
21000,4,4,4,False
21001,4,4,4,False
21002,4,4,0,True
21003,4,4,0,True
21004,4,4,1,True
21005,4,4,0,True
21006,4,4,4,False
21007,4,4,0,True
21008,4,4,0,True
21009,4,4,0,True
21010,4,4,0,True
21011,4,4,0,True
21012,4,4,0,True
21013,4,4,4,False
21014,4,4,0,True
21015,4,4,3,True
21016,4,4,4,False
21017,4,4,4,False
21018,4,4,4,False
21019,4,4,0,True
21020,4,4,0,True
21021,4,4,0,True
21022,4,4,4,False
21023,4,4,0,True
21024,4,4,4,False
21025,4,4,0,True
21026,4,4,0,True
21027,4,4,0,True
21028,4,4,0,True
21029,4,4,0,True
21030,4,4,0,True
21031,4,4,0,True
21032,4,4,4,False
21033,4,4,0,True
21034,4,4,4,False
21035,4,4,0,True
21036,4,4,0,True
21037,4,4,4,False
21038,4,4,4,False
21039,4,4,0,True
21040,4,4,0,True
21041,4,4,0,True
21042,4,4,0,True
21043,4,4,0,True
21044,4,4,4,False
21045,4,4,0,True
21046,4,4,0,True
21047,4,4,0,True
21048,4,4,0,True
21049,4,4,0,True
21050,4,4,0,True
21051,4,4,3,True
21052,4,4,4,False
21053,4,4,4,False
21054,4,4,0,True
21055,4,4,0,True
21056,4,4,0,True
21057,4,4,0,True
21058,4,4,0,True
21059,4,4,4,False
21060,4,4,0,True
21061,4,4,4,False
21062,4,4,4,False
21063,4,4,0,True
21064,4,2,3,False
21065,4,4,0,True
21066,4,4,0,True
21067,4,4,0,True
21068,4,4,0,True
21069,4,4,4,False
21070,4,4,0,True
21071,4,4,0,True
21072,4,4,0,True
21073,4,4,4,False
21074,4,4,4,False
21075,4,4,0,True
21076,4,4,4,False
21077,4,4,0,True
21078,4,4,3,True
21079,4,4,0,True
21080,4,4,0,True
21081,4,4,0,True
21082,4,4,4,False
21083,4,4,4,False
21084,4,4,3,True
21085,4,4,0,True
21086,4,4,0,True
21087,4,4,4,False
21088,4,4,0,True
21089,4,4,4,False
21090,4,4,0,True
21091,4,4,0,True
21092,4,4,4,False
21093,4,4,4,False
21094,4,4,0,True
21095,4,4,0,True
21096,4,4,0,True
21097,4,4,4,False
21098,4,4,0,True
21099,4,4,0,True
21100,4,4,4,False
21101,4,4,0,True
21102,4,4,0,True
21103,4,4,4,False
21104,4,4,0,True
21105,4,4,0,True
21106,4,4,0,True
21107,4,4,4,False
21108,4,4,4,False
21109,4,4,0,True
21110,4,4,4,False
21111,4,4,0,True
21112,4,4,4,False
21113,4,4,0,True
21114,4,4,0,True
21115,4,4,0,True
21116,4,4,0,True
21117,4,4,4,False
21118,4,4,0,True
21119,4,4,0,True
21120,4,4,0,True
21121,4,4,0,True
21122,4,4,0,True
21123,4,4,4,False
21124,4,4,0,True
21125,4,4,3,True
21126,4,4,0,True
21127,4,4,4,False
21128,4,4,0,True
21129,4,4,0,True
21130,4,4,4,False
21131,4,4,0,True
21132,4,4,0,True
21133,4,4,0,True
21134,4,4,0,True
21135,4,4,0,True
21136,4,4,0,True
21137,4,4,0,True
21138,4,4,0,True
21139,4,4,0,True
21140,4,4,4,False
21141,4,4,4,False
21142,4,4,0,True
21143,4,4,4,False
21144,4,4,0,True
21145,4,4,3,True
21146,4,4,0,True
21147,4,4,0,True
21148,4,4,0,True
21149,4,4,0,True
21150,4,4,0,True
21151,4,4,0,True
21152,4,4,0,True
21153,4,4,4,False
21154,4,4,0,True
21155,4,4,4,False
21156,4,4,4,False
21157,4,4,0,True
21158,4,4,4,False
21159,4,4,4,False
21160,4,4,0,True
21161,4,4,0,True
21162,4,4,0,True
21163,4,4,0,True
21164,4,4,0,True
21165,4,4,4,False
21166,4,4,4,False
21167,4,4,0,True
21168,4,4,0,True
21169,4,4,0,True
21170,4,4,4,False
21171,4,4,3,True
21172,4,4,0,True
21173,4,4,4,False
21174,4,4,0,True
21175,4,4,0,True
21176,4,4,4,False
21177,4,4,0,True
21178,4,4,0,True
21179,4,4,0,True
21180,4,4,0,True
21181,4,4,4,False
21182,4,4,4,False
21183,4,4,4,False
21184,4,4,0,True
21185,4,4,4,False
21186,4,4,4,False
21187,4,4,0,True
21188,4,4,3,True
21189,4,4,0,True
21190,4,4,4,False
21191,4,4,0,True
21192,4,4,0,True
21193,4,4,0,True
21194,4,4,0,True
21195,4,4,4,False
21196,4,4,0,True
21197,4,4,0,True
21198,4,4,0,True
21199,4,4,4,False
21200,4,4,4,False
21201,4,4,4,False
21202,4,4,4,False
21203,4,4,1,True
21204,4,4,0,True
21205,4,4,0,True
21206,4,4,4,False
21207,4,4,0,True
21208,4,4,0,True
21209,4,4,4,False
21210,4,4,4,False
21211,4,4,0,True
21212,4,4,0,True
21213,4,4,4,False
21214,4,4,0,True
21215,4,4,4,False
21216,4,4,4,False
21217,4,4,0,True
21218,4,4,4,False
21219,4,4,4,False
21220,4,4,4,False
21221,4,4,4,False
21222,4,4,0,True
21223,4,4,0,True
21224,4,4,4,False
21225,4,4,4,False
21226,4,4,4,False
21227,4,4,0,True
21228,4,4,0,True
21229,4,4,3,True
21230,4,4,0,True
21231,4,4,4,False
21232,4,4,0,True
21233,4,4,4,False
21234,4,4,4,False
21235,4,4,0,True
21236,4,4,0,True
21237,4,4,0,True
21238,4,4,4,False
21239,4,4,0,True
21240,4,4,4,False
21241,4,4,0,True
21242,4,4,4,False
21243,4,4,0,True
21244,4,4,0,True
21245,4,4,0,True
21246,4,4,0,True
21247,4,4,0,True
21248,4,4,0,True
21249,4,4,4,False
21250,4,4,0,True
21251,4,4,0,True
21252,4,4,0,True
21253,4,4,0,True
21254,4,4,4,False
21255,4,4,0,True
21256,4,4,0,True
21257,4,4,4,False
21258,4,4,0,True
21259,4,4,0,True
21260,4,4,0,True
21261,4,4,0,True
21262,4,4,3,True
21263,4,4,0,True
21264,4,4,0,True
21265,4,4,0,True
21266,4,4,1,True
21267,4,4,0,True
21268,4,4,4,False
21269,4,4,4,False
21270,4,4,4,False
21271,4,4,0,True
21272,4,4,0,True
21273,4,4,0,True
21274,4,4,0,True
21275,4,4,4,False
21276,4,4,0,True
21277,4,4,4,False
21278,4,4,0,True
21279,4,4,0,True
21280,4,4,4,False
21281,4,4,4,False
21282,4,4,0,True
21283,4,4,0,True
21284,4,4,0,True
21285,4,4,4,False
21286,4,4,4,False
21287,4,4,0,True
21288,4,4,0,True
21289,4,4,0,True
21290,4,4,0,True
21291,4,4,0,True
21292,4,4,0,True
21293,4,4,0,True
21294,4,4,0,True
21295,4,4,4,False
21296,4,4,0,True
21297,4,4,4,False
21298,4,4,0,True
21299,4,4,4,False
21300,4,4,4,False
21301,4,4,0,True
21302,4,4,4,False
21303,4,4,0,True
21304,4,4,0,True
21305,4,4,4,False
21306,4,4,4,False
21307,4,4,4,False
21308,4,4,0,True
21309,4,4,0,True
21310,4,4,4,False
21311,4,4,4,False
21312,4,4,0,True
21313,4,4,0,True
21314,4,4,0,True
21315,4,4,0,True
21316,4,4,0,True
21317,4,4,0,True
21318,4,4,0,True
21319,4,4,0,True
21320,4,4,0,True
21321,4,4,4,False
21322,4,4,4,False
21323,4,4,0,True
21324,4,4,0,True
21325,4,4,0,True
21326,4,4,4,False
21327,4,4,4,False
21328,4,4,4,False
21329,4,4,0,True
21330,4,4,4,False
21331,4,4,4,False
21332,4,4,4,False
21333,4,4,4,False
21334,4,4,0,True
21335,4,4,4,False
21336,4,4,0,True
21337,4,4,4,False
21338,4,4,0,True
21339,4,4,0,True
21340,4,4,0,True
21341,4,4,0,True
21342,4,4,0,True
21343,4,4,0,True
21344,4,4,0,True
21345,4,4,0,True
21346,4,4,0,True
21347,4,4,0,True
21348,4,4,0,True
21349,4,4,0,True
21350,4,4,0,True
21351,4,4,0,True
21352,4,4,4,False
21353,4,4,0,True
21354,4,4,0,True
21355,4,4,4,False
21356,4,4,4,False
21357,4,4,0,True
21358,4,4,4,False
21359,4,4,0,True
21360,4,4,4,False
21361,4,4,0,True
21362,4,4,4,False
21363,4,4,4,False
21364,4,4,0,True
21365,4,4,0,True
21366,4,4,4,False
21367,4,4,4,False
21368,4,4,0,True
21369,4,4,4,False
21370,4,4,0,True
21371,4,4,4,False
21372,4,4,4,False
21373,4,4,4,False
21374,4,4,0,True
21375,4,4,0,True
21376,4,4,0,True
21377,4,4,0,True
21378,4,4,4,False
21379,4,4,4,False
21380,4,4,4,False
21381,4,4,0,True
21382,4,4,0,True
21383,4,4,0,True
21384,4,4,0,True
21385,4,4,4,False
21386,4,4,0,True
21387,4,4,4,False
21388,4,4,0,True
21389,4,4,0,True
21390,4,4,0,True
21391,4,4,0,True
21392,4,4,0,True
21393,4,4,4,False
21394,4,4,0,True
21395,4,4,0,True
21396,4,4,0,True
21397,4,4,0,True
21398,4,4,0,True
21399,4,4,0,True
21400,4,4,4,False
21401,4,4,0,True
21402,4,4,3,True
21403,4,4,4,False
21404,4,4,0,True
21405,4,4,4,False
21406,4,4,0,True
21407,4,4,0,True
21408,4,4,0,True
21409,4,4,0,True
21410,4,4,3,True
21411,4,4,4,False
21412,4,4,4,False
21413,4,4,0,True
21414,4,4,0,True
21415,4,4,0,True
21416,4,4,0,True
21417,4,4,0,True
21418,4,4,4,False
21419,4,4,0,True
21420,4,4,0,True
21421,4,4,0,True
21422,4,4,4,False
21423,4,4,0,True
21424,4,4,0,True
21425,4,4,0,True
21426,4,4,4,False
21427,4,4,4,False
21428,4,4,4,False
21429,4,4,0,True
21430,4,4,4,False
21431,4,4,0,True
21432,4,4,0,True
21433,4,4,0,True
21434,4,4,4,False
21435,4,4,4,False
21436,4,4,0,True
21437,4,4,4,False
21438,4,4,4,False
21439,4,4,4,False
21440,4,4,0,True
21441,4,4,4,False
21442,4,4,4,False
21443,4,4,0,True
21444,4,4,4,False
21445,4,4,0,True
21446,4,4,0,True
21447,4,4,0,True
21448,4,4,4,False
21449,4,4,4,False
21450,4,4,0,True
21451,4,4,4,False
21452,4,4,0,True
21453,4,4,0,True
21454,4,4,0,True
21455,4,4,0,True
21456,4,4,4,False
21457,4,4,4,False
21458,4,4,3,True
21459,4,4,0,True
21460,4,4,0,True
21461,4,4,4,False
21462,4,4,0,True
21463,4,4,0,True
21464,4,4,0,True
21465,4,4,4,False
21466,4,4,0,True
21467,4,4,4,False
21468,4,4,0,True
21469,4,4,0,True
21470,4,4,0,True
21471,4,4,0,True
21472,4,4,0,True
21473,4,4,0,True
21474,4,4,0,True
21475,4,4,0,True
21476,4,4,3,True
21477,4,4,0,True
21478,4,4,4,False
21479,4,4,0,True
21480,4,4,0,True
21481,4,4,4,False
21482,4,4,4,False
21483,4,4,4,False
21484,4,4,0,True
21485,4,4,0,True
21486,4,4,4,False
21487,4,4,4,False
21488,4,4,0,True
21489,4,4,0,True
21490,4,4,4,False
21491,4,4,3,True
21492,4,4,0,True
21493,4,4,4,False
21494,4,4,0,True
21495,4,4,0,True
21496,4,4,4,False
21497,4,4,4,False
21498,4,4,4,False
21499,4,4,0,True
21500,4,4,0,True
21501,4,4,0,True
21502,4,4,0,True
21503,4,4,0,True
21504,4,4,4,False
21505,4,4,4,False
21506,4,4,1,True
21507,4,4,0,True
21508,4,4,0,True
21509,4,4,4,False
21510,4,4,0,True
21511,4,4,0,True
21512,4,4,0,True
21513,4,4,0,True
21514,4,4,4,False
21515,4,4,0,True
21516,4,4,0,True
21517,4,4,0,True
21518,4,4,0,True
21519,4,4,0,True
21520,4,4,0,True
21521,4,4,4,False
21522,4,4,3,True
21523,4,4,0,True
21524,4,4,4,False
21525,4,4,0,True
21526,4,4,4,False
21527,4,4,0,True
21528,4,4,4,False
21529,4,4,4,False
21530,4,4,0,True
21531,4,4,0,True
21532,4,4,0,True
21533,4,4,0,True
21534,4,4,0,True
21535,4,4,4,False
21536,4,4,0,True
21537,4,4,0,True
21538,4,4,0,True
21539,4,4,0,True
21540,4,4,0,True
21541,4,4,4,False
21542,4,4,0,True
21543,4,4,0,True
21544,4,4,0,True
21545,4,4,0,True
21546,4,4,4,False
21547,4,4,0,True
21548,4,4,0,True
21549,4,4,0,True
21550,4,4,0,True
21551,4,4,0,True
21552,4,4,4,False
21553,4,4,4,False
21554,4,4,4,False
21555,4,4,0,True
21556,4,4,0,True
21557,4,4,0,True
21558,4,4,4,False
21559,4,4,4,False
21560,4,4,4,False
21561,4,4,0,True
21562,4,4,4,False
21563,4,4,0,True
21564,4,4,4,False
21565,4,4,0,True
21566,4,4,0,True
21567,4,4,4,False
21568,4,4,0,True
21569,4,4,0,True
21570,4,4,0,True
21571,4,4,0,True
21572,4,4,0,True
21573,4,4,0,True
21574,4,4,0,True
21575,4,4,0,True
21576,4,4,4,False
21577,4,4,0,True
21578,4,4,0,True
21579,4,4,4,False
21580,4,4,0,True
21581,4,4,4,False
21582,4,4,4,False
21583,4,4,4,False
21584,4,4,0,True
21585,4,4,4,False
21586,4,4,4,False
21587,4,4,0,True
21588,4,4,4,False
21589,4,4,0,True
21590,4,4,0,True
21591,4,4,3,True
21592,4,4,0,True
21593,4,4,4,False
21594,4,4,0,True
21595,4,4,0,True
21596,4,4,4,False
21597,4,4,0,True
21598,4,4,4,False
21599,4,4,0,True
21600,4,4,4,False
21601,4,4,4,False
21602,4,4,4,False
21603,4,4,0,True
21604,4,4,4,False
21605,4,4,4,False
21606,4,4,0,True
21607,4,4,4,False
21608,4,4,4,False
21609,4,4,0,True
21610,4,4,0,True
21611,4,4,0,True
21612,4,4,0,True
21613,4,4,0,True
21614,4,4,4,False
21615,4,4,0,True
21616,4,4,4,False
21617,4,4,0,True
21618,4,4,3,True
21619,4,4,0,True
21620,4,4,0,True
21621,4,4,0,True
21622,4,4,0,True
21623,4,4,1,True
21624,4,4,4,False
21625,4,4,0,True
21626,4,4,4,False
21627,4,4,0,True
21628,4,4,0,True
21629,4,4,0,True
21630,4,4,4,False
21631,4,4,0,True
21632,4,4,0,True
21633,4,4,0,True
21634,4,4,0,True
21635,4,4,0,True
21636,4,4,0,True
21637,4,4,1,True
21638,4,4,0,True
21639,4,4,0,True
21640,4,4,4,False
21641,4,4,4,False
21642,4,4,0,True
21643,4,4,4,False
21644,4,4,0,True
21645,4,4,0,True
21646,4,4,0,True
21647,4,4,4,False
21648,4,4,3,True
21649,4,4,4,False
21650,4,4,4,False
21651,4,4,4,False
21652,4,4,0,True
21653,4,4,0,True
21654,4,4,4,False
21655,4,4,4,False
21656,4,4,0,True
21657,4,4,4,False
21658,4,4,0,True
21659,4,4,0,True
21660,4,4,0,True
21661,4,4,0,True
21662,4,4,4,False
21663,4,4,4,False
21664,4,4,0,True
21665,4,4,0,True
21666,4,4,0,True
21667,4,4,4,False
21668,4,4,0,True
21669,4,4,0,True
21670,4,4,0,True
21671,4,4,0,True
21672,4,4,0,True
21673,4,4,0,True
21674,4,4,4,False
21675,4,4,0,True
21676,4,4,4,False
21677,4,4,0,True
21678,4,4,4,False
21679,4,4,4,False
21680,4,4,4,False
21681,4,4,0,True
21682,4,4,0,True
21683,4,4,0,True
21684,4,4,0,True
21685,4,4,4,False
21686,4,4,4,False
21687,4,4,0,True
21688,4,4,4,False
21689,4,4,4,False
21690,4,4,0,True
21691,4,4,4,False
21692,4,4,4,False
21693,4,4,0,True
21694,4,4,0,True
21695,4,4,0,True
21696,4,4,4,False
21697,4,4,4,False
21698,4,4,0,True
21699,4,4,0,True
21700,4,4,0,True
21701,4,4,4,False
21702,4,4,4,False
21703,4,4,0,True
21704,4,4,4,False
21705,4,4,4,False
21706,4,4,4,False
21707,4,4,3,True
21708,4,4,3,True
21709,4,4,0,True
21710,4,4,0,True
21711,4,4,4,False
21712,4,4,0,True
21713,4,4,4,False
21714,4,4,0,True
21715,4,4,0,True
21716,4,4,0,True
21717,4,4,0,True
21718,4,4,4,False
21719,4,4,4,False
21720,4,4,4,False
21721,4,4,0,True
21722,4,4,0,True
21723,4,4,0,True
21724,4,4,4,False
21725,4,4,0,True
21726,4,4,0,True
21727,4,4,0,True
21728,4,4,4,False
21729,4,4,0,True
21730,4,4,0,True
21731,4,4,0,True
21732,4,4,0,True
21733,4,4,0,True
21734,4,4,0,True
21735,4,4,0,True
21736,4,4,0,True
21737,4,4,0,True
21738,4,4,0,True
21739,4,4,0,True
21740,4,4,0,True
21741,4,4,0,True
21742,4,4,4,False
21743,4,4,4,False
21744,4,4,4,False
21745,4,4,0,True
21746,4,4,0,True
21747,4,4,0,True
21748,4,4,0,True
21749,4,4,4,False
21750,4,4,0,True
21751,4,4,0,True
21752,4,4,0,True
21753,4,4,0,True
21754,4,4,4,False
21755,4,4,4,False
21756,4,4,0,True
21757,4,4,4,False
21758,4,4,0,True
21759,4,4,4,False
21760,4,4,4,False
21761,4,4,0,True
21762,4,4,4,False
21763,4,4,0,True
21764,4,4,4,False
21765,4,4,4,False
21766,4,4,4,False
21767,4,4,4,False
21768,4,4,4,False
21769,4,4,0,True
21770,4,4,0,True
21771,4,4,4,False
21772,4,4,0,True
21773,4,4,4,False
21774,4,4,4,False
21775,4,4,0,True
21776,4,4,4,False
21777,4,4,0,True
21778,4,4,4,False
21779,4,4,0,True
21780,4,4,0,True
21781,4,4,4,False
21782,4,4,0,True
21783,4,4,4,False
21784,4,4,0,True
21785,4,4,0,True
21786,4,4,4,False
21787,4,4,0,True
21788,4,4,0,True
21789,4,4,0,True
21790,4,4,0,True
21791,4,4,0,True
21792,4,4,0,True
21793,4,4,0,True
21794,4,4,0,True
21795,4,4,4,False
21796,4,4,0,True
21797,4,4,0,True
21798,4,4,0,True
21799,4,4,0,True
21800,4,4,0,True
21801,4,4,0,True
21802,4,4,0,True
21803,4,4,4,False
21804,4,4,0,True
21805,4,4,4,False
21806,4,4,0,True
21807,4,4,4,False
21808,4,4,4,False
21809,4,4,0,True
21810,4,4,0,True
21811,4,4,4,False
21812,4,4,0,True
21813,4,4,4,False
21814,4,4,0,True
21815,4,4,0,True
21816,4,4,0,True
21817,4,4,0,True
21818,4,4,0,True
21819,4,4,0,True
21820,4,3,3,False
21821,4,4,0,True
21822,4,4,4,False
21823,4,4,0,True
21824,4,4,0,True
21825,4,4,3,True
21826,4,4,0,True
21827,4,4,4,False
21828,4,4,0,True
21829,4,4,4,False
21830,4,4,3,True
21831,4,4,1,True
21832,4,4,0,True
21833,4,4,4,False
21834,4,4,0,True
21835,4,4,0,True
21836,4,4,0,True
21837,4,4,4,False
21838,4,4,0,True
21839,4,4,4,False
21840,4,4,0,True
21841,4,4,4,False
21842,4,4,0,True
21843,4,4,0,True
21844,4,4,0,True
21845,4,4,4,False
21846,4,4,0,True
21847,4,4,0,True
21848,4,4,0,True
21849,4,4,4,False
21850,4,4,4,False
21851,4,4,4,False
21852,4,4,4,False
21853,4,4,0,True
21854,4,4,4,False
21855,4,4,3,True
21856,4,4,0,True
21857,4,4,0,True
21858,4,4,4,False
21859,4,4,4,False
21860,4,4,0,True
21861,4,4,0,True
21862,4,4,0,True
21863,4,4,0,True
21864,4,4,0,True
21865,4,4,0,True
21866,4,4,0,True
21867,4,4,0,True
21868,4,4,4,False
21869,4,4,1,True
21870,4,4,0,True
21871,4,4,0,True
21872,4,4,3,True
21873,4,4,4,False
21874,4,4,0,True
21875,4,4,0,True
21876,4,4,4,False
21877,4,4,0,True
21878,4,4,4,False
21879,4,4,0,True
21880,4,4,0,True
21881,4,4,0,True
21882,4,4,0,True
21883,4,4,0,True
21884,4,4,0,True
21885,4,4,4,False
21886,4,4,0,True
21887,4,4,4,False
21888,4,4,4,False
21889,4,4,0,True
21890,4,4,0,True
21891,4,4,4,False
